,intraclashes_energy_1_wt,intraclashes_energy_2_wt,dg_wt,backbone_hbond_wt,sidechain_hbond_wt,van_der_waals_wt,electrostatics_wt,solvation_polar_wt,solvation_hydrophobic_wt,van_der_waals_clashes_wt,entropy_sidechain_wt,entropy_mainchain_wt,sloop_entropy_wt,mloop_entropy_wt,cis_bond_wt,torsional_clash_wt,backbone_clash_wt,helix_dipole_wt,water_bridge_wt,disulfide_wt,electrostatic_kon_wt,partial_covalent_bonds_wt,energy_ionisation_wt,entropy_complex_wt,number_of_residues,interface_residues_wt,interface_residues_clashing_wt,interface_residues_vdw_clashing_wt,interface_residues_bb_clashing_wt
1JRH.mut.0.E27A_Repair.clean.pdb,45.6912,11.8695,-17.2464,-7.00091,-9.03381,-15.1137,-2.18393,22.0299,-17.5603,1.2591299999999999,6.770919999999999,3.19592,0.0,0.0,0.0,0.803203,2.4940700000000002,0.0,0.0,-4.4408900000000007e-16,-0.499395,0.0,0.0866449,2.384,532.0,35.0,0.0,0.0,0.0
1JRH.mut.1.D28A_Repair.clean.pdb,45.5262,13.0468,-17.7917,-7.0012300000000005,-10.109,-15.3591,-2.9253299999999998,22.5518,-17.774,1.34874,8.09702,2.9907,0.0,0.0,0.0,0.812348,2.4685799999999998,0.0,0.0,-4.4408900000000007e-16,-0.5102949999999999,0.0,0.0866449,2.384,532.0,36.0,0.0,0.0,0.0
1JRH.mut.2.Y30A_Repair.clean.pdb,45.7858,13.2625,-17.3491,-7.00432,-9.18544,-14.9366,-3.70926,22.4505,-17.1465,1.35758,7.66627,2.89363,0.0,0.0,0.0,0.8759370000000001,2.4817099999999996,0.0,0.0,-4.4408900000000007e-16,-0.697634,0.0,0.0866449,2.384,532.0,37.0,0.0,0.0,0.0
1JRH.mut.3.K47A_Repair.clean.pdb,45.5857,12.8052,-17.0882,-6.17876,-8.378219999999999,-14.5074,-3.6548,20.4917,-16.8343,1.0966,7.187289999999999,3.5518,0.0,0.0,0.0,0.771604,2.41223,0.0,0.0,-4.4408900000000007e-16,-0.720394,0.0,0.0866605,2.384,532.0,36.0,0.0,0.0,0.0
1JRH.mut.4.Y32A_Repair.clean.pdb,44.4464,12.8518,-16.5077,-6.850410000000001,-7.141789999999999,-14.1193,-2.2846,19.5184,-16.5022,1.23793,6.49949,2.8814900000000003,0.0,0.0,0.0,0.809517,2.3683099999999997,0.0,0.0,-4.4408900000000007e-16,-0.643939,0.0,0.08777280000000001,2.384,532.0,34.0,0.0,0.0,0.0
1JRH.mut.5.W53A_Repair.clean.pdb,42.8711,13.0125,-16.7628,-6.8496,-8.791319999999999,-14.9309,-3.4063,21.92,-17.1461,1.27637,7.54276,3.39917,0.0,0.0,0.0,0.8844270000000001,2.44121,0.0,0.0,-4.4408900000000007e-16,-0.748961,0.0,0.08763960000000001,2.384,532.0,36.0,0.0,0.0,0.0
1JRH.mut.6.D54A_Repair.clean.pdb,46.2694,12.9773,-18.1415,-6.88197,-8.25512,-14.8098,-2.55383,20.5197,-17.2755,1.1404100000000001,6.8584,2.8329299999999997,0.0,0.0,0.0,0.8717229999999999,2.40427,0.0,0.0,-4.4408900000000007e-16,-0.677692,0.0,0.089269,2.384,532.0,37.0,0.0,0.0,0.0
1JRH.mut.7.D56A_Repair.clean.pdb,45.7985,12.7756,-18.5566,-6.9775100000000005,-8.82115,-15.3246,-3.11424,21.8351,-17.8574,1.25358,7.14084,3.07879,0.0,0.0,0.0,0.813187,2.52257,0.0,0.0,-4.4408900000000007e-16,-0.669042,0.0,0.08588739999999999,2.384,532.0,37.0,0.0,0.0,0.0
1JRH.mut.8.Y99A_Repair.clean.pdb,45.4606,13.1481,-17.0142,-6.42491,-8.410039999999999,-14.3114,-3.65171,21.4773,-16.4851,0.823607,6.562139999999999,3.1833299999999998,0.0,0.0,0.0,0.826716,2.03653,0.0,0.0,-4.4408900000000007e-16,-0.690768,0.0,0.0866449,2.384,532.0,35.0,0.0,0.0,0.0
1JRH.mut.9.N79A_Repair.clean.pdb,45.4043,12.9215,-17.2464,-6.773210000000001,-8.88592,-15.5351,-3.64146,22.7186,-17.9684,1.02756,7.494689999999999,4.05476,0.0,0.0,0.0,0.8694270000000001,2.47293,0.0,0.0,-4.4408900000000007e-16,-0.6955,0.0,0.0882726,2.384,532.0,36.0,0.0,0.0,0.0
1JRH.mut.10.W82A_Repair.clean.pdb,45.5924,12.8864,-16.3114,-6.990889999999999,-9.00506,-14.5392,-3.6895,22.4827,-16.4051,1.32787,7.399260000000001,2.91984,0.0,0.0,0.0,0.798655,2.46786,0.0,0.0,-4.4408900000000007e-16,-0.696646,0.0,0.0866449,2.384,532.0,36.0,0.0,0.0,0.0
1JRH.mut.11.R84A_Repair.clean.pdb,46.1571,11.3657,-17.1928,-7.005719999999999,-8.985,-14.9573,-2.02316,21.8011,-17.4337,1.15021,6.63488,3.15805,0.0,0.0,0.0,0.774827,2.4725599999999996,0.0,0.0,-4.4408900000000007e-16,-0.39361199999999996,0.0,0.0866449,2.384,532.0,34.0,0.0,0.0,0.0
1JRH.mut.12.Y91A_Repair.clean.pdb,45.4594,12.9309,-19.0848,-7.12058,-9.093639999999999,-15.6902,-3.69372,22.6609,-18.2565,1.37904,7.50255,3.06779,0.0,0.0,0.0,0.76822,2.8835900000000003,0.0,0.0,-4.4408900000000007e-16,-0.698253,0.0,0.0896806,2.384,532.0,36.0,0.0,0.0,0.0
1JRH.mut.13.W92A_Repair.clean.pdb,46.3235,12.9758,-15.2416,-6.5145,-7.87096,-13.819,-3.4904599999999997,20.9055,-15.6095,1.10737,7.08977,2.77947,0.0,0.0,0.0,0.773342,2.47428,0.0,0.0,-4.4408900000000007e-16,-0.679383,0.0,0.0866449,2.384,532.0,38.0,0.0,0.0,0.0
1JRH.mut.14.K98A_Repair.clean.pdb,45.3361,12.9078,-17.706,-6.979089999999999,-8.29796,-15.0472,-3.23846,21.9636,-17.3337,1.33501,6.80773,2.7763400000000003,0.0,0.0,0.0,0.813067,2.4859999999999998,0.0,0.0,-4.4408900000000007e-16,-0.5920569999999999,0.0,0.0866449,2.384,532.0,37.0,0.0,0.0,0.0
1JRH.mut.15.W56F_Repair.clean.pdb,45.5121,12.2429,-19.118,-6.99907,-8.38412,-15.3085,-3.4143800000000004,21.743000000000002,-17.9276,1.20904,6.917730000000001,2.7502,0.0,0.0,0.0,0.797599,2.48599,0.0,0.0,-4.4408900000000007e-16,-0.588517,0.0,0.0866449,2.384,532.0,37.0,0.0,0.0,0.0
1VFB.mut.25.H30A_Repair.clean.pdb,12.427999999999999,9.04917,-14.625,-3.71211,-12.074000000000002,-11.8078,-1.44776,18.9736,-12.5787,1.50095,3.9980900000000004,2.3680000000000003,0.0,0.0,0.0,0.08688810000000001,2.00412,-0.0690558,0.0,-3.5527099999999997e-15,0.13681300000000002,0.0,-5.55112e-17,2.384,352.0,34.0,0.0,0.0,0.0
1VFB.mut.27.T30A_Repair.clean.pdb,12.9677,9.1092,-13.5999,-4.14348,-12.3849,-11.8212,-1.40981,19.8843,-12.3886,1.46165,4.04823,2.9725200000000003,0.0,0.0,0.0,0.09036960000000001,2.00889,-0.0690558,0.0,3.5527099999999997e-15,0.141067,0.0,0.0189795,2.384,352.0,35.0,0.0,0.0,0.0
1VFB.mut.29.T53A_Repair.clean.pdb,13.0982,9.13546,-13.105,-4.13665,-11.5522,-11.7614,-1.41531,19.7326,-12.3548,1.4523,3.7789300000000003,2.97402,0.0,0.0,0.0,0.0912815,1.9680099999999998,-0.0690081,0.0,3.5527099999999997e-15,0.136301,0.0,0.0189795,2.384,352.0,34.0,0.0,0.0,0.0
1VFB.mut.31.R99A_Repair.clean.pdb,12.7391,9.15163,-14.552999999999999,-4.16651,-12.8805,-11.5142,-1.22284,19.7719,-12.22,1.53095,4.1955,1.9882900000000001,0.0,0.0,0.0,0.0840934,1.84212,-0.21841100000000002,0.0,3.5527099999999997e-15,0.0796079,0.0,0.0189795,2.384,352.0,33.0,0.0,0.0,0.0
1VFB.mut.33.S93A_Repair.clean.pdb,13.5508,9.12219,-13.6707,-4.13282,-12.4996,-11.8588,-1.3966,19.9315,-12.5338,1.53132,4.12744,2.98294,0.0,0.0,0.0,0.0891655,2.0413799999999998,-0.06740499999999999,0.0,3.5527099999999997e-15,0.136899,0.0,0.0189795,2.384,352.0,35.0,0.0,0.0,0.0
1VFB.mut.34.Y50F_Repair.clean.pdb,12.987,8.76585,-12.5073,-4.82206,-11.9419,-11.775,-1.18476,19.9385,-12.4612,1.5527799999999998,4.8047699999999995,3.19414,0.0,0.0,0.0,0.0867297,1.9037400000000002,-0.06884900000000001,0.0,3.5527099999999997e-15,0.150676,0.0,0.0188577,2.384,352.0,36.0,0.0,0.0,0.0
1VFB.mut.35.Y32F_Repair.clean.pdb,12.9286,9.15249,-14.0256,-5.024769999999999,-13.7481,-11.972000000000001,-1.1883700000000001,20.7268,-12.5701,1.56902,4.8230699999999995,3.19119,0.0,0.0,0.0,0.0858307,2.05077,-0.0688852,0.0,3.5527099999999997e-15,0.13176,0.0,0.0189795,2.384,352.0,35.0,0.0,0.0,0.0
1AHW.mut.36.Y157A_Repair.clean.pdb,108.008,50.8265,-17.7091,-9.11885,-14.9653,-18.433,-3.60914,31.1858,-20.5095,4.13646,9.6019,4.0013,0.0,0.0,-4.4408900000000007e-16,0.873657,3.33069,0.0,0.0,3.5527099999999997e-15,-0.9134459999999999,0.0,0.0410655,2.384,1272.0,50.0,0.0,0.0,0.0
1AHW.mut.37.T167A_Repair.clean.pdb,107.758,51.8494,-17.6667,-9.21759,-14.964,-17.9278,-3.68028,30.6198,-19.8417,3.9739699999999996,9.469560000000001,4.09203,0.0,0.0,-4.4408900000000007e-16,0.751542,3.22143,0.0,0.0,3.5527099999999997e-15,-0.983319,0.0,0.0411082,2.384,1272.0,52.0,0.0,0.0,0.0
1AHW.mut.38.T170A_Repair.clean.pdb,108.072,49.9982,-18.1585,-9.14758,-15.0362,-18.6072,-3.69317,31.2256,-20.8992,4.22121,9.8263,4.08392,0.0,0.0,-4.4408900000000007e-16,0.794554,3.3075900000000003,0.0,0.0,3.5527099999999997e-15,-0.967809,0.0,0.0410655,2.384,1272.0,54.0,0.0,0.0,0.0
1AHW.mut.39.D178A_Repair.clean.pdb,107.965,51.8451,-18.3204,-9.18122,-14.9701,-18.547,-3.88795,31.0921,-20.768,4.20106,10.0741,3.98926,0.0,0.0,-4.4408900000000007e-16,0.8343379999999999,3.32844,0.0,0.0,3.5527099999999997e-15,-1.1981700000000002,0.0,0.0410655,2.384,1272.0,52.0,0.0,0.0,0.0
1AHW.mut.40.T197A_Repair.clean.pdb,108.315,50.6025,-18.3663,-9.18505,-15.0038,-18.4016,-3.5897,30.8608,-20.7035,4.22564,10.0284,3.6095699999999997,0.0,0.0,-4.4408900000000007e-16,0.762387,3.21217,0.0,0.0,3.5527099999999997e-15,-1.01055,0.0,0.0411082,2.384,1272.0,51.0,0.0,0.0,0.0
1AHW.mut.41.V198A_Repair.clean.pdb,108.042,51.9115,-17.323,-9.1617,-15.0204,-18.4272,-3.13827,31.0117,-20.6704,4.2453199999999995,9.39395,4.34475,0.0,0.0,-4.4408900000000007e-16,0.8290879999999999,2.844,0.0,0.0,3.5527099999999997e-15,-0.770896,0.0,0.0410655,2.384,1272.0,52.0,0.0,0.0,0.0
1DVF.mut.49.Y101A_Repair.clean.pdb,30.9295,31.9579,-12.3957,-2.38924,-8.451260000000001,-13.0362,-3.0645599999999997,21.6457,-13.6413,0.460502,3.3707300000000004,3.3376900000000003,0.0,0.0,0.0,0.269367,2.2612200000000002,0.0,0.0,1.77636e-15,-0.945642,0.0,0.0484495,2.384,451.0,43.0,0.0,0.0,0.0
1DVF.mut.59.Q100A_Repair.clean.pdb,31.2599,32.2457,-15.689,-3.48139,-11.2393,-12.9937,-2.89617,20.5824,-13.8363,0.8195969999999999,4.62437,3.33931,0.0,0.0,0.0,0.25519000000000003,2.1711400000000003,0.0,0.0,1.77636e-15,-0.905947,0.0,0.042979199999999995,2.384,451.0,44.0,0.0,0.0,0.0
1DVF.mut.63.N54A_Repair.clean.pdb,31.3422,31.5039,-14.6159,-3.4877800000000003,-8.88172,-13.7378,-3.02659,22.0792,-14.5443,0.681527,3.3451699999999995,3.5698800000000004,0.0,0.0,0.0,0.29619,2.14278,0.0,0.0,1.77636e-15,-0.9608610000000001,0.0,0.05115069999999999,2.384,451.0,44.0,0.0,0.0,0.0
1DVF.mut.64.I97A_Repair.clean.pdb,31.2237,31.5421,-14.2326,-3.33205,-10.1011,-13.5573,-2.90409,22.3325,-13.6948,0.7178760000000001,3.01309,3.92852,0.0,0.0,0.0,0.287488,1.93861,0.0,0.0,1.77636e-15,-0.969975,0.0,0.047284,2.384,451.0,44.0,0.0,0.0,0.0
1DVF.mut.65.Y98A_Repair.clean.pdb,31.3276,32.4098,-11.9552,-3.7126099999999997,-7.73145,-11.8662,-2.3942200000000002,19.7545,-12.0877,0.610355,2.5967,3.5813,0.0,0.0,0.0,0.172052,1.8375599999999999,0.0,0.0,1.77636e-15,-0.925,0.0,0.04703,2.384,451.0,40.0,0.0,0.0,0.0
3HFM.mut.71.W98A_Repair.clean.pdb,146.543,36.0935,-2.23982,-2.77703,-8.214210000000001,-14.8829,-0.318536,23.6675,-15.1332,2.5384700000000002,6.6548300000000005,5.37066,0.0,0.0,0.0,1.3359299999999998,6.573110000000001,0.0,0.0,1.06581e-14,-0.481271,0.0,-4.16334e-17,2.384,558.0,38.0,1.0,0.0,1.0
3HFM.mut.72.W98F_Repair.clean.pdb,146.841,36.0981,-3.54486,-2.84925,-8.34877,-15.7296,-0.213577,24.3433,-16.4598,2.68127,6.75738,5.3388,0.0,0.0,0.0,1.42925,6.649310000000001,0.0,0.0,1.06581e-14,-0.49391,0.0,-4.16334e-17,2.384,558.0,38.0,1.0,0.0,1.0
3HFM.mut.83.S100A_Repair.clean.pdb,144.792,36.3677,-6.17189,-2.3338900000000002,-7.4938899999999995,-13.9336,-0.720595,21.5456,-15.0442,2.6244400000000003,5.88127,2.8985,0.0,0.0,0.0,0.831829,6.37479,0.0,0.0,8.88178e-15,-0.427358,0.0,-4.16334e-17,2.384,558.0,38.0,1.0,0.0,1.0
3HFM.mut.84.D101A_Repair.clean.pdb,146.636,36.473,-6.657430000000001,-2.82543,-9.48948,-14.952,0.173459,22.3959,-15.5159,2.2772099999999997,6.09187,4.25427,0.0,0.0,0.0,1.40909,6.05829,0.0,0.0,8.88178e-15,-0.476466,0.0,4.16334e-17,2.384,558.0,39.0,1.0,0.0,1.0
3HFM.mut.85.D101N_Repair.clean.pdb,147.42600000000002,37.8738,-5.84738,-2.84823,-9.66153,-14.5999,0.174785,22.1872,-14.9128,2.33565,6.26717,4.24749,0.0,0.0,0.0,1.43841,6.043769999999999,0.0,0.0,8.88178e-15,-0.47553999999999996,0.0,-4.16334e-17,2.384,558.0,38.0,1.0,0.0,1.0
3HFM.mut.86.D101Q_Repair.clean.pdb,146.328,38.5367,-5.6532599999999995,-2.82234,-11.1346,-15.4245,0.153356,22.997,-15.864,3.01966,7.52732,4.14387,0.0,0.0,0.0,2.2234700000000003,6.37935,0.0,0.0,8.88178e-15,-0.47251800000000005,0.0,1.38778e-17,2.384,558.0,39.0,1.0,0.0,1.0
3HFM.mut.87.D101R_Repair.clean.pdb,148.222,37.4008,-5.71397,-2.81808,-9.27047,-16.1217,0.354224,23.5795,-16.8478,2.88996,6.8822600000000005,4.45585,0.0,0.0,0.0,1.7642099999999998,6.1586300000000005,0.0,0.0,1.06581e-14,-0.581966,0.0,9.714450000000001e-17,2.384,558.0,39.0,1.0,0.0,1.0
3HFM.mut.88.D101S_Repair.clean.pdb,143.753,36.2624,-5.39354,-3.23763,-10.0288,-14.8611,0.157315,22.6971,-14.9005,2.28903,6.7454,4.7618599999999995,0.0,0.0,0.0,1.46122,6.17556,0.0,0.0,8.88178e-15,-0.47742799999999996,0.0,4.16334e-17,2.384,558.0,38.0,1.0,0.0,1.0
3HFM.mut.89.H15A_Repair.clean.pdb,145.034,37.1535,-3.18768,-2.73184,-9.95256,-15.3641,-0.198537,24.221999999999998,-15.7106,4.35016,6.48635,4.66363,0.0,0.0,0.0,1.51735,5.76209,0.0,0.0,8.88178e-15,-0.46954799999999997,0.0,0.0,2.384,558.0,40.0,1.0,1.0,0.0
3HFM.mut.90.N19D_Repair.clean.pdb,146.82399999999998,33.519,-2.7408799999999998,-2.8522,-7.42514,-15.4332,-0.410447,24.4716,-15.8792,2.11384,5.93405,5.765619999999999,0.0,0.0,0.0,1.45781,6.0748,0.0,0.0,8.88178e-15,-0.48358199999999996,0.0,4.16334e-17,2.384,558.0,38.0,1.0,0.0,1.0
3HFM.mut.91.N19K_Repair.clean.pdb,146.928,33.3217,-2.84223,-2.84437,-8.41756,-15.7067,-0.386517,24.8698,-16.1078,2.58445,6.41035,5.7523599999999995,0.0,0.0,0.0,1.48553,6.20495,0.0,0.0,8.88178e-15,-0.48177,0.0,-4.16334e-17,2.384,558.0,37.0,2.0,0.0,2.0
3HFM.mut.92.N19Q_Repair.clean.pdb,146.928,32.9918,-2.84999,-2.83637,-8.41756,-15.6745,-0.390712,24.8122,-16.075,2.57983,6.40056,5.753830000000001,0.0,0.0,0.0,1.4795200000000002,6.20881,0.0,0.0,8.88178e-15,-0.48177,0.0,-4.16334e-17,2.384,558.0,37.0,2.0,0.0,2.0
3HFM.mut.94.Y20F_Repair.clean.pdb,146.933,36.8535,-2.72218,-2.85545,-7.40791,-15.2464,-0.38369699999999995,23.8478,-15.9031,2.10545,6.00699,6.15728,0.0,0.0,0.0,1.43622,6.187930000000001,0.0,0.0,8.88178e-15,-0.479335,0.0,4.16334e-17,2.384,558.0,39.0,1.0,0.0,1.0
3HFM.mut.95.Y20L_Repair.clean.pdb,143.667,37.8954,-3.62229,-2.75752,-7.52884,-13.9219,-0.726052,21.6531,-15.1026,2.44415,5.65341,6.17807,0.0,0.0,0.0,1.05691,5.95531,0.0,0.0,8.88178e-15,-0.570979,0.0,4.16334e-17,2.384,558.0,38.0,1.0,0.0,1.0
3HFM.mut.97.R21E_Repair.clean.pdb,143.80700000000002,34.4934,-3.05596,-2.46824,-7.6742300000000006,-14.3339,-1.1393,23.6491,-15.0739,2.72404,5.9089,4.57943,0.0,0.0,0.0,1.1248799999999999,6.38946,0.0,0.0,-1.77636e-15,-0.352792,0.0,-4.16334e-17,2.384,558.0,38.0,1.0,0.0,1.0
3HFM.mut.98.R21H_Repair.clean.pdb,145.043,35.8348,-4.784330000000001,-3.0507400000000002,-7.46714,-15.1713,-0.990708,23.5027,-16.2905,2.82729,5.9979,5.1645199999999996,0.0,0.0,0.0,1.03751,6.53744,0.0,0.0,8.88178e-15,-0.419995,0.0,0.07611960000000001,2.384,558.0,38.0,1.0,0.0,1.0
3HFM.mut.99.R21K_Repair.clean.pdb,147.006,36.0673,-2.9022200000000002,-2.9525900000000003,-6.47998,-14.3514,-0.750724,22.7588,-15.3442,2.66634,5.29068,5.53409,0.0,0.0,0.0,1.13732,6.39008,0.0,0.0,8.88178e-15,-0.41054799999999997,0.0,-4.16334e-17,2.384,558.0,38.0,1.0,0.0,1.0
3HFM.mut.100.R21M_Repair.clean.pdb,142.789,34.3498,-4.12068,-3.03666,-5.53699,-13.8735,-0.7980470000000001,21.3581,-15.0289,2.09584,4.80208,5.1196,0.0,0.0,0.0,1.17331,6.16469,0.0,0.0,-1.77636e-15,-0.395586,0.0,-4.16334e-17,2.384,558.0,38.0,1.0,0.0,1.0
3HFM.mut.101.R21N_Repair.clean.pdb,143.74,34.6369,-3.5901199999999998,-2.98342,-5.4656199999999995,-13.8775,-0.808914,21.666,-14.8889,2.2345,4.86811,5.07139,0.0,0.0,0.0,1.00193,6.19908,0.0,0.0,-1.77636e-15,-0.407722,0.0,-4.16334e-17,2.384,558.0,39.0,1.0,0.0,1.0
3HFM.mut.102.R21Q_Repair.clean.pdb,147.049,36.0402,-3.07222,-3.4105300000000005,-5.8905,-14.5694,-0.8769,23.0404,-15.3674,2.16375,5.41941,5.73145,0.0,0.0,0.0,1.08399,6.32905,0.0,0.0,8.88178e-15,-0.396488,0.0,4.16334e-17,2.384,558.0,39.0,1.0,0.0,1.0
3HFM.mut.103.R21W_Repair.clean.pdb,147.22299999999998,35.8021,-6.189,-2.9355599999999997,-6.54248,-15.7131,-0.8838290000000001,23.1222,-17.3595,2.73335,5.5396,4.9964,0.0,0.0,0.0,1.25617,6.49937,0.0,0.0,8.88178e-15,-0.402289,0.0,1.38778e-17,2.384,558.0,38.0,1.0,0.0,1.0
3HFM.mut.104.W63A_Repair.clean.pdb,146.876,35.7597,-1.49261,-2.80893,-8.007710000000001,-14.6904,-0.406056,23.4573,-14.9513,3.15329,6.3297099999999995,5.65955,0.0,0.0,0.0,1.3646,6.4381,0.0,0.0,7.10543e-15,-0.592704,0.0,6.938889999999999e-17,2.384,558.0,38.0,1.0,0.0,1.0
3HFM.mut.105.R73A_Repair.clean.pdb,145.493,34.5456,-3.56506,-2.8405400000000003,-7.40385,-15.5097,-0.16886900000000002,23.7838,-16.2908,2.62803,5.973269999999999,5.34394,0.0,0.0,0.0,1.35439,6.33397,0.0,0.0,8.88178e-15,-0.434738,0.0,1.38778e-17,2.384,558.0,38.0,1.0,0.0,1.0
3HFM.mut.106.L75A_Repair.clean.pdb,147.952,36.5861,-1.37763,-2.83582,-8.82284,-14.5956,-0.299719,23.8017,-14.2307,2.99201,6.382680000000001,5.40026,0.0,0.0,0.0,1.33166,5.7527099999999995,0.0,0.0,8.88178e-15,-0.501225,0.0,-9.714450000000001e-17,2.384,558.0,40.0,1.0,0.0,1.0
3HFM.mut.107.T89A_Repair.clean.pdb,147.036,36.6296,-2.5264599999999997,-2.8056900000000002,-8.40276,-15.4381,-0.37569400000000003,24.6507,-15.6594,2.66591,6.40013,5.37141,0.0,0.0,0.0,1.54548,6.503819999999999,0.0,0.0,8.88178e-15,-0.47850699999999996,0.0,1.38778e-17,2.384,558.0,38.0,1.0,0.0,1.0
3HFM.mut.108.N93A_Repair.clean.pdb,145.545,36.3578,-2.26185,-2.79222,-5.36525,-14.7362,-0.40627399999999997,23.2518,-15.4715,2.10175,4.75269,5.41566,0.0,0.0,0.0,1.46291,6.40121,0.0,0.0,8.88178e-15,-0.475325,0.0,4.16334e-17,2.384,558.0,38.0,1.0,0.0,1.0
3HFM.mut.109.K96R_Repair.clean.pdb,147.566,38.5982,-2.7385,-2.54861,-5.74759,-15.3069,-0.483333,23.2821,-15.3467,2.45931,5.2367099999999995,4.2077599999999995,0.0,0.0,0.0,2.04494,6.03181,0.141039,0.0,8.88178e-15,-0.6773239999999999,0.0,-5.55112e-17,2.384,558.0,40.0,1.0,0.0,1.0
3HFM.mut.112.K97R_Repair.clean.pdb,145.309,35.7973,-4.63704,-2.91057,-8.43155,-16.1398,-0.774796,25.099,-16.3342,2.54575,6.658930000000001,4.802980000000001,0.0,0.0,0.0,1.6359299999999999,6.6153,0.0,0.0,8.88178e-15,-0.7887069999999999,0.0,-1.11022e-16,2.384,558.0,40.0,2.0,0.0,2.0
3HFM.mut.113.I98A_Repair.clean.pdb,146.85,38.3068,-2.5873,-2.56797,-7.13802,-15.4955,-0.311357,24.2521,-16.0239,2.24666,5.960030000000001,5.53633,0.0,0.0,0.0,1.43084,6.21066,0.0,0.0,8.88178e-15,-0.47653199999999996,0.0,-4.16334e-17,2.384,558.0,39.0,1.0,0.0,1.0
