codes,index_x,intraclashes_energy_1_change,intraclashes_energy_2_change,dg_change,backbone_hbond_change,sidechain_hbond_change,van_der_waals_change,electrostatics_change,solvation_polar_change,solvation_hydrophobic_change,van_der_waals_clashes_change,entropy_sidechain_change,entropy_mainchain_change,sloop_entropy_change,mloop_entropy_change,cis_bond_change,torsional_clash_change,backbone_clash_change,helix_dipole_change,water_bridge_change,disulfide_change,electrostatic_kon_change,partial_covalent_bonds_change,energy_ionisation_change,entropy_complex_change,number_of_residues_x,interface_residues_change,interface_residues_clashing_change,interface_residues_vdw_clashing_change,interface_residues_bb_clashing_change,index_y,intraclashes_energy_1_wt,intraclashes_energy_2_wt,dg_wt,backbone_hbond_wt,sidechain_hbond_wt,van_der_waals_wt,electrostatics_wt,solvation_polar_wt,solvation_hydrophobic_wt,van_der_waals_clashes_wt,entropy_sidechain_wt,entropy_mainchain_wt,sloop_entropy_wt,mloop_entropy_wt,cis_bond_wt,torsional_clash_wt,backbone_clash_wt,helix_dipole_wt,water_bridge_wt,disulfide_wt,electrostatic_kon_wt,partial_covalent_bonds_wt,energy_ionisation_wt,entropy_complex_wt,number_of_residues_y,interface_residues_wt,interface_residues_clashing_wt,interface_residues_vdw_clashing_wt,interface_residues_bb_clashing_wt
1JRH,1JRH.mut.0.E27A_Repair.clean.pdb,0.13530000000000086,-1.119299999999999,1.2261999999999986,0.00040999999999957737,-0.05414999999999992,0.29879999999999995,1.49824,-0.5784999999999982,0.2593999999999994,-0.0817699999999999,-0.5681000000000012,0.27181999999999995,0.0,0.0,0.0,-0.01883200000000007,-0.00024000000000024002,0.0,0.0,0.0,0.19885900000000006,0.0,0.0,0.0,532.0,-1.0,0.0,0.0,0.0,1JRH_Repair.pdb,45.5559,12.9888,-18.4726,-7.00132,-8.97966,-15.4125,-3.68217,22.6084,-17.8197,1.3409,7.33902,2.9241,0.0,0.0,0.0,0.8220350000000001,2.49431,0.0,0.0,-4.4408900000000007e-16,-0.698254,0.0,0.0866449,2.384,532.0,36.0,0.0,0.0,0.0
1JRH,1JRH.mut.1.D28A_Repair.clean.pdb,-0.029699999999998283,0.05799999999999983,0.6809000000000012,8.999999999925734e-05,-1.1293399999999991,0.05339999999999989,0.75684,-0.05659999999999954,0.045700000000000074,0.00784000000000007,0.7580000000000009,0.06659999999999977,0.0,0.0,0.0,-0.009687000000000112,-0.02572999999999981,0.0,0.0,0.0,0.1879590000000001,0.0,0.0,0.0,532.0,0.0,0.0,0.0,0.0,1JRH_Repair.pdb,45.5559,12.9888,-18.4726,-7.00132,-8.97966,-15.4125,-3.68217,22.6084,-17.8197,1.3409,7.33902,2.9241,0.0,0.0,0.0,0.8220350000000001,2.49431,0.0,0.0,-4.4408900000000007e-16,-0.698254,0.0,0.0866449,2.384,532.0,36.0,0.0,0.0,0.0
1JRH,1JRH.mut.2.Y30A_Repair.clean.pdb,0.22990000000000066,0.27369999999999983,1.1235,-0.0030000000000001137,-0.20577999999999896,0.4758999999999993,-0.027089999999999836,-0.15789999999999793,0.6732000000000014,0.016680000000000028,0.32725000000000026,-0.03047000000000022,0.0,0.0,0.0,0.053902000000000005,-0.012599999999999945,0.0,0.0,0.0,0.0006200000000000649,0.0,0.0,0.0,532.0,1.0,0.0,0.0,0.0,1JRH_Repair.pdb,45.5559,12.9888,-18.4726,-7.00132,-8.97966,-15.4125,-3.68217,22.6084,-17.8197,1.3409,7.33902,2.9241,0.0,0.0,0.0,0.8220350000000001,2.49431,0.0,0.0,-4.4408900000000007e-16,-0.698254,0.0,0.0866449,2.384,532.0,36.0,0.0,0.0,0.0
1JRH,1JRH.mut.3.K47A_Repair.clean.pdb,0.029800000000001603,-0.1836000000000002,1.3843999999999994,0.8225600000000002,0.601440000000002,0.9050999999999991,0.02737000000000034,-2.116699999999998,0.985400000000002,-0.24429999999999996,-0.1517300000000006,0.6276999999999999,0.0,0.0,0.0,-0.050431000000000115,-0.08207999999999993,0.0,0.0,0.0,-0.022139999999999938,0.0,1.56000000000045e-05,0.0,532.0,0.0,0.0,0.0,0.0,1JRH_Repair.pdb,45.5559,12.9888,-18.4726,-7.00132,-8.97966,-15.4125,-3.68217,22.6084,-17.8197,1.3409,7.33902,2.9241,0.0,0.0,0.0,0.8220350000000001,2.49431,0.0,0.0,-4.4408900000000007e-16,-0.698254,0.0,0.0866449,2.384,532.0,36.0,0.0,0.0,0.0
1JRH,1JRH.mut.4.Y32A_Repair.clean.pdb,-1.1095000000000041,-0.13699999999999868,1.9649,0.15090999999999877,1.8378700000000023,1.2931999999999988,1.39757,-3.09,1.3175000000000026,-0.10297,-0.8395299999999999,-0.042609999999999815,0.0,0.0,0.0,-0.012518000000000029,-0.1259999999999999,0.0,0.0,0.0,0.054315,0.0,0.001127900000000015,0.0,532.0,-2.0,0.0,0.0,0.0,1JRH_Repair.pdb,45.5559,12.9888,-18.4726,-7.00132,-8.97966,-15.4125,-3.68217,22.6084,-17.8197,1.3409,7.33902,2.9241,0.0,0.0,0.0,0.8220350000000001,2.49431,0.0,0.0,-4.4408900000000007e-16,-0.698254,0.0,0.0866449,2.384,532.0,36.0,0.0,0.0,0.0
1JRH,1JRH.mut.5.W53A_Repair.clean.pdb,-2.6848000000000027,0.023699999999999832,1.7098000000000013,0.15172000000000008,0.18834000000000195,0.48160000000000025,0.2758700000000003,-0.6883999999999979,0.6736000000000004,-0.06452999999999998,0.2037400000000007,0.47506999999999966,0.0,0.0,0.0,0.062392,-0.05310000000000015,0.0,0.0,0.0,-0.05070699999999995,0.0,0.000994700000000015,0.0,532.0,0.0,0.0,0.0,0.0,1JRH_Repair.pdb,45.5559,12.9888,-18.4726,-7.00132,-8.97966,-15.4125,-3.68217,22.6084,-17.8197,1.3409,7.33902,2.9241,0.0,0.0,0.0,0.8220350000000001,2.49431,0.0,0.0,-4.4408900000000007e-16,-0.698254,0.0,0.0866449,2.384,532.0,36.0,0.0,0.0,0.0
1JRH,1JRH.mut.6.D54A_Repair.clean.pdb,0.7134999999999962,-0.011499999999999844,0.3310999999999993,0.11934999999999985,0.7245400000000011,0.6027000000000005,1.1283400000000001,-2.0886999999999993,0.5442,-0.20049000000000006,-0.48062000000000005,-0.09116999999999997,0.0,0.0,0.0,0.04968799999999984,-0.09004000000000012,0.0,0.0,0.0,0.02056200000000008,0.0,0.002624100000000004,0.0,532.0,1.0,0.0,0.0,0.0,1JRH_Repair.pdb,45.5559,12.9888,-18.4726,-7.00132,-8.97966,-15.4125,-3.68217,22.6084,-17.8197,1.3409,7.33902,2.9241,0.0,0.0,0.0,0.8220350000000001,2.49431,0.0,0.0,-4.4408900000000007e-16,-0.698254,0.0,0.0866449,2.384,532.0,36.0,0.0,0.0,0.0
1JRH,1JRH.mut.7.D56A_Repair.clean.pdb,0.24259999999999593,-0.21319999999999872,-0.08399999999999963,0.02380999999999922,0.15851000000000148,0.08789999999999942,0.56793,-0.773299999999999,-0.0376999999999974,-0.08732000000000006,-0.1981799999999998,0.15469,0.0,0.0,0.0,-0.008848000000000078,0.028259999999999952,0.0,0.0,0.0,0.029212000000000016,0.0,-0.0007575000000000082,0.0,532.0,1.0,0.0,0.0,0.0,1JRH_Repair.pdb,45.5559,12.9888,-18.4726,-7.00132,-8.97966,-15.4125,-3.68217,22.6084,-17.8197,1.3409,7.33902,2.9241,0.0,0.0,0.0,0.8220350000000001,2.49431,0.0,0.0,-4.4408900000000007e-16,-0.698254,0.0,0.0866449,2.384,532.0,36.0,0.0,0.0,0.0
1JRH,1JRH.mut.8.Y99A_Repair.clean.pdb,-0.09530000000000172,0.1593,1.458400000000001,0.5764100000000001,0.5696200000000022,1.1010999999999989,0.030460000000000154,-1.1311,1.3346000000000018,-0.517293,-0.7768800000000011,0.25923000000000007,0.0,0.0,0.0,0.004680999999999935,-0.4577800000000001,0.0,0.0,0.0,0.007485999999999993,0.0,0.0,0.0,532.0,-1.0,0.0,0.0,0.0,1JRH_Repair.pdb,45.5559,12.9888,-18.4726,-7.00132,-8.97966,-15.4125,-3.68217,22.6084,-17.8197,1.3409,7.33902,2.9241,0.0,0.0,0.0,0.8220350000000001,2.49431,0.0,0.0,-4.4408900000000007e-16,-0.698254,0.0,0.0866449,2.384,532.0,36.0,0.0,0.0,0.0
1JRH,1JRH.mut.9.N79A_Repair.clean.pdb,-0.15160000000000196,-0.06729999999999947,1.2261999999999986,0.22810999999999826,0.09374000000000038,-0.12260000000000026,0.040710000000000246,0.11019999999999897,-0.14869999999999806,-0.31333999999999995,0.15566999999999886,1.1306599999999998,0.0,0.0,0.0,0.04739199999999999,-0.021380000000000177,0.0,0.0,0.0,0.002754000000000034,0.0,0.0016277000000000097,0.0,532.0,0.0,0.0,0.0,0.0,1JRH_Repair.pdb,45.5559,12.9888,-18.4726,-7.00132,-8.97966,-15.4125,-3.68217,22.6084,-17.8197,1.3409,7.33902,2.9241,0.0,0.0,0.0,0.8220350000000001,2.49431,0.0,0.0,-4.4408900000000007e-16,-0.698254,0.0,0.0866449,2.384,532.0,36.0,0.0,0.0,0.0
1JRH,1JRH.mut.10.W82A_Repair.clean.pdb,0.036499999999996646,-0.10239999999999938,2.161200000000001,0.010430000000001272,-0.025399999999999423,0.8733000000000004,-0.007329999999999615,-0.12569999999999837,1.4146,-0.013029999999999875,0.06024000000000118,-0.0042599999999999305,0.0,0.0,0.0,-0.023380000000000067,-0.026450000000000085,0.0,0.0,0.0,0.0016080000000000538,0.0,0.0,0.0,532.0,0.0,0.0,0.0,0.0,1JRH_Repair.pdb,45.5559,12.9888,-18.4726,-7.00132,-8.97966,-15.4125,-3.68217,22.6084,-17.8197,1.3409,7.33902,2.9241,0.0,0.0,0.0,0.8220350000000001,2.49431,0.0,0.0,-4.4408900000000007e-16,-0.698254,0.0,0.0866449,2.384,532.0,36.0,0.0,0.0,0.0
1JRH,1JRH.mut.11.R84A_Repair.clean.pdb,0.6011999999999986,-1.623099999999999,1.2798000000000016,-0.004399999999998627,-0.005339999999998568,0.4551999999999996,1.6590100000000003,-0.8072999999999979,0.38599999999999923,-0.19069000000000003,-0.7041399999999998,0.23394999999999966,0.0,0.0,0.0,-0.04720800000000003,-0.021749999999999936,0.0,0.0,0.0,0.304642,0.0,0.0,0.0,532.0,-2.0,0.0,0.0,0.0,1JRH_Repair.pdb,45.5559,12.9888,-18.4726,-7.00132,-8.97966,-15.4125,-3.68217,22.6084,-17.8197,1.3409,7.33902,2.9241,0.0,0.0,0.0,0.8220350000000001,2.49431,0.0,0.0,-4.4408900000000007e-16,-0.698254,0.0,0.0866449,2.384,532.0,36.0,0.0,0.0,0.0
1JRH,1JRH.mut.12.Y91A_Repair.clean.pdb,-0.09649999999999892,-0.05790000000000006,-0.6122000000000014,-0.11926000000000059,-0.11397999999999975,-0.27770000000000117,-0.011549999999999727,0.05250000000000199,-0.4367999999999981,0.03814000000000006,0.16353000000000062,0.14368999999999987,0.0,0.0,0.0,-0.05381500000000006,0.3892800000000003,0.0,0.0,0.0,1.0000000000287557e-06,0.0,0.0030357000000000023,0.0,532.0,0.0,0.0,0.0,0.0,1JRH_Repair.pdb,45.5559,12.9888,-18.4726,-7.00132,-8.97966,-15.4125,-3.68217,22.6084,-17.8197,1.3409,7.33902,2.9241,0.0,0.0,0.0,0.8220350000000001,2.49431,0.0,0.0,-4.4408900000000007e-16,-0.698254,0.0,0.0866449,2.384,532.0,36.0,0.0,0.0,0.0
1JRH,1JRH.mut.13.W92A_Repair.clean.pdb,0.7676000000000016,-0.0129999999999999,3.231,0.4868199999999998,1.1087000000000007,1.5934999999999988,0.19171000000000005,-1.7028999999999996,2.2102000000000004,-0.23353000000000002,-0.24924999999999997,-0.14463000000000026,0.0,0.0,0.0,-0.0486930000000001,-0.020030000000000214,0.0,0.0,0.0,0.018871000000000082,0.0,0.0,0.0,532.0,2.0,0.0,0.0,0.0,1JRH_Repair.pdb,45.5559,12.9888,-18.4726,-7.00132,-8.97966,-15.4125,-3.68217,22.6084,-17.8197,1.3409,7.33902,2.9241,0.0,0.0,0.0,0.8220350000000001,2.49431,0.0,0.0,-4.4408900000000007e-16,-0.698254,0.0,0.0866449,2.384,532.0,36.0,0.0,0.0,0.0
1JRH,1JRH.mut.14.K98A_Repair.clean.pdb,-0.21979999999999933,-0.08099999999999952,0.7666000000000004,0.022230000000001304,0.6817000000000011,0.3652999999999995,0.44371000000000027,-0.6448,0.48600000000000065,-0.005889999999999951,-0.5312899999999994,-0.1477599999999999,0.0,0.0,0.0,-0.008968000000000087,-0.008309999999999818,0.0,0.0,0.0,0.1061970000000001,0.0,0.0,0.0,532.0,1.0,0.0,0.0,0.0,1JRH_Repair.pdb,45.5559,12.9888,-18.4726,-7.00132,-8.97966,-15.4125,-3.68217,22.6084,-17.8197,1.3409,7.33902,2.9241,0.0,0.0,0.0,0.8220350000000001,2.49431,0.0,0.0,-4.4408900000000007e-16,-0.698254,0.0,0.0866449,2.384,532.0,36.0,0.0,0.0,0.0
1JRH,1JRH.mut.15.W56F_Repair.clean.pdb,-0.0438000000000045,-0.7458999999999989,-0.6453999999999986,0.0022500000000000853,0.5955400000000015,0.1039999999999992,0.26778999999999975,-0.8654000000000011,-0.10790000000000077,-0.1318600000000001,-0.42128999999999817,-0.17390000000000017,0.0,0.0,0.0,-0.024436000000000124,-0.008319999999999883,0.0,0.0,0.0,0.10973700000000008,0.0,0.0,0.0,532.0,1.0,0.0,0.0,0.0,1JRH_Repair.pdb,45.5559,12.9888,-18.4726,-7.00132,-8.97966,-15.4125,-3.68217,22.6084,-17.8197,1.3409,7.33902,2.9241,0.0,0.0,0.0,0.8220350000000001,2.49431,0.0,0.0,-4.4408900000000007e-16,-0.698254,0.0,0.0866449,2.384,532.0,36.0,0.0,0.0,0.0
1VFB,1VFB.mut.25.H30A_Repair.clean.pdb,-0.5477999999999987,-0.07513999999999932,-1.0480999999999998,0.42454000000000036,0.41839999999999833,0.0602999999999998,-0.04364999999999997,-1.0264999999999986,-0.1487999999999996,0.03465999999999991,-0.12484000000000028,-0.61754,0.0,0.0,0.0,-0.006096499999999991,-0.01648000000000005,0.0,0.0,-7.1054199999999994e-15,0.00023200000000000998,0.0,-0.018979500000000055,0.0,352.0,-1.0,0.0,0.0,0.0,1VFB_Repair.pdb,12.9758,9.12431,-13.5769,-4.13665,-12.4924,-11.8681,-1.40411,20.0001,-12.4299,1.46629,4.12293,2.9855400000000003,0.0,0.0,0.0,0.0929846,2.0206,-0.0690558,0.0,3.5527099999999997e-15,0.136581,0.0,0.0189795,2.384,352.0,35.0,0.0,0.0,0.0
1VFB,1VFB.mut.27.T30A_Repair.clean.pdb,-0.008099999999998886,-0.015109999999999957,-0.022999999999999687,-0.006829999999999892,0.10749999999999993,0.04690000000000083,-0.005700000000000038,-0.11580000000000013,0.04129999999999967,-0.0046400000000001995,-0.07469999999999999,-0.013020000000000032,0.0,0.0,0.0,-0.002615000000000006,-0.011709999999999887,0.0,0.0,0.0,0.00448599999999999,0.0,0.0,0.0,352.0,0.0,0.0,0.0,0.0,1VFB_Repair.pdb,12.9758,9.12431,-13.5769,-4.13665,-12.4924,-11.8681,-1.40411,20.0001,-12.4299,1.46629,4.12293,2.9855400000000003,0.0,0.0,0.0,0.0929846,2.0206,-0.0690558,0.0,3.5527099999999997e-15,0.136581,0.0,0.0189795,2.384,352.0,35.0,0.0,0.0,0.0
1VFB,1VFB.mut.29.T53A_Repair.clean.pdb,0.12240000000000073,0.01115000000000066,0.47189999999999976,0.0,0.9402000000000008,0.10670000000000002,-0.011200000000000099,-0.2674999999999983,0.07510000000000083,-0.013990000000000169,-0.3440000000000003,-0.011520000000000419,0.0,0.0,0.0,-0.001703099999999999,-0.052589999999999915,4.7699999999997744e-05,0.0,0.0,-0.00028000000000000247,0.0,0.0,0.0,352.0,-1.0,0.0,0.0,0.0,1VFB_Repair.pdb,12.9758,9.12431,-13.5769,-4.13665,-12.4924,-11.8681,-1.40411,20.0001,-12.4299,1.46629,4.12293,2.9855400000000003,0.0,0.0,0.0,0.0929846,2.0206,-0.0690558,0.0,3.5527099999999997e-15,0.136581,0.0,0.0189795,2.384,352.0,35.0,0.0,0.0,0.0
1VFB,1VFB.mut.31.R99A_Repair.clean.pdb,-0.23669999999999902,0.027320000000001343,-0.9761000000000006,-0.02985999999999933,-0.38809999999999967,0.35389999999999944,0.18127000000000004,-0.22820000000000107,0.2098999999999993,0.06465999999999994,0.0725699999999998,-0.9972500000000004,0.0,0.0,0.0,-0.008891200000000002,-0.17847999999999997,-0.1493552,0.0,0.0,-0.05697310000000001,0.0,0.0,0.0,352.0,-2.0,0.0,0.0,0.0,1VFB_Repair.pdb,12.9758,9.12431,-13.5769,-4.13665,-12.4924,-11.8681,-1.40411,20.0001,-12.4299,1.46629,4.12293,2.9855400000000003,0.0,0.0,0.0,0.0929846,2.0206,-0.0690558,0.0,3.5527099999999997e-15,0.136581,0.0,0.0189795,2.384,352.0,35.0,0.0,0.0,0.0
1VFB,1VFB.mut.33.S93A_Repair.clean.pdb,0.5750000000000011,-0.0021199999999996777,-0.09379999999999988,0.003830000000000666,-0.007199999999999207,0.009299999999999642,0.007509999999999906,-0.0686,-0.10389999999999944,0.06502999999999992,0.004509999999999792,-0.0026000000000001577,0.0,0.0,0.0,-0.003819100000000006,0.020780000000000243,0.0016508000000000078,0.0,0.0,0.00031799999999998496,0.0,0.0,0.0,352.0,0.0,0.0,0.0,0.0,1VFB_Repair.pdb,12.9758,9.12431,-13.5769,-4.13665,-12.4924,-11.8681,-1.40411,20.0001,-12.4299,1.46629,4.12293,2.9855400000000003,0.0,0.0,0.0,0.0929846,2.0206,-0.0690558,0.0,3.5527099999999997e-15,0.136581,0.0,0.0189795,2.384,352.0,35.0,0.0,0.0,0.0
1VFB,1VFB.mut.34.Y50F_Repair.clean.pdb,0.011200000000000543,-0.3584599999999991,1.0695999999999994,-0.6854099999999992,0.5504999999999995,0.09309999999999974,0.21934999999999993,-0.061599999999998545,-0.031299999999999883,0.08648999999999973,0.6818400000000002,0.20859999999999967,0.0,0.0,0.0,-0.006254899999999994,-0.11685999999999996,0.0002067999999999931,0.0,0.0,0.014094999999999996,0.0,-0.0001217999999999983,0.0,352.0,1.0,0.0,0.0,0.0,1VFB_Repair.pdb,12.9758,9.12431,-13.5769,-4.13665,-12.4924,-11.8681,-1.40411,20.0001,-12.4299,1.46629,4.12293,2.9855400000000003,0.0,0.0,0.0,0.0929846,2.0206,-0.0690558,0.0,3.5527099999999997e-15,0.136581,0.0,0.0189795,2.384,352.0,35.0,0.0,0.0,0.0
1VFB,1VFB.mut.35.Y32F_Repair.clean.pdb,-0.04720000000000013,0.02818000000000076,-0.44870000000000054,-0.888119999999998,-1.255700000000001,-0.10389999999999944,0.21574000000000004,0.726700000000001,-0.1402000000000001,0.10272999999999999,0.7001400000000002,0.2056499999999999,0.0,0.0,0.0,-0.007153900000000005,0.03017000000000003,0.00017060000000000686,0.0,0.0,-0.00482100000000002,0.0,0.0,0.0,352.0,0.0,0.0,0.0,0.0,1VFB_Repair.pdb,12.9758,9.12431,-13.5769,-4.13665,-12.4924,-11.8681,-1.40411,20.0001,-12.4299,1.46629,4.12293,2.9855400000000003,0.0,0.0,0.0,0.0929846,2.0206,-0.0690558,0.0,3.5527099999999997e-15,0.136581,0.0,0.0189795,2.384,352.0,35.0,0.0,0.0,0.0
1AHW,1AHW.mut.36.Y157A_Repair.clean.pdb,-0.043000000000006366,-1.1394999999999982,0.23320000000000007,0.05585999999999913,0.0,0.1468999999999987,0.07755000000000001,-0.1311,0.2637999999999998,-0.05985000000000085,-0.1757799999999996,-0.03747000000000078,0.0,0.0,0.0,0.035700000000000065,-0.005390000000000228,0.0,0.0,0.0,0.05759000000000003,0.0,0.0,0.0,1272.0,-3.0,0.0,0.0,0.0,1AHW_Repair.pdb,108.051,51.966,-17.9423,-9.17471,-14.9653,-18.5799,-3.68669,31.3169,-20.7733,4.19631,9.77768,4.03877,0.0,0.0,-4.4408900000000007e-16,0.837957,3.3360800000000004,0.0,0.0,3.5527099999999997e-15,-0.971036,0.0,0.0410655,2.384,1272.0,53.0,0.0,0.0,0.0
1AHW,1AHW.mut.37.T167A_Repair.clean.pdb,-0.29300000000000637,-0.11659999999999826,0.27560000000000073,-0.04288000000000025,0.0012999999999987466,0.6520999999999972,0.006409999999999805,-0.6970999999999989,0.9315999999999995,-0.22234000000000043,-0.3081200000000006,0.05325999999999986,0.0,0.0,0.0,-0.08641499999999991,-0.11465000000000058,0.0,0.0,0.0,-0.012283000000000044,0.0,4.269999999999968e-05,0.0,1272.0,-1.0,0.0,0.0,0.0,1AHW_Repair.pdb,108.051,51.966,-17.9423,-9.17471,-14.9653,-18.5799,-3.68669,31.3169,-20.7733,4.19631,9.77768,4.03877,0.0,0.0,-4.4408900000000007e-16,0.837957,3.3360800000000004,0.0,0.0,3.5527099999999997e-15,-0.971036,0.0,0.0410655,2.384,1272.0,53.0,0.0,0.0,0.0
1AHW,1AHW.mut.38.T170A_Repair.clean.pdb,0.021000000000000796,-1.967800000000004,-0.21620000000000061,0.027129999999999654,-0.07089999999999996,-0.027300000000000324,-0.006479999999999819,-0.09130000000000038,-0.12590000000000146,0.0248999999999997,0.048619999999999663,0.04514999999999958,0.0,0.0,0.0,-0.04340299999999997,-0.028490000000000126,0.0,0.0,0.0,0.00322699999999998,0.0,0.0,0.0,1272.0,1.0,0.0,0.0,0.0,1AHW_Repair.pdb,108.051,51.966,-17.9423,-9.17471,-14.9653,-18.5799,-3.68669,31.3169,-20.7733,4.19631,9.77768,4.03877,0.0,0.0,-4.4408900000000007e-16,0.837957,3.3360800000000004,0.0,0.0,3.5527099999999997e-15,-0.971036,0.0,0.0410655,2.384,1272.0,53.0,0.0,0.0,0.0
1AHW,1AHW.mut.39.D178A_Repair.clean.pdb,-0.08599999999999852,-0.1208999999999989,-0.3780999999999999,-0.00651000000000046,-0.004800000000001248,0.03289999999999793,-0.20126,-0.2248000000000019,0.005299999999998306,0.004749999999999588,0.29641999999999946,-0.04951000000000061,0.0,0.0,0.0,-0.003619000000000039,-0.007640000000000313,0.0,0.0,0.0,-0.22713400000000017,0.0,0.0,0.0,1272.0,-1.0,0.0,0.0,0.0,1AHW_Repair.pdb,108.051,51.966,-17.9423,-9.17471,-14.9653,-18.5799,-3.68669,31.3169,-20.7733,4.19631,9.77768,4.03877,0.0,0.0,-4.4408900000000007e-16,0.837957,3.3360800000000004,0.0,0.0,3.5527099999999997e-15,-0.971036,0.0,0.0410655,2.384,1272.0,53.0,0.0,0.0,0.0
1AHW,1AHW.mut.40.T197A_Repair.clean.pdb,0.2639999999999958,-1.363500000000002,-0.4239999999999995,-0.010340000000001126,-0.03850000000000087,0.17830000000000013,0.09698999999999991,-0.4560999999999993,0.06980000000000075,0.029329999999999856,0.2507199999999994,-0.42920000000000025,0.0,0.0,0.0,-0.07556999999999992,-0.12391000000000041,0.0,0.0,0.0,-0.03951400000000005,0.0,4.269999999999968e-05,0.0,1272.0,-2.0,0.0,0.0,0.0,1AHW_Repair.pdb,108.051,51.966,-17.9423,-9.17471,-14.9653,-18.5799,-3.68669,31.3169,-20.7733,4.19631,9.77768,4.03877,0.0,0.0,-4.4408900000000007e-16,0.837957,3.3360800000000004,0.0,0.0,3.5527099999999997e-15,-0.971036,0.0,0.0410655,2.384,1272.0,53.0,0.0,0.0,0.0
1AHW,1AHW.mut.41.V198A_Repair.clean.pdb,-0.009000000000000341,-0.054500000000004434,0.6192999999999991,0.013009999999999522,-0.05510000000000126,0.1526999999999994,0.5484200000000001,-0.30519999999999925,0.10289999999999822,0.04901,-0.3837299999999999,0.3059799999999999,0.0,0.0,0.0,-0.008869000000000016,-0.4920800000000005,0.0,0.0,0.0,0.20013999999999998,0.0,0.0,0.0,1272.0,-1.0,0.0,0.0,0.0,1AHW_Repair.pdb,108.051,51.966,-17.9423,-9.17471,-14.9653,-18.5799,-3.68669,31.3169,-20.7733,4.19631,9.77768,4.03877,0.0,0.0,-4.4408900000000007e-16,0.837957,3.3360800000000004,0.0,0.0,3.5527099999999997e-15,-0.971036,0.0,0.0410655,2.384,1272.0,53.0,0.0,0.0,0.0
1DVF,1DVF.mut.49.Y101A_Repair.clean.pdb,-0.18430000000000035,-0.6263000000000041,3.7683000000000018,1.11328,2.8848399999999987,0.9200000000000017,-0.10401000000000016,-0.7633999999999972,0.9972000000000012,-0.3180459999999999,-0.4282599999999994,-0.5177900000000006,0.0,0.0,0.0,-0.010484999999999967,0.08579999999999988,0.0,0.0,0.0,-0.010267999999999944,0.0,0.005260899999999999,0.0,451.0,-1.0,0.0,0.0,0.0,1DVF_Repair.pdb,31.1138,32.5842,-16.164,-3.50252,-11.3361,-13.9562,-2.96055,22.4091,-14.6385,0.7785479999999999,3.79899,3.855480000000001,0.0,0.0,0.0,0.279852,2.17542,0.0,0.0,1.77636e-15,-0.935374,0.0,0.0431886,2.384,451.0,44.0,0.0,0.0,0.0
1DVF,1DVF.mut.59.Q100A_Repair.clean.pdb,0.146099999999997,-0.33850000000000335,0.4750000000000014,0.02112999999999987,0.0968,0.9625000000000004,0.06437999999999988,-1.8266999999999989,0.8022000000000009,0.041049,0.82538,-0.5161700000000011,0.0,0.0,0.0,-0.02466199999999996,-0.0042799999999996174,0.0,0.0,0.0,0.029427000000000092,0.0,-0.00020939999999999848,0.0,451.0,0.0,0.0,0.0,0.0,1DVF_Repair.pdb,31.1138,32.5842,-16.164,-3.50252,-11.3361,-13.9562,-2.96055,22.4091,-14.6385,0.7785479999999999,3.79899,3.855480000000001,0.0,0.0,0.0,0.279852,2.17542,0.0,0.0,1.77636e-15,-0.935374,0.0,0.0431886,2.384,451.0,44.0,0.0,0.0,0.0
1DVF,1DVF.mut.63.N54A_Repair.clean.pdb,0.22839999999999705,-1.0803000000000011,1.5481000000000016,0.014739999999999753,2.4543800000000005,0.21840000000000082,-0.0660400000000001,-0.3298999999999985,0.09420000000000073,-0.09702099999999991,-0.45382000000000033,-0.2856000000000005,0.0,0.0,0.0,0.01633800000000002,-0.03263999999999978,0.0,0.0,0.0,-0.025486999999999926,0.0,0.007962099999999986,0.0,451.0,0.0,0.0,0.0,0.0,1DVF_Repair.pdb,31.1138,32.5842,-16.164,-3.50252,-11.3361,-13.9562,-2.96055,22.4091,-14.6385,0.7785479999999999,3.79899,3.855480000000001,0.0,0.0,0.0,0.279852,2.17542,0.0,0.0,1.77636e-15,-0.935374,0.0,0.0431886,2.384,451.0,44.0,0.0,0.0,0.0
1DVF,1DVF.mut.64.I97A_Repair.clean.pdb,0.10989999999999966,-1.0421000000000014,1.9314000000000018,0.1704699999999999,1.2349999999999994,0.39890000000000114,0.056459999999999955,-0.07659999999999911,0.9436999999999998,-0.06067199999999984,-0.7858999999999998,0.07303999999999888,0.0,0.0,0.0,0.007636000000000032,-0.23680999999999996,0.0,0.0,0.0,-0.03460099999999999,0.0,0.004095399999999999,0.0,451.0,0.0,0.0,0.0,0.0,1DVF_Repair.pdb,31.1138,32.5842,-16.164,-3.50252,-11.3361,-13.9562,-2.96055,22.4091,-14.6385,0.7785479999999999,3.79899,3.855480000000001,0.0,0.0,0.0,0.279852,2.17542,0.0,0.0,1.77636e-15,-0.935374,0.0,0.0431886,2.384,451.0,44.0,0.0,0.0,0.0
1DVF,1DVF.mut.65.Y98A_Repair.clean.pdb,0.2137999999999991,-0.17440000000000566,4.208800000000002,-0.2100900000000001,3.6046500000000004,2.0900000000000016,0.5663300000000002,-2.6545999999999985,2.5508000000000006,-0.16819299999999993,-1.20229,-0.27418000000000076,0.0,0.0,0.0,-0.10779999999999998,-0.3378599999999998,0.0,0.0,0.0,0.010373999999999994,0.0,0.0038414000000000018,0.0,451.0,-4.0,0.0,0.0,0.0,1DVF_Repair.pdb,31.1138,32.5842,-16.164,-3.50252,-11.3361,-13.9562,-2.96055,22.4091,-14.6385,0.7785479999999999,3.79899,3.855480000000001,0.0,0.0,0.0,0.279852,2.17542,0.0,0.0,1.77636e-15,-0.935374,0.0,0.0431886,2.384,451.0,44.0,0.0,0.0,0.0
3HFM,3HFM.mut.71.W98A_Repair.clean.pdb,-0.492999999999995,-0.6216000000000008,0.49917999999999996,0.0559700000000003,0.18854999999999933,0.7189000000000014,0.064087,-1.152000000000001,0.7420999999999989,-0.12883000000000022,0.22503000000000029,-0.0007500000000000284,0.0,0.0,0.0,-0.21427000000000018,-0.00783999999999807,0.0,0.0,1.7763199999999996e-15,0.0004350000000000187,0.0,0.0,0.0,558.0,0.0,0.0,0.0,0.0,3HFM_Repair.pdb,147.036,36.7151,-2.739,-2.833,-8.40276,-15.6018,-0.382623,24.8195,-15.8753,2.6673,6.4298,5.37141,0.0,0.0,0.0,1.5502,6.58095,0.0,0.0,8.88178e-15,-0.481706,0.0,-4.16334e-17,2.384,558.0,38.0,1.0,0.0,1.0
3HFM,3HFM.mut.72.W98F_Repair.clean.pdb,-0.19499999999999318,-0.6169999999999973,-0.80586,-0.016249999999999876,0.05399000000000065,-0.1277999999999988,0.169046,-0.4762000000000022,-0.584500000000002,0.013970000000000038,0.3275800000000002,-0.03261000000000003,0.0,0.0,0.0,-0.12095000000000011,0.06836000000000197,0.0,0.0,1.7763199999999996e-15,-0.012203999999999993,0.0,0.0,0.0,558.0,0.0,0.0,0.0,0.0,3HFM_Repair.pdb,147.036,36.7151,-2.739,-2.833,-8.40276,-15.6018,-0.382623,24.8195,-15.8753,2.6673,6.4298,5.37141,0.0,0.0,0.0,1.5502,6.58095,0.0,0.0,8.88178e-15,-0.481706,0.0,-4.16334e-17,2.384,558.0,38.0,1.0,0.0,1.0
3HFM,3HFM.mut.83.S100A_Repair.clean.pdb,-2.2439999999999998,-0.3474000000000004,-3.4328900000000004,0.4991100000000004,0.9088700000000021,1.6682000000000006,-0.337972,-3.273900000000001,0.8310999999999993,-0.042859999999999676,-0.5485300000000004,-2.47291,0.0,0.0,0.0,-0.718371,-0.20615999999999968,0.0,0.0,0.0,0.05434800000000001,0.0,0.0,0.0,558.0,0.0,0.0,0.0,0.0,3HFM_Repair.pdb,147.036,36.7151,-2.739,-2.833,-8.40276,-15.6018,-0.382623,24.8195,-15.8753,2.6673,6.4298,5.37141,0.0,0.0,0.0,1.5502,6.58095,0.0,0.0,8.88178e-15,-0.481706,0.0,-4.16334e-17,2.384,558.0,38.0,1.0,0.0,1.0
3HFM,3HFM.mut.84.D101A_Repair.clean.pdb,-0.4000000000000057,-0.24210000000000065,-3.9184300000000016,0.007570000000000299,-1.0867199999999997,0.6498000000000008,0.556082,-2.4236000000000004,0.35939999999999905,-0.3900899999999998,-0.33793000000000006,-1.11714,0.0,0.0,0.0,-0.14111000000000007,-0.5226599999999992,0.0,0.0,0.0,0.005240000000000022,0.0,8.32668e-17,0.0,558.0,1.0,0.0,0.0,0.0,3HFM_Repair.pdb,147.036,36.7151,-2.739,-2.833,-8.40276,-15.6018,-0.382623,24.8195,-15.8753,2.6673,6.4298,5.37141,0.0,0.0,0.0,1.5502,6.58095,0.0,0.0,8.88178e-15,-0.481706,0.0,-4.16334e-17,2.384,558.0,38.0,1.0,0.0,1.0
3HFM,3HFM.mut.85.D101N_Repair.clean.pdb,0.3900000000000432,1.1587000000000032,-3.1083800000000004,-0.015229999999999855,-1.2587700000000002,1.001900000000001,0.557408,-2.6323000000000008,0.9624999999999986,-0.3316500000000002,-0.16263000000000005,-1.12392,0.0,0.0,0.0,-0.11179000000000006,-0.5371800000000011,0.0,0.0,0.0,0.006166000000000005,0.0,0.0,0.0,558.0,0.0,0.0,0.0,0.0,3HFM_Repair.pdb,147.036,36.7151,-2.739,-2.833,-8.40276,-15.6018,-0.382623,24.8195,-15.8753,2.6673,6.4298,5.37141,0.0,0.0,0.0,1.5502,6.58095,0.0,0.0,8.88178e-15,-0.481706,0.0,-4.16334e-17,2.384,558.0,38.0,1.0,0.0,1.0
3HFM,3HFM.mut.86.D101Q_Repair.clean.pdb,-0.7079999999999984,1.8216000000000037,-2.9142600000000005,0.010660000000000114,-2.73184,0.17730000000000068,0.535979,-1.8225000000000016,0.011299999999998533,0.35236,1.0975199999999994,-1.2275400000000003,0.0,0.0,0.0,0.6732700000000003,-0.2016,0.0,0.0,0.0,0.009187999999999918,0.0,5.55112e-17,0.0,558.0,1.0,0.0,0.0,0.0,3HFM_Repair.pdb,147.036,36.7151,-2.739,-2.833,-8.40276,-15.6018,-0.382623,24.8195,-15.8753,2.6673,6.4298,5.37141,0.0,0.0,0.0,1.5502,6.58095,0.0,0.0,8.88178e-15,-0.481706,0.0,-4.16334e-17,2.384,558.0,38.0,1.0,0.0,1.0
3HFM,3HFM.mut.87.D101R_Repair.clean.pdb,1.186000000000007,0.6856999999999971,-2.97497,0.014920000000000044,-0.8677099999999989,-0.5198999999999998,0.736847,-1.240000000000002,-0.9725000000000001,0.22265999999999986,0.4524600000000003,-0.9155600000000002,0.0,0.0,0.0,0.2140099999999998,-0.42231999999999914,0.0,0.0,1.7763199999999996e-15,-0.10025999999999996,0.0,1.387779e-16,0.0,558.0,1.0,0.0,0.0,0.0,3HFM_Repair.pdb,147.036,36.7151,-2.739,-2.833,-8.40276,-15.6018,-0.382623,24.8195,-15.8753,2.6673,6.4298,5.37141,0.0,0.0,0.0,1.5502,6.58095,0.0,0.0,8.88178e-15,-0.481706,0.0,-4.16334e-17,2.384,558.0,38.0,1.0,0.0,1.0
3HFM,3HFM.mut.88.D101S_Repair.clean.pdb,-3.2830000000000155,-0.4527000000000001,-2.65454,-0.4046299999999996,-1.6260399999999997,0.7407000000000004,0.539938,-2.1224000000000025,0.9748000000000001,-0.3782700000000001,0.3155999999999999,-0.6095499999999996,0.0,0.0,0.0,-0.08898000000000006,-0.4053899999999997,0.0,0.0,0.0,0.004278000000000004,0.0,8.32668e-17,0.0,558.0,0.0,0.0,0.0,0.0,3HFM_Repair.pdb,147.036,36.7151,-2.739,-2.833,-8.40276,-15.6018,-0.382623,24.8195,-15.8753,2.6673,6.4298,5.37141,0.0,0.0,0.0,1.5502,6.58095,0.0,0.0,8.88178e-15,-0.481706,0.0,-4.16334e-17,2.384,558.0,38.0,1.0,0.0,1.0
3HFM,3HFM.mut.89.H15A_Repair.clean.pdb,-2.0020000000000095,0.43840000000000146,-0.44867999999999997,0.10116000000000014,-1.5497999999999994,0.23770000000000024,0.184086,-0.5975000000000001,0.16469999999999985,1.6828599999999998,0.056549999999999656,-0.7077799999999996,0.0,0.0,0.0,-0.032850000000000046,-0.8188599999999999,0.0,0.0,0.0,0.012158000000000002,0.0,4.16334e-17,0.0,558.0,2.0,0.0,1.0,-1.0,3HFM_Repair.pdb,147.036,36.7151,-2.739,-2.833,-8.40276,-15.6018,-0.382623,24.8195,-15.8753,2.6673,6.4298,5.37141,0.0,0.0,0.0,1.5502,6.58095,0.0,0.0,8.88178e-15,-0.481706,0.0,-4.16334e-17,2.384,558.0,38.0,1.0,0.0,1.0
3HFM,3HFM.mut.90.N19D_Repair.clean.pdb,-0.21200000000004593,-3.1961000000000013,-0.0018800000000003259,-0.019199999999999662,0.9776200000000008,0.16860000000000142,-0.027824000000000015,-0.34790000000000276,-0.003900000000001569,-0.5534599999999998,-0.49575000000000014,0.3942099999999984,0.0,0.0,0.0,-0.09238999999999997,-0.5061499999999999,0.0,0.0,0.0,-0.0018759999999999888,0.0,8.32668e-17,0.0,558.0,0.0,0.0,0.0,0.0,3HFM_Repair.pdb,147.036,36.7151,-2.739,-2.833,-8.40276,-15.6018,-0.382623,24.8195,-15.8753,2.6673,6.4298,5.37141,0.0,0.0,0.0,1.5502,6.58095,0.0,0.0,8.88178e-15,-0.481706,0.0,-4.16334e-17,2.384,558.0,38.0,1.0,0.0,1.0
3HFM,3HFM.mut.91.N19K_Repair.clean.pdb,-0.10800000000000409,-3.3933999999999997,-0.10322999999999993,-0.01136999999999988,-0.014799999999999258,-0.10489999999999888,-0.0038940000000000086,0.05030000000000001,-0.2325000000000017,-0.08285000000000009,-0.019449999999999967,0.38095000000000034,0.0,0.0,0.0,-0.06467,-0.37599999999999945,0.0,0.0,0.0,-6.399999999995298e-05,0.0,0.0,0.0,558.0,-1.0,1.0,0.0,1.0,3HFM_Repair.pdb,147.036,36.7151,-2.739,-2.833,-8.40276,-15.6018,-0.382623,24.8195,-15.8753,2.6673,6.4298,5.37141,0.0,0.0,0.0,1.5502,6.58095,0.0,0.0,8.88178e-15,-0.481706,0.0,-4.16334e-17,2.384,558.0,38.0,1.0,0.0,1.0
3HFM,3HFM.mut.92.N19Q_Repair.clean.pdb,-0.10800000000000409,-3.723300000000002,-0.11099000000000014,-0.003369999999999873,-0.014799999999999258,-0.07269999999999932,-0.008089000000000013,-0.00730000000000075,-0.1997,-0.08747000000000016,-0.0292400000000006,0.38242000000000154,0.0,0.0,0.0,-0.07067999999999985,-0.3721399999999999,0.0,0.0,0.0,-6.399999999995298e-05,0.0,0.0,0.0,558.0,-1.0,1.0,0.0,1.0,3HFM_Repair.pdb,147.036,36.7151,-2.739,-2.833,-8.40276,-15.6018,-0.382623,24.8195,-15.8753,2.6673,6.4298,5.37141,0.0,0.0,0.0,1.5502,6.58095,0.0,0.0,8.88178e-15,-0.481706,0.0,-4.16334e-17,2.384,558.0,38.0,1.0,0.0,1.0
3HFM,3HFM.mut.94.Y20F_Repair.clean.pdb,-0.10300000000000864,0.1383999999999972,0.016820000000000057,-0.022449999999999637,0.9948500000000005,0.35540000000000127,-0.0010740000000000194,-0.971700000000002,-0.027800000000000935,-0.5618500000000002,-0.42281000000000013,0.7858700000000001,0.0,0.0,0.0,-0.11397999999999997,-0.39301999999999815,0.0,0.0,0.0,0.002371000000000012,0.0,8.32668e-17,0.0,558.0,1.0,0.0,0.0,0.0,3HFM_Repair.pdb,147.036,36.7151,-2.739,-2.833,-8.40276,-15.6018,-0.382623,24.8195,-15.8753,2.6673,6.4298,5.37141,0.0,0.0,0.0,1.5502,6.58095,0.0,0.0,8.88178e-15,-0.481706,0.0,-4.16334e-17,2.384,558.0,38.0,1.0,0.0,1.0
3HFM,3HFM.mut.95.Y20L_Repair.clean.pdb,-3.3689999999999998,1.1803000000000026,-0.8832900000000001,0.07548000000000021,0.8739200000000009,1.6799,-0.34342900000000004,-3.166400000000003,0.7726999999999986,-0.22314999999999996,-0.7763900000000001,0.8066599999999999,0.0,0.0,0.0,-0.49329,-0.6256399999999998,0.0,0.0,0.0,-0.08927299999999999,0.0,8.32668e-17,0.0,558.0,0.0,0.0,0.0,0.0,3HFM_Repair.pdb,147.036,36.7151,-2.739,-2.833,-8.40276,-15.6018,-0.382623,24.8195,-15.8753,2.6673,6.4298,5.37141,0.0,0.0,0.0,1.5502,6.58095,0.0,0.0,8.88178e-15,-0.481706,0.0,-4.16334e-17,2.384,558.0,38.0,1.0,0.0,1.0
3HFM,3HFM.mut.97.R21E_Repair.clean.pdb,-3.2289999999999566,-2.2216999999999985,-0.3169599999999999,0.36476,0.728530000000001,1.267900000000001,-0.756677,-1.1704000000000008,0.8013999999999992,0.05674000000000001,-0.5209000000000001,-0.7919799999999997,0.0,0.0,0.0,-0.4253199999999999,-0.19148999999999994,0.0,0.0,-1.0658140000000001e-14,0.12891400000000003,0.0,0.0,0.0,558.0,0.0,0.0,0.0,0.0,3HFM_Repair.pdb,147.036,36.7151,-2.739,-2.833,-8.40276,-15.6018,-0.382623,24.8195,-15.8753,2.6673,6.4298,5.37141,0.0,0.0,0.0,1.5502,6.58095,0.0,0.0,8.88178e-15,-0.481706,0.0,-4.16334e-17,2.384,558.0,38.0,1.0,0.0,1.0
3HFM,3HFM.mut.98.R21H_Repair.clean.pdb,-1.992999999999995,-0.8802999999999983,-2.0453300000000016,-0.2177399999999996,0.935620000000001,0.4305000000000003,-0.608085,-1.3168000000000006,-0.41520000000000223,0.15999000000000008,-0.4319000000000006,-0.20688999999999957,0.0,0.0,0.0,-0.5126900000000001,-0.043509999999999494,0.0,0.0,0.0,0.061711000000000016,0.0,0.07611960000000005,0.0,558.0,0.0,0.0,0.0,0.0,3HFM_Repair.pdb,147.036,36.7151,-2.739,-2.833,-8.40276,-15.6018,-0.382623,24.8195,-15.8753,2.6673,6.4298,5.37141,0.0,0.0,0.0,1.5502,6.58095,0.0,0.0,8.88178e-15,-0.481706,0.0,-4.16334e-17,2.384,558.0,38.0,1.0,0.0,1.0
3HFM,3HFM.mut.99.R21K_Repair.clean.pdb,-0.030000000000001137,-0.6477999999999966,-0.16321999999999992,-0.11959000000000009,1.9227800000000004,1.2504000000000008,-0.36810099999999996,-2.0607000000000006,0.5310999999999986,-0.0009600000000000719,-1.1391200000000001,0.16267999999999994,0.0,0.0,0.0,-0.4128799999999999,-0.19086999999999943,0.0,0.0,0.0,0.071158,0.0,0.0,0.0,558.0,0.0,0.0,0.0,0.0,3HFM_Repair.pdb,147.036,36.7151,-2.739,-2.833,-8.40276,-15.6018,-0.382623,24.8195,-15.8753,2.6673,6.4298,5.37141,0.0,0.0,0.0,1.5502,6.58095,0.0,0.0,8.88178e-15,-0.481706,0.0,-4.16334e-17,2.384,558.0,38.0,1.0,0.0,1.0
3HFM,3HFM.mut.100.R21M_Repair.clean.pdb,-4.247000000000014,-2.3652999999999977,-1.3816800000000002,-0.20365999999999973,2.8657700000000004,1.7283000000000008,-0.41542400000000007,-3.461400000000001,0.8463999999999992,-0.5714600000000001,-1.62772,-0.25180999999999987,0.0,0.0,0.0,-0.37688999999999995,-0.4162599999999994,0.0,0.0,-1.0658140000000001e-14,0.08612000000000003,0.0,0.0,0.0,558.0,0.0,0.0,0.0,0.0,3HFM_Repair.pdb,147.036,36.7151,-2.739,-2.833,-8.40276,-15.6018,-0.382623,24.8195,-15.8753,2.6673,6.4298,5.37141,0.0,0.0,0.0,1.5502,6.58095,0.0,0.0,8.88178e-15,-0.481706,0.0,-4.16334e-17,2.384,558.0,38.0,1.0,0.0,1.0
3HFM,3HFM.mut.101.R21N_Repair.clean.pdb,-3.2959999999999923,-2.0782000000000025,-0.8511200000000003,-0.15042,2.9371400000000003,1.7243000000000013,-0.42629100000000003,-3.153500000000001,0.9863999999999997,-0.43279999999999985,-1.5616900000000005,-0.30001999999999995,0.0,0.0,0.0,-0.54827,-0.38186999999999927,0.0,0.0,-1.0658140000000001e-14,0.07398400000000005,0.0,0.0,0.0,558.0,1.0,0.0,0.0,0.0,3HFM_Repair.pdb,147.036,36.7151,-2.739,-2.833,-8.40276,-15.6018,-0.382623,24.8195,-15.8753,2.6673,6.4298,5.37141,0.0,0.0,0.0,1.5502,6.58095,0.0,0.0,8.88178e-15,-0.481706,0.0,-4.16334e-17,2.384,558.0,38.0,1.0,0.0,1.0
3HFM,3HFM.mut.102.R21Q_Repair.clean.pdb,0.01300000000000523,-0.6749000000000009,-0.3332200000000003,-0.5775300000000003,2.5122600000000004,1.0324000000000009,-0.494277,-1.7790999999999997,0.5078999999999994,-0.5035500000000002,-1.0103900000000001,0.3600399999999997,0.0,0.0,0.0,-0.46621,-0.2519,0.0,0.0,0.0,0.08521800000000002,0.0,8.32668e-17,0.0,558.0,1.0,0.0,0.0,0.0,3HFM_Repair.pdb,147.036,36.7151,-2.739,-2.833,-8.40276,-15.6018,-0.382623,24.8195,-15.8753,2.6673,6.4298,5.37141,0.0,0.0,0.0,1.5502,6.58095,0.0,0.0,8.88178e-15,-0.481706,0.0,-4.16334e-17,2.384,558.0,38.0,1.0,0.0,1.0
3HFM,3HFM.mut.103.R21W_Repair.clean.pdb,0.18699999999995498,-0.9129999999999967,-3.45,-0.10255999999999998,1.8602800000000004,-0.11129999999999995,-0.501206,-1.697300000000002,-1.4842000000000013,0.06605000000000016,-0.8902000000000001,-0.3750099999999996,0.0,0.0,0.0,-0.29403,-0.08157999999999976,0.0,0.0,0.0,0.07941700000000002,0.0,5.55112e-17,0.0,558.0,0.0,0.0,0.0,0.0,3HFM_Repair.pdb,147.036,36.7151,-2.739,-2.833,-8.40276,-15.6018,-0.382623,24.8195,-15.8753,2.6673,6.4298,5.37141,0.0,0.0,0.0,1.5502,6.58095,0.0,0.0,8.88178e-15,-0.481706,0.0,-4.16334e-17,2.384,558.0,38.0,1.0,0.0,1.0
3HFM,3HFM.mut.104.W63A_Repair.clean.pdb,-0.1599999999999966,-0.9553999999999974,1.2463899999999999,0.024070000000000036,0.39504999999999946,0.9114000000000004,-0.02343299999999998,-1.3622000000000014,0.9239999999999995,0.48599000000000014,-0.10008999999999979,0.2881400000000003,0.0,0.0,0.0,-0.1856,-0.14284999999999926,0.0,0.0,-1.7763500000000006e-15,-0.11099799999999999,0.0,1.1102229999999998e-16,0.0,558.0,0.0,0.0,0.0,0.0,3HFM_Repair.pdb,147.036,36.7151,-2.739,-2.833,-8.40276,-15.6018,-0.382623,24.8195,-15.8753,2.6673,6.4298,5.37141,0.0,0.0,0.0,1.5502,6.58095,0.0,0.0,8.88178e-15,-0.481706,0.0,-4.16334e-17,2.384,558.0,38.0,1.0,0.0,1.0
3HFM,3HFM.mut.105.R73A_Repair.clean.pdb,-1.5430000000000064,-2.1694999999999993,-0.82606,-0.007540000000000102,0.9989100000000004,0.09210000000000029,0.21375399999999997,-1.035700000000002,-0.41550000000000153,-0.03927000000000014,-0.45653000000000166,-0.027470000000000105,0.0,0.0,0.0,-0.19581000000000004,-0.24697999999999976,0.0,0.0,0.0,0.04696800000000001,0.0,5.55112e-17,0.0,558.0,0.0,0.0,0.0,0.0,3HFM_Repair.pdb,147.036,36.7151,-2.739,-2.833,-8.40276,-15.6018,-0.382623,24.8195,-15.8753,2.6673,6.4298,5.37141,0.0,0.0,0.0,1.5502,6.58095,0.0,0.0,8.88178e-15,-0.481706,0.0,-4.16334e-17,2.384,558.0,38.0,1.0,0.0,1.0
3HFM,3HFM.mut.106.L75A_Repair.clean.pdb,0.9159999999999968,-0.12899999999999778,1.36137,-0.0028199999999998226,-0.4200799999999987,1.0062000000000015,0.08290399999999998,-1.0178000000000011,1.6445999999999987,0.32471000000000005,-0.04711999999999872,0.028850000000000264,0.0,0.0,0.0,-0.21853999999999996,-0.8282399999999992,0.0,0.0,0.0,-0.01951900000000001,0.0,-5.551109999999999e-17,0.0,558.0,2.0,0.0,0.0,0.0,3HFM_Repair.pdb,147.036,36.7151,-2.739,-2.833,-8.40276,-15.6018,-0.382623,24.8195,-15.8753,2.6673,6.4298,5.37141,0.0,0.0,0.0,1.5502,6.58095,0.0,0.0,8.88178e-15,-0.481706,0.0,-4.16334e-17,2.384,558.0,38.0,1.0,0.0,1.0
3HFM,3HFM.mut.107.T89A_Repair.clean.pdb,0.0,-0.08549999999999613,0.21253999999999973,0.02731000000000039,0.0,0.1637000000000004,0.0069290000000000185,-0.16880000000000095,0.21589999999999954,-0.0013900000000002244,-0.029670000000000307,0.0,0.0,0.0,0.0,-0.0047200000000000575,-0.07713000000000125,0.0,0.0,0.0,0.0031990000000000074,0.0,5.55112e-17,0.0,558.0,0.0,0.0,0.0,0.0,3HFM_Repair.pdb,147.036,36.7151,-2.739,-2.833,-8.40276,-15.6018,-0.382623,24.8195,-15.8753,2.6673,6.4298,5.37141,0.0,0.0,0.0,1.5502,6.58095,0.0,0.0,8.88178e-15,-0.481706,0.0,-4.16334e-17,2.384,558.0,38.0,1.0,0.0,1.0
3HFM,3HFM.mut.108.N93A_Repair.clean.pdb,-1.4910000000000139,-0.35730000000000217,0.47714999999999996,0.04078000000000026,3.037510000000001,0.8656000000000006,-0.023651000000000033,-1.567700000000002,0.4037999999999986,-0.56555,-1.6771099999999999,0.0442499999999999,0.0,0.0,0.0,-0.08729000000000009,-0.1797399999999998,0.0,0.0,0.0,0.0063810000000000255,0.0,8.32668e-17,0.0,558.0,0.0,0.0,0.0,0.0,3HFM_Repair.pdb,147.036,36.7151,-2.739,-2.833,-8.40276,-15.6018,-0.382623,24.8195,-15.8753,2.6673,6.4298,5.37141,0.0,0.0,0.0,1.5502,6.58095,0.0,0.0,8.88178e-15,-0.481706,0.0,-4.16334e-17,2.384,558.0,38.0,1.0,0.0,1.0
3HFM,3HFM.mut.109.K96R_Repair.clean.pdb,0.5300000000000011,1.8830999999999989,0.0004999999999997229,0.28439000000000014,2.655170000000001,0.29490000000000016,-0.10071000000000002,-1.5374000000000017,0.5285999999999991,-0.20799000000000012,-1.1930899999999998,-1.1636499999999996,0.0,0.0,0.0,0.49473999999999996,-0.5491399999999995,0.141039,0.0,0.0,-0.1956179999999999,0.0,-1.3877799999999993e-17,0.0,558.0,2.0,0.0,0.0,0.0,3HFM_Repair.pdb,147.036,36.7151,-2.739,-2.833,-8.40276,-15.6018,-0.382623,24.8195,-15.8753,2.6673,6.4298,5.37141,0.0,0.0,0.0,1.5502,6.58095,0.0,0.0,8.88178e-15,-0.481706,0.0,-4.16334e-17,2.384,558.0,38.0,1.0,0.0,1.0
3HFM,3HFM.mut.112.K97R_Repair.clean.pdb,-1.7270000000000039,-0.9177999999999997,-1.89804,-0.0775699999999997,-0.028789999999998983,-0.5380000000000003,-0.39217300000000005,0.27949999999999875,-0.45889999999999986,-0.12155000000000005,0.2291300000000014,-0.5684299999999984,0.0,0.0,0.0,0.08573000000000008,0.03435000000000077,0.0,0.0,0.0,-0.3070009999999999,0.0,-6.93886e-17,0.0,558.0,2.0,1.0,0.0,1.0,3HFM_Repair.pdb,147.036,36.7151,-2.739,-2.833,-8.40276,-15.6018,-0.382623,24.8195,-15.8753,2.6673,6.4298,5.37141,0.0,0.0,0.0,1.5502,6.58095,0.0,0.0,8.88178e-15,-0.481706,0.0,-4.16334e-17,2.384,558.0,38.0,1.0,0.0,1.0
3HFM,3HFM.mut.113.I98A_Repair.clean.pdb,-0.18600000000000705,1.591700000000003,0.15169999999999995,0.2650300000000003,1.2647400000000006,0.10630000000000095,0.071266,-0.5674000000000028,-0.14860000000000184,-0.4206400000000001,-0.4697699999999987,0.1649200000000004,0.0,0.0,0.0,-0.11936000000000013,-0.3702899999999998,0.0,0.0,0.0,0.005174000000000012,0.0,0.0,0.0,558.0,1.0,0.0,0.0,0.0,3HFM_Repair.pdb,147.036,36.7151,-2.739,-2.833,-8.40276,-15.6018,-0.382623,24.8195,-15.8753,2.6673,6.4298,5.37141,0.0,0.0,0.0,1.5502,6.58095,0.0,0.0,8.88178e-15,-0.481706,0.0,-4.16334e-17,2.384,558.0,38.0,1.0,0.0,1.0
