,clash,covalent,vdw_clash,vdw,proximal,hbond,weak_hbond,xbond,ionic,metal_complex,aromatic,hydrophobic,carbonyl,polar,weak_polar,intraclashes_energy_1_change,intraclashes_energy_2_change,dg_change,backbone_hbond_change,sidechain_hbond_change,van_der_waals_change,electrostatics_change,solvation_polar_change,solvation_hydrophobic_change,van_der_waals_clashes_change,entropy_sidechain_change,entropy_mainchain_change,sloop_entropy_change,mloop_entropy_change,cis_bond_change,torsional_clash_change,backbone_clash_change,helix_dipole_change,water_bridge_change,disulfide_change,electrostatic_kon_change,partial_covalent_bonds_change,energy_ionisation_change,entropy_complex_change,number_of_residues_x,interface_residues_change,interface_residues_clashing_change,interface_residues_vdw_clashing_change,interface_residues_bb_clashing_change,intraclashes_energy_1_wt,intraclashes_energy_2_wt,dg_wt,backbone_hbond_wt,sidechain_hbond_wt,van_der_waals_wt,electrostatics_wt,solvation_polar_wt,solvation_hydrophobic_wt,van_der_waals_clashes_wt,entropy_sidechain_wt,entropy_mainchain_wt,sloop_entropy_wt,mloop_entropy_wt,cis_bond_wt,torsional_clash_wt,backbone_clash_wt,helix_dipole_wt,water_bridge_wt,disulfide_wt,electrostatic_kon_wt,partial_covalent_bonds_wt,energy_ionisation_wt,entropy_complex_wt,interface_residues_wt,interface_residues_clashing_wt,interface_residues_vdw_clashing_wt,interface_residues_bb_clashing_wt,if_phil,if_phob,if_total,sasa_phil_mut,sasa_phob_mut,sasa_total_mut,sasa_phil_wt,sasa_phob_wt,sasa_wt
1JRH.mut.0.E27A_Repair.clean.pdb,0.0,0.0,18.0,8.0,579.0,17.0,14.0,0.0,4.0,0.0,11.0,35.0,0.0,22.0,16.0,0.13530000000000084,-1.1192999999999989,1.2261999999999986,0.00040999999999957737,-0.05414999999999992,0.29879999999999995,1.49824,-0.5784999999999982,0.2593999999999994,-0.0817699999999999,-0.5681000000000012,0.27181999999999995,0.0,0.0,0.0,-0.018832000000000067,-0.00024000000000024,0.0,0.0,0.0,0.19885900000000006,0.0,0.0,0.0,532.0,-1.0,0.0,0.0,0.0,45.5559,12.9888,-18.4726,-7.00132,-8.97966,-15.4125,-3.6821699999999997,22.6084,-17.8197,1.3409,7.33902,2.9241,0.0,0.0,0.0,0.8220350000000001,2.49431,0.0,0.0,-4.4408900000000007e-16,-0.698254,0.0,0.0866449,2.384,36.0,0.0,0.0,0.0,75.91499999999995,271.0949999999993,347.01500000000124,7462.79,16415.59,23878.37,7407.09,16501.38,23908.47
1JRH.mut.1.D28A_Repair.clean.pdb,0.0,0.0,19.0,8.0,591.0,17.0,14.0,0.0,8.0,0.0,11.0,36.0,0.0,23.0,18.0,-0.02969999999999828,0.05799999999999982,0.6809000000000012,8.999999999925734e-05,-1.1293399999999991,0.053399999999999885,0.75684,-0.05659999999999954,0.04570000000000008,0.007840000000000071,0.7580000000000009,0.06659999999999977,0.0,0.0,0.0,-0.009687000000000112,-0.02572999999999981,0.0,0.0,0.0,0.1879590000000001,0.0,0.0,0.0,532.0,0.0,0.0,0.0,0.0,45.5559,12.9888,-18.4726,-7.00132,-8.97966,-15.4125,-3.6821699999999997,22.6084,-17.8197,1.3409,7.33902,2.9241,0.0,0.0,0.0,0.8220350000000001,2.49431,0.0,0.0,-4.4408900000000007e-16,-0.698254,0.0,0.0866449,2.384,36.0,0.0,0.0,0.0,75.59999999999991,271.7049999999999,347.3050000000003,7446.97,16452.91,23899.88,7407.09,16501.38,23908.47
1JRH.mut.2.Y30A_Repair.clean.pdb,0.0,0.0,18.0,8.0,578.0,17.0,13.0,0.0,9.0,0.0,11.0,35.0,0.0,23.0,17.0,0.22990000000000066,0.27369999999999983,1.1235,-0.0030000000000001137,-0.20577999999999896,0.4758999999999993,-0.02708999999999984,-0.15789999999999793,0.6732000000000014,0.016680000000000028,0.32725000000000026,-0.03047000000000022,0.0,0.0,0.0,0.053902000000000005,-0.012599999999999945,0.0,0.0,0.0,0.0006200000000000648,0.0,0.0,0.0,532.0,1.0,0.0,0.0,0.0,45.5559,12.9888,-18.4726,-7.00132,-8.97966,-15.4125,-3.6821699999999997,22.6084,-17.8197,1.3409,7.33902,2.9241,0.0,0.0,0.0,0.8220350000000001,2.49431,0.0,0.0,-4.4408900000000007e-16,-0.698254,0.0,0.0866449,2.384,36.0,0.0,0.0,0.0,75.35500000000002,269.89999999999964,345.255000000001,7454.2,16438.66,23892.86,7407.09,16501.38,23908.47
1JRH.mut.3.K47A_Repair.clean.pdb,0.0,0.0,16.0,10.0,550.0,16.0,11.0,0.0,9.0,0.0,11.0,31.0,0.0,22.0,13.0,0.029800000000001606,-0.1836000000000002,1.3843999999999994,0.8225600000000002,0.6014400000000021,0.9050999999999992,0.027370000000000342,-2.116699999999998,0.985400000000002,-0.2443,-0.1517300000000006,0.6276999999999999,0.0,0.0,0.0,-0.05043100000000012,-0.08207999999999993,0.0,0.0,0.0,-0.022139999999999938,0.0,1.5600000000004503e-05,0.0,532.0,0.0,0.0,0.0,0.0,45.5559,12.9888,-18.4726,-7.00132,-8.97966,-15.4125,-3.6821699999999997,22.6084,-17.8197,1.3409,7.33902,2.9241,0.0,0.0,0.0,0.8220350000000001,2.49431,0.0,0.0,-4.4408900000000007e-16,-0.698254,0.0,0.0866449,2.384,36.0,0.0,0.0,0.0,75.61999999999989,272.1900000000005,347.8100000000013,7425.55,16448.27,23873.82,7407.09,16501.38,23908.47
1JRH.mut.4.Y32A_Repair.clean.pdb,0.0,0.0,14.0,10.0,547.0,14.0,10.0,0.0,7.0,0.0,11.0,32.0,0.0,19.0,15.0,-1.109500000000004,-0.13699999999999868,1.9649,0.15090999999999874,1.8378700000000023,1.2931999999999988,1.39757,-3.09,1.3175000000000026,-0.10297,-0.8395299999999999,-0.04260999999999982,0.0,0.0,0.0,-0.012518000000000027,-0.1259999999999999,0.0,0.0,0.0,0.054314999999999995,0.0,0.001127900000000015,0.0,532.0,-2.0,0.0,0.0,0.0,45.5559,12.9888,-18.4726,-7.00132,-8.97966,-15.4125,-3.6821699999999997,22.6084,-17.8197,1.3409,7.33902,2.9241,0.0,0.0,0.0,0.8220350000000001,2.49431,0.0,0.0,-4.4408900000000007e-16,-0.698254,0.0,0.0866449,2.384,36.0,0.0,0.0,0.0,77.46000000000005,269.76500000000124,347.22500000000036,7479.21,16403.87,23883.08,7407.09,16501.38,23908.47
1JRH.mut.5.W53A_Repair.clean.pdb,0.0,0.0,18.0,13.0,576.0,17.0,11.0,0.0,9.0,0.0,11.0,32.0,0.0,23.0,17.0,-2.6848000000000027,0.023699999999999832,1.709800000000001,0.15172000000000008,0.18834000000000195,0.4816000000000002,0.2758700000000003,-0.6883999999999979,0.6736000000000004,-0.06452999999999998,0.2037400000000007,0.4750699999999997,0.0,0.0,0.0,0.062391999999999996,-0.05310000000000015,0.0,0.0,0.0,-0.05070699999999995,0.0,0.000994700000000015,0.0,532.0,0.0,0.0,0.0,0.0,45.5559,12.9888,-18.4726,-7.00132,-8.97966,-15.4125,-3.6821699999999997,22.6084,-17.8197,1.3409,7.33902,2.9241,0.0,0.0,0.0,0.8220350000000001,2.49431,0.0,0.0,-4.4408900000000007e-16,-0.698254,0.0,0.0866449,2.384,36.0,0.0,0.0,0.0,74.31500000000005,273.9849999999988,348.2950000000019,7435.47,16526.24,23961.71,7407.09,16501.38,23908.47
1JRH.mut.6.D54A_Repair.clean.pdb,0.0,0.0,14.0,10.0,566.0,15.0,11.0,0.0,7.0,0.0,11.0,30.0,0.0,22.0,16.0,0.7134999999999962,-0.011499999999999844,0.3310999999999993,0.11934999999999985,0.7245400000000011,0.6027000000000005,1.12834,-2.0887,0.5442,-0.20049000000000008,-0.4806200000000001,-0.09116999999999996,0.0,0.0,0.0,0.049687999999999836,-0.09004000000000012,0.0,0.0,0.0,0.02056200000000008,0.0,0.0026241000000000038,0.0,532.0,1.0,0.0,0.0,0.0,45.5559,12.9888,-18.4726,-7.00132,-8.97966,-15.4125,-3.6821699999999997,22.6084,-17.8197,1.3409,7.33902,2.9241,0.0,0.0,0.0,0.8220350000000001,2.49431,0.0,0.0,-4.4408900000000007e-16,-0.698254,0.0,0.0866449,2.384,36.0,0.0,0.0,0.0,74.49000000000024,274.4400000000005,348.9349999999995,7454.08,16438.54,23892.61,7407.09,16501.38,23908.47
1JRH.mut.7.D56A_Repair.clean.pdb,0.0,0.0,15.0,8.0,586.0,16.0,14.0,0.0,8.0,0.0,11.0,36.0,0.0,22.0,18.0,0.24259999999999596,-0.21319999999999872,-0.08399999999999963,0.023809999999999217,0.15851000000000148,0.08789999999999942,0.56793,-0.773299999999999,-0.0376999999999974,-0.08732000000000006,-0.1981799999999998,0.15469000000000002,0.0,0.0,0.0,-0.008848000000000078,0.02825999999999995,0.0,0.0,0.0,0.02921200000000002,0.0,-0.0007575000000000082,0.0,532.0,1.0,0.0,0.0,0.0,45.5559,12.9888,-18.4726,-7.00132,-8.97966,-15.4125,-3.6821699999999997,22.6084,-17.8197,1.3409,7.33902,2.9241,0.0,0.0,0.0,0.8220350000000001,2.49431,0.0,0.0,-4.4408900000000007e-16,-0.698254,0.0,0.0866449,2.384,36.0,0.0,0.0,0.0,75.4499999999998,272.3199999999997,347.77000000000044,7460.43,16428.27,23888.7,7407.09,16501.38,23908.47
1JRH.mut.8.Y99A_Repair.clean.pdb,0.0,0.0,16.0,8.0,528.0,16.0,11.0,0.0,9.0,0.0,11.0,32.0,0.0,22.0,13.0,-0.09530000000000173,0.1593,1.4584000000000008,0.5764100000000001,0.5696200000000022,1.1010999999999989,0.030460000000000157,-1.1311,1.3346000000000018,-0.517293,-0.7768800000000011,0.2592300000000001,0.0,0.0,0.0,0.004680999999999935,-0.4577800000000001,0.0,0.0,0.0,0.0074859999999999935,0.0,0.0,0.0,532.0,-1.0,0.0,0.0,0.0,45.5559,12.9888,-18.4726,-7.00132,-8.97966,-15.4125,-3.6821699999999997,22.6084,-17.8197,1.3409,7.33902,2.9241,0.0,0.0,0.0,0.8220350000000001,2.49431,0.0,0.0,-4.4408900000000007e-16,-0.698254,0.0,0.0866449,2.384,36.0,0.0,0.0,0.0,95.43499999999996,245.2749999999996,340.71000000000095,7474.03,16416.86,23890.89,7407.09,16501.38,23908.47
1JRH.mut.9.N79A_Repair.clean.pdb,0.0,0.0,18.0,9.0,590.0,17.0,13.0,0.0,9.0,0.0,10.0,34.0,0.0,24.0,16.0,-0.15160000000000196,-0.06729999999999947,1.2261999999999986,0.22810999999999826,0.09374000000000038,-0.12260000000000025,0.04071000000000025,0.11019999999999897,-0.14869999999999806,-0.31333999999999995,0.15566999999999884,1.1306599999999998,0.0,0.0,0.0,0.04739199999999999,-0.021380000000000177,0.0,0.0,0.0,0.002754000000000034,0.0,0.0016277000000000095,0.0,532.0,0.0,0.0,0.0,0.0,45.5559,12.9888,-18.4726,-7.00132,-8.97966,-15.4125,-3.6821699999999997,22.6084,-17.8197,1.3409,7.33902,2.9241,0.0,0.0,0.0,0.8220350000000001,2.49431,0.0,0.0,-4.4408900000000007e-16,-0.698254,0.0,0.0866449,2.384,36.0,0.0,0.0,0.0,76.40499999999975,272.9349999999995,349.3449999999993,7436.38,16468.9,23905.27,7407.09,16501.38,23908.47
1JRH.mut.10.W82A_Repair.clean.pdb,0.0,0.0,18.0,9.0,567.0,17.0,15.0,0.0,9.0,0.0,6.0,28.0,0.0,23.0,17.0,0.03649999999999665,-0.10239999999999938,2.161200000000001,0.010430000000001272,-0.025399999999999427,0.8733000000000004,-0.0073299999999996155,-0.12569999999999834,1.4146,-0.013029999999999877,0.060240000000001175,-0.0042599999999999305,0.0,0.0,0.0,-0.023380000000000067,-0.026450000000000085,0.0,0.0,0.0,0.0016080000000000536,0.0,0.0,0.0,532.0,0.0,0.0,0.0,0.0,45.5559,12.9888,-18.4726,-7.00132,-8.97966,-15.4125,-3.6821699999999997,22.6084,-17.8197,1.3409,7.33902,2.9241,0.0,0.0,0.0,0.8220350000000001,2.49431,0.0,0.0,-4.4408900000000007e-16,-0.698254,0.0,0.0866449,2.384,36.0,0.0,0.0,0.0,74.58500000000005,274.6000000000004,349.1850000000013,7454.34,16500.87,23955.21,7407.09,16501.38,23908.47
1JRH.mut.11.R84A_Repair.clean.pdb,0.0,0.0,18.0,9.0,575.0,17.0,13.0,0.0,4.0,0.0,11.0,35.0,0.0,22.0,15.0,0.6011999999999986,-1.623099999999999,1.2798000000000016,-0.004399999999998627,-0.005339999999998568,0.4551999999999996,1.6590100000000003,-0.8072999999999979,0.3859999999999992,-0.19069000000000005,-0.7041399999999998,0.2339499999999997,0.0,0.0,0.0,-0.047208000000000035,-0.021749999999999936,0.0,0.0,0.0,0.304642,0.0,0.0,0.0,532.0,-2.0,0.0,0.0,0.0,45.5559,12.9888,-18.4726,-7.00132,-8.97966,-15.4125,-3.6821699999999997,22.6084,-17.8197,1.3409,7.33902,2.9241,0.0,0.0,0.0,0.8220350000000001,2.49431,0.0,0.0,-4.4408900000000007e-16,-0.698254,0.0,0.0866449,2.384,36.0,0.0,0.0,0.0,74.29500000000007,274.6850000000013,348.9800000000014,7438.57,16458.05,23896.62,7407.09,16501.38,23908.47
1JRH.mut.12.Y91A_Repair.clean.pdb,0.0,0.0,19.0,11.0,575.0,17.0,12.0,0.0,9.0,0.0,11.0,35.0,0.0,23.0,15.0,-0.09649999999999892,-0.05790000000000006,-0.6122000000000014,-0.1192600000000006,-0.11397999999999975,-0.2777000000000012,-0.011549999999999729,0.05250000000000199,-0.4367999999999981,0.03814000000000006,0.16353000000000062,0.14368999999999987,0.0,0.0,0.0,-0.053815000000000064,0.3892800000000003,0.0,0.0,0.0,1.0000000000287557e-06,0.0,0.0030357000000000023,0.0,532.0,0.0,0.0,0.0,0.0,45.5559,12.9888,-18.4726,-7.00132,-8.97966,-15.4125,-3.6821699999999997,22.6084,-17.8197,1.3409,7.33902,2.9241,0.0,0.0,0.0,0.8220350000000001,2.49431,0.0,0.0,-4.4408900000000007e-16,-0.698254,0.0,0.0866449,2.384,36.0,0.0,0.0,0.0,75.53999999999995,272.2800000000006,347.8199999999997,7420.33,16494.05,23914.38,7407.09,16501.38,23908.47
1JRH.mut.13.W92A_Repair.clean.pdb,0.0,0.0,17.0,10.0,510.0,16.0,11.0,0.0,9.0,0.0,4.0,15.0,0.0,22.0,16.0,0.7676000000000016,-0.0129999999999999,3.2310000000000003,0.4868199999999998,1.108700000000001,1.5934999999999988,0.19171000000000005,-1.7028999999999996,2.2102000000000004,-0.23353,-0.24925,-0.14463000000000026,0.0,0.0,0.0,-0.0486930000000001,-0.02003000000000021,0.0,0.0,0.0,0.018871000000000082,0.0,0.0,0.0,532.0,2.0,0.0,0.0,0.0,45.5559,12.9888,-18.4726,-7.00132,-8.97966,-15.4125,-3.6821699999999997,22.6084,-17.8197,1.3409,7.33902,2.9241,0.0,0.0,0.0,0.8220350000000001,2.49431,0.0,0.0,-4.4408900000000007e-16,-0.698254,0.0,0.0866449,2.384,36.0,0.0,0.0,0.0,82.24499999999989,260.97999999999956,343.2300000000014,7431.33,16522.54,23953.87,7407.09,16501.38,23908.47
1JRH.mut.14.K98A_Repair.clean.pdb,0.0,0.0,17.0,7.0,584.0,16.0,14.0,0.0,8.0,0.0,10.0,34.0,0.0,22.0,16.0,-0.21979999999999933,-0.08099999999999953,0.7666000000000004,0.022230000000001304,0.6817000000000011,0.3652999999999995,0.44371000000000027,-0.6448,0.4860000000000007,-0.005889999999999951,-0.5312899999999994,-0.1477599999999999,0.0,0.0,0.0,-0.008968000000000087,-0.00830999999999982,0.0,0.0,0.0,0.1061970000000001,0.0,0.0,0.0,532.0,1.0,0.0,0.0,0.0,45.5559,12.9888,-18.4726,-7.00132,-8.97966,-15.4125,-3.6821699999999997,22.6084,-17.8197,1.3409,7.33902,2.9241,0.0,0.0,0.0,0.8220350000000001,2.49431,0.0,0.0,-4.4408900000000007e-16,-0.698254,0.0,0.0866449,2.384,36.0,0.0,0.0,0.0,75.91999999999963,270.91499999999905,346.8349999999992,7448.52,16408.2,23856.72,7407.09,16501.38,23908.47
1JRH.mut.15.W56F_Repair.clean.pdb,0.0,0.0,17.0,9.0,582.0,16.0,13.0,0.0,9.0,0.0,11.0,36.0,0.0,22.0,16.0,-0.0438000000000045,-0.7458999999999989,-0.6453999999999986,0.0022500000000000853,0.5955400000000015,0.1039999999999992,0.2677899999999997,-0.8654000000000011,-0.10790000000000076,-0.1318600000000001,-0.42128999999999817,-0.17390000000000014,0.0,0.0,0.0,-0.024436000000000124,-0.008319999999999883,0.0,0.0,0.0,0.10973700000000007,0.0,0.0,0.0,532.0,1.0,0.0,0.0,0.0,45.5559,12.9888,-18.4726,-7.00132,-8.97966,-15.4125,-3.6821699999999997,22.6084,-17.8197,1.3409,7.33902,2.9241,0.0,0.0,0.0,0.8220350000000001,2.49431,0.0,0.0,-4.4408900000000007e-16,-0.698254,0.0,0.0866449,2.384,36.0,0.0,0.0,0.0,82.05999999999995,264.9950000000008,347.0550000000003,7461.56,16457.27,23918.83,7407.09,16501.38,23908.47
1VFB.mut.25.H30A_Repair.clean.pdb,0.0,0.0,12.0,10.0,392.0,14.0,6.0,0.0,0.0,0.0,0.0,21.0,0.0,17.0,5.0,-0.5477999999999987,-0.07513999999999932,-1.0480999999999998,0.4245400000000004,0.4183999999999983,0.0602999999999998,-0.04364999999999997,-1.0264999999999986,-0.1487999999999996,0.03465999999999991,-0.12484000000000027,-0.61754,0.0,0.0,0.0,-0.006096499999999991,-0.01648000000000005,0.0,0.0,-7.1054199999999994e-15,0.00023200000000001,0.0,-0.018979500000000052,0.0,352.0,-1.0,0.0,0.0,0.0,12.9758,9.124310000000001,-13.5769,-4.13665,-12.4924,-11.8681,-1.40411,20.0001,-12.4299,1.4662899999999999,4.12293,2.9855400000000003,0.0,0.0,0.0,0.0929846,2.0206,-0.0690558,0.0,3.5527099999999997e-15,0.136581,0.0,0.0189795,2.384,35.0,0.0,0.0,0.0,76.41499999999995,288.0949999999993,364.51000000000016,4716.53,12098.77,16815.29,4676.71,12160.92,16837.63
1VFB.mut.27.T30A_Repair.clean.pdb,0.0,0.0,11.0,9.0,393.0,15.0,5.0,0.0,0.0,0.0,0.0,20.0,0.0,18.0,5.0,-0.008099999999998886,-0.015109999999999957,-0.022999999999999687,-0.006829999999999893,0.10749999999999993,0.04690000000000083,-0.005700000000000038,-0.11580000000000013,0.04129999999999967,-0.0046400000000002,-0.07469999999999999,-0.013020000000000032,0.0,0.0,0.0,-0.0026150000000000058,-0.011709999999999887,0.0,0.0,0.0,0.00448599999999999,0.0,0.0,0.0,352.0,0.0,0.0,0.0,0.0,12.9758,9.124310000000001,-13.5769,-4.13665,-12.4924,-11.8681,-1.40411,20.0001,-12.4299,1.4662899999999999,4.12293,2.9855400000000003,0.0,0.0,0.0,0.0929846,2.0206,-0.0690558,0.0,3.5527099999999997e-15,0.136581,0.0,0.0189795,2.384,35.0,0.0,0.0,0.0,81.98000000000002,285.6950000000006,367.67499999999933,4711.09,12117.4,16828.49,4676.71,12160.92,16837.63
1VFB.mut.29.T53A_Repair.clean.pdb,0.0,0.0,11.0,10.0,396.0,14.0,6.0,0.0,0.0,0.0,0.0,20.0,0.0,17.0,6.0,0.12240000000000073,0.01115000000000066,0.4718999999999998,0.0,0.9402000000000008,0.10670000000000003,-0.0112000000000001,-0.2674999999999983,0.07510000000000082,-0.013990000000000169,-0.3440000000000003,-0.01152000000000042,0.0,0.0,0.0,-0.001703099999999999,-0.05258999999999992,4.7699999999997744e-05,0.0,0.0,-0.00028000000000000247,0.0,0.0,0.0,352.0,-1.0,0.0,0.0,0.0,12.9758,9.124310000000001,-13.5769,-4.13665,-12.4924,-11.8681,-1.40411,20.0001,-12.4299,1.4662899999999999,4.12293,2.9855400000000003,0.0,0.0,0.0,0.0929846,2.0206,-0.0690558,0.0,3.5527099999999997e-15,0.136581,0.0,0.0189795,2.384,35.0,0.0,0.0,0.0,77.45000000000027,290.8350000000001,368.2849999999999,4706.53,12125.16,16831.69,4676.71,12160.92,16837.63
1VFB.mut.31.R99A_Repair.clean.pdb,0.0,0.0,12.0,8.0,381.0,15.0,5.0,0.0,0.0,0.0,0.0,20.0,0.0,18.0,4.0,-0.23669999999999905,0.027320000000001343,-0.9761000000000006,-0.02985999999999933,-0.3880999999999997,0.35389999999999944,0.18127000000000004,-0.2282000000000011,0.2098999999999993,0.06465999999999994,0.0725699999999998,-0.9972500000000004,0.0,0.0,0.0,-0.008891200000000002,-0.17847999999999994,-0.14935520000000002,0.0,0.0,-0.05697310000000001,0.0,0.0,0.0,352.0,-2.0,0.0,0.0,0.0,12.9758,9.124310000000001,-13.5769,-4.13665,-12.4924,-11.8681,-1.40411,20.0001,-12.4299,1.4662899999999999,4.12293,2.9855400000000003,0.0,0.0,0.0,0.0929846,2.0206,-0.0690558,0.0,3.5527099999999997e-15,0.136581,0.0,0.0189795,2.384,35.0,0.0,0.0,0.0,78.31000000000041,286.6849999999995,364.994999999999,4712.23,12093.54,16805.77,4676.71,12160.92,16837.63
1VFB.mut.33.S93A_Repair.clean.pdb,0.0,0.0,10.0,11.0,395.0,15.0,6.0,0.0,0.0,0.0,0.0,20.0,0.0,18.0,5.0,0.5750000000000011,-0.0021199999999996773,-0.09379999999999987,0.0038300000000006658,-0.007199999999999206,0.009299999999999642,0.0075099999999999065,-0.0686,-0.10389999999999944,0.06502999999999992,0.004509999999999792,-0.0026000000000001573,0.0,0.0,0.0,-0.0038191000000000063,0.020780000000000243,0.0016508000000000078,0.0,0.0,0.00031799999999998496,0.0,0.0,0.0,352.0,0.0,0.0,0.0,0.0,12.9758,9.124310000000001,-13.5769,-4.13665,-12.4924,-11.8681,-1.40411,20.0001,-12.4299,1.4662899999999999,4.12293,2.9855400000000003,0.0,0.0,0.0,0.0929846,2.0206,-0.0690558,0.0,3.5527099999999997e-15,0.136581,0.0,0.0189795,2.384,35.0,0.0,0.0,0.0,82.69499999999971,284.89500000000044,367.59000000000015,4713.3,12125.68,16838.98,4676.71,12160.92,16837.63
1VFB.mut.34.Y50F_Repair.clean.pdb,0.0,0.0,12.0,8.0,391.0,16.0,5.0,0.0,0.0,0.0,0.0,20.0,0.0,17.0,4.0,0.011200000000000545,-0.3584599999999991,1.0695999999999994,-0.6854099999999992,0.5504999999999995,0.09309999999999974,0.21934999999999996,-0.06159999999999855,-0.031299999999999883,0.08648999999999972,0.6818400000000002,0.20859999999999967,0.0,0.0,0.0,-0.006254899999999994,-0.11685999999999995,0.0002067999999999931,0.0,0.0,0.014094999999999996,0.0,-0.00012179999999999828,0.0,352.0,1.0,0.0,0.0,0.0,12.9758,9.124310000000001,-13.5769,-4.13665,-12.4924,-11.8681,-1.40411,20.0001,-12.4299,1.4662899999999999,4.12293,2.9855400000000003,0.0,0.0,0.0,0.0929846,2.0206,-0.0690558,0.0,3.5527099999999997e-15,0.136581,0.0,0.0189795,2.384,35.0,0.0,0.0,0.0,79.19000000000005,290.5,369.6900000000005,4695.01,12121.86,16816.87,4676.71,12160.92,16837.63
1VFB.mut.35.Y32F_Repair.clean.pdb,0.0,0.0,14.0,9.0,394.0,15.0,5.0,0.0,0.0,0.0,0.0,20.0,0.0,18.0,4.0,-0.04720000000000013,0.028180000000000763,-0.4487000000000005,-0.8881199999999979,-1.2557000000000011,-0.10389999999999944,0.21574000000000004,0.726700000000001,-0.1402000000000001,0.10273,0.7001400000000002,0.2056499999999999,0.0,0.0,0.0,-0.007153900000000005,0.03017000000000003,0.00017060000000000686,0.0,0.0,-0.004821000000000021,0.0,0.0,0.0,352.0,0.0,0.0,0.0,0.0,12.9758,9.124310000000001,-13.5769,-4.13665,-12.4924,-11.8681,-1.40411,20.0001,-12.4299,1.4662899999999999,4.12293,2.9855400000000003,0.0,0.0,0.0,0.0929846,2.0206,-0.0690558,0.0,3.5527099999999997e-15,0.136581,0.0,0.0189795,2.384,35.0,0.0,0.0,0.0,80.65499999999975,287.45499999999987,368.11499999999984,4700.55,12116.01,16816.55,4676.71,12160.92,16837.63
1AHW.mut.36.Y157A_Repair.clean.pdb,0.0,0.0,25.0,8.0,526.0,20.0,5.0,0.0,1.0,0.0,0.0,28.0,1.0,25.0,15.0,-0.043000000000006366,-1.1394999999999982,0.2332000000000001,0.05585999999999913,0.0,0.1468999999999987,0.07755000000000001,-0.1311,0.2637999999999998,-0.05985000000000085,-0.1757799999999996,-0.03747000000000078,0.0,0.0,0.0,0.035700000000000065,-0.005390000000000228,0.0,0.0,0.0,0.05759000000000002,0.0,0.0,0.0,1272.0,-3.0,0.0,0.0,0.0,108.051,51.966,-17.9423,-9.174710000000001,-14.9653,-18.5799,-3.68669,31.3169,-20.7733,4.1963099999999995,9.77768,4.0387699999999995,0.0,0.0,-4.4408900000000007e-16,0.837957,3.3360800000000004,0.0,0.0,3.5527099999999997e-15,-0.971036,0.0,0.0410655,2.384,53.0,0.0,0.0,0.0,-3689.86,-11133.79,-14823.66,15301.24,46556.92,61858.17,15279.74,46567.53,61847.27
1AHW.mut.37.T167A_Repair.clean.pdb,0.0,0.0,25.0,8.0,512.0,20.0,4.0,0.0,1.0,0.0,0.0,25.0,0.0,26.0,19.0,-0.2930000000000064,-0.11659999999999825,0.27560000000000073,-0.04288000000000025,0.0012999999999987464,0.6520999999999972,0.006409999999999805,-0.6970999999999989,0.9315999999999997,-0.22234000000000045,-0.3081200000000006,0.05325999999999986,0.0,0.0,0.0,-0.08641499999999991,-0.11465000000000057,0.0,0.0,0.0,-0.012283000000000044,0.0,4.269999999999968e-05,0.0,1272.0,-1.0,0.0,0.0,0.0,108.051,51.966,-17.9423,-9.174710000000001,-14.9653,-18.5799,-3.68669,31.3169,-20.7733,4.1963099999999995,9.77768,4.0387699999999995,0.0,0.0,-4.4408900000000007e-16,0.837957,3.3360800000000004,0.0,0.0,3.5527099999999997e-15,-0.971036,0.0,0.0410655,2.384,53.0,0.0,0.0,0.0,-3676.665,-11153.41,-14830.085,15301.15,46542.35,61843.5,15279.74,46567.53,61847.27
1AHW.mut.38.T170A_Repair.clean.pdb,0.0,0.0,26.0,8.0,527.0,20.0,5.0,0.0,1.0,0.0,0.0,28.0,1.0,25.0,16.0,0.0210000000000008,-1.9678000000000042,-0.2162000000000006,0.027129999999999654,-0.07089999999999996,-0.027300000000000324,-0.006479999999999818,-0.09130000000000038,-0.12590000000000146,0.0248999999999997,0.048619999999999663,0.04514999999999958,0.0,0.0,0.0,-0.04340299999999997,-0.028490000000000126,0.0,0.0,0.0,0.00322699999999998,0.0,0.0,0.0,1272.0,1.0,0.0,0.0,0.0,108.051,51.966,-17.9423,-9.174710000000001,-14.9653,-18.5799,-3.68669,31.3169,-20.7733,4.1963099999999995,9.77768,4.0387699999999995,0.0,0.0,-4.4408900000000007e-16,0.837957,3.3360800000000004,0.0,0.0,3.5527099999999997e-15,-0.971036,0.0,0.0410655,2.384,53.0,0.0,0.0,0.0,-3685.52,-11140.935,-14826.46,15303.52,46540.91,61844.43,15279.74,46567.53,61847.27
1AHW.mut.39.D178A_Repair.clean.pdb,0.0,0.0,25.0,9.0,527.0,20.0,5.0,0.0,1.0,0.0,0.0,28.0,1.0,26.0,16.0,-0.08599999999999852,-0.1208999999999989,-0.3780999999999999,-0.00651000000000046,-0.004800000000001248,0.03289999999999793,-0.20126,-0.2248000000000019,0.005299999999998306,0.004749999999999588,0.29641999999999946,-0.04951000000000061,0.0,0.0,0.0,-0.003619000000000039,-0.007640000000000312,0.0,0.0,0.0,-0.22713400000000014,0.0,0.0,0.0,1272.0,-1.0,0.0,0.0,0.0,108.051,51.966,-17.9423,-9.174710000000001,-14.9653,-18.5799,-3.68669,31.3169,-20.7733,4.1963099999999995,9.77768,4.0387699999999995,0.0,0.0,-4.4408900000000007e-16,0.837957,3.3360800000000004,0.0,0.0,3.5527099999999997e-15,-0.971036,0.0,0.0410655,2.384,53.0,0.0,0.0,0.0,-3690.360000000001,-11134.275,-14824.635,15335.29,46501.96,61837.25,15279.74,46567.53,61847.27
1AHW.mut.40.T197A_Repair.clean.pdb,0.0,0.0,26.0,8.0,527.0,20.0,5.0,0.0,1.0,0.0,0.0,28.0,1.0,27.0,19.0,0.2639999999999958,-1.3635000000000022,-0.4239999999999995,-0.010340000000001126,-0.03850000000000087,0.17830000000000013,0.09698999999999992,-0.4560999999999993,0.06980000000000075,0.029329999999999856,0.2507199999999994,-0.42920000000000025,0.0,0.0,0.0,-0.07556999999999993,-0.1239100000000004,0.0,0.0,0.0,-0.03951400000000005,0.0,4.269999999999968e-05,0.0,1272.0,-2.0,0.0,0.0,0.0,108.051,51.966,-17.9423,-9.174710000000001,-14.9653,-18.5799,-3.68669,31.3169,-20.7733,4.1963099999999995,9.77768,4.0387699999999995,0.0,0.0,-4.4408900000000007e-16,0.837957,3.3360800000000004,0.0,0.0,3.5527099999999997e-15,-0.971036,0.0,0.0410655,2.384,53.0,0.0,0.0,0.0,-3679.29,-11148.295000000002,-14827.59,15321.3,46512.41,61833.71,15279.74,46567.53,61847.27
1AHW.mut.41.V198A_Repair.clean.pdb,0.0,0.0,24.0,8.0,521.0,20.0,5.0,0.0,1.0,0.0,0.0,28.0,1.0,25.0,16.0,-0.009000000000000341,-0.054500000000004434,0.6192999999999991,0.013009999999999522,-0.05510000000000126,0.1526999999999994,0.5484200000000001,-0.30519999999999925,0.10289999999999823,0.049010000000000005,-0.3837299999999999,0.3059799999999999,0.0,0.0,0.0,-0.008869000000000016,-0.4920800000000005,0.0,0.0,0.0,0.20014,0.0,0.0,0.0,1272.0,-1.0,0.0,0.0,0.0,108.051,51.966,-17.9423,-9.174710000000001,-14.9653,-18.5799,-3.68669,31.3169,-20.7733,4.1963099999999995,9.77768,4.0387699999999995,0.0,0.0,-4.4408900000000007e-16,0.837957,3.3360800000000004,0.0,0.0,3.5527099999999997e-15,-0.971036,0.0,0.0410655,2.384,53.0,0.0,0.0,0.0,-3696.99,-11134.449999999995,-14831.44,15280.24,46579.88,61860.11,15279.74,46567.53,61847.27
1DVF.mut.49.Y101A_Repair.clean.pdb,0.0,0.0,15.0,5.0,440.0,11.0,5.0,0.0,9.0,0.0,3.0,13.0,1.0,15.0,5.0,-0.18430000000000035,-0.6263000000000041,3.7683000000000018,1.1132799999999998,2.8848399999999987,0.9200000000000016,-0.10401000000000016,-0.7633999999999972,0.9972000000000012,-0.3180459999999999,-0.4282599999999994,-0.5177900000000006,0.0,0.0,0.0,-0.010484999999999968,0.08579999999999988,0.0,0.0,0.0,-0.010267999999999944,0.0,0.005260899999999999,0.0,451.0,-1.0,0.0,0.0,0.0,31.1138,32.5842,-16.164,-3.5025199999999996,-11.3361,-13.9562,-2.96055,22.4091,-14.6385,0.7785479999999999,3.7989900000000003,3.8554800000000014,0.0,0.0,0.0,0.279852,2.17542,0.0,0.0,1.77636e-15,-0.9353739999999999,0.0,0.043188599999999994,2.384,44.0,0.0,0.0,0.0,72.40999999999985,290.6100000000006,363.02000000000055,5793.18,15047.14,20840.32,5763.77,15080.17,20843.95
1DVF.mut.59.Q100A_Repair.clean.pdb,0.0,0.0,15.0,6.0,440.0,11.0,6.0,0.0,10.0,0.0,3.0,12.0,1.0,16.0,8.0,0.14609999999999698,-0.3385000000000033,0.4750000000000014,0.021129999999999868,0.0968,0.9625000000000004,0.06437999999999988,-1.8266999999999989,0.8022000000000009,0.041049,0.8253799999999999,-0.5161700000000011,0.0,0.0,0.0,-0.024661999999999958,-0.0042799999999996174,0.0,0.0,0.0,0.02942700000000009,0.0,-0.00020939999999999848,0.0,451.0,0.0,0.0,0.0,0.0,31.1138,32.5842,-16.164,-3.5025199999999996,-11.3361,-13.9562,-2.96055,22.4091,-14.6385,0.7785479999999999,3.7989900000000003,3.8554800000000014,0.0,0.0,0.0,0.279852,2.17542,0.0,0.0,1.77636e-15,-0.9353739999999999,0.0,0.043188599999999994,2.384,44.0,0.0,0.0,0.0,94.80499999999985,256.75500000000005,351.5599999999995,5795.79,15034.23,20830.02,5763.77,15080.17,20843.95
1DVF.mut.63.N54A_Repair.clean.pdb,0.0,0.0,19.0,6.0,478.0,12.0,5.0,0.0,8.0,0.0,3.0,15.0,1.0,15.0,8.0,0.22839999999999705,-1.0803000000000011,1.5481000000000016,0.014739999999999753,2.4543800000000005,0.2184000000000008,-0.0660400000000001,-0.3298999999999985,0.09420000000000073,-0.09702099999999993,-0.4538200000000003,-0.2856000000000005,0.0,0.0,0.0,0.01633800000000002,-0.03263999999999978,0.0,0.0,0.0,-0.02548699999999993,0.0,0.007962099999999986,0.0,451.0,0.0,0.0,0.0,0.0,31.1138,32.5842,-16.164,-3.5025199999999996,-11.3361,-13.9562,-2.96055,22.4091,-14.6385,0.7785479999999999,3.7989900000000003,3.8554800000000014,0.0,0.0,0.0,0.279852,2.17542,0.0,0.0,1.77636e-15,-0.9353739999999999,0.0,0.043188599999999994,2.384,44.0,0.0,0.0,0.0,79.8449999999998,279.4449999999997,359.29499999999825,5841.64,14979.95,20821.58,5763.77,15080.17,20843.95
1DVF.mut.64.I97A_Repair.clean.pdb,0.0,0.0,18.0,4.0,466.0,12.0,3.0,0.0,9.0,0.0,3.0,13.0,1.0,16.0,7.0,0.10989999999999966,-1.0421000000000014,1.9314000000000016,0.1704699999999999,1.2349999999999994,0.3989000000000011,0.05645999999999996,-0.07659999999999911,0.9436999999999998,-0.06067199999999984,-0.7858999999999998,0.07303999999999887,0.0,0.0,0.0,0.007636000000000032,-0.23681,0.0,0.0,0.0,-0.034600999999999986,0.0,0.004095399999999999,0.0,451.0,0.0,0.0,0.0,0.0,31.1138,32.5842,-16.164,-3.5025199999999996,-11.3361,-13.9562,-2.96055,22.4091,-14.6385,0.7785479999999999,3.7989900000000003,3.8554800000000014,0.0,0.0,0.0,0.279852,2.17542,0.0,0.0,1.77636e-15,-0.9353739999999999,0.0,0.043188599999999994,2.384,44.0,0.0,0.0,0.0,63.51500000000033,295.1099999999997,358.625,5767.4,15096.02,20863.42,5763.77,15080.17,20843.95
1DVF.mut.65.Y98A_Repair.clean.pdb,0.0,0.0,17.0,6.0,382.0,11.0,4.0,0.0,8.0,0.0,0.0,9.0,1.0,15.0,8.0,0.2137999999999991,-0.17440000000000566,4.208800000000002,-0.2100900000000001,3.60465,2.0900000000000016,0.5663300000000002,-2.6545999999999985,2.5508000000000006,-0.16819299999999993,-1.2022899999999999,-0.2741800000000008,0.0,0.0,0.0,-0.10779999999999998,-0.3378599999999998,0.0,0.0,0.0,0.010373999999999994,0.0,0.0038414000000000018,0.0,451.0,-4.0,0.0,0.0,0.0,31.1138,32.5842,-16.164,-3.5025199999999996,-11.3361,-13.9562,-2.96055,22.4091,-14.6385,0.7785479999999999,3.7989900000000003,3.8554800000000014,0.0,0.0,0.0,0.279852,2.17542,0.0,0.0,1.77636e-15,-0.9353739999999999,0.0,0.043188599999999994,2.384,44.0,0.0,0.0,0.0,100.26499999999987,244.74499999999992,345.01000000000016,5786.17,15065.22,20851.39,5763.77,15080.17,20843.95
3HFM.mut.71.W98A_Repair.clean.pdb,0.0,0.0,18.0,16.0,454.0,11.0,6.0,0.0,1.0,0.0,0.0,7.0,0.0,17.0,12.0,-0.492999999999995,-0.6216000000000008,0.49918,0.0559700000000003,0.18854999999999933,0.7189000000000014,0.064087,-1.152000000000001,0.7420999999999989,-0.12883000000000022,0.22503000000000029,-0.0007500000000000284,0.0,0.0,0.0,-0.21427000000000015,-0.00783999999999807,0.0,0.0,1.7763199999999994e-15,0.0004350000000000187,0.0,0.0,0.0,558.0,0.0,0.0,0.0,0.0,147.036,36.7151,-2.739,-2.833,-8.40276,-15.6018,-0.382623,24.8195,-15.8753,2.6673,6.4298,5.37141,0.0,0.0,0.0,1.5502,6.58095,0.0,0.0,8.88178e-15,-0.481706,0.0,-4.16334e-17,2.384,38.0,1.0,0.0,1.0,85.09000000000015,378.29999999999933,463.3949999999986,7024.66,20088.97,27113.63,6993.79,20082.62,27076.41
3HFM.mut.72.W98F_Repair.clean.pdb,0.0,0.0,17.0,17.0,485.0,11.0,7.0,0.0,1.0,0.0,0.0,14.0,0.0,17.0,13.0,-0.1949999999999932,-0.6169999999999973,-0.80586,-0.016249999999999876,0.05399000000000065,-0.1277999999999988,0.169046,-0.4762000000000022,-0.5845000000000021,0.013970000000000038,0.3275800000000002,-0.03261000000000003,0.0,0.0,0.0,-0.12095000000000013,0.06836000000000197,0.0,0.0,1.7763199999999994e-15,-0.012203999999999993,0.0,0.0,0.0,558.0,0.0,0.0,0.0,0.0,147.036,36.7151,-2.739,-2.833,-8.40276,-15.6018,-0.382623,24.8195,-15.8753,2.6673,6.4298,5.37141,0.0,0.0,0.0,1.5502,6.58095,0.0,0.0,8.88178e-15,-0.481706,0.0,-4.16334e-17,2.384,38.0,1.0,0.0,1.0,88.33499999999958,378.75499999999914,467.09000000000196,7030.96,20058.16,27089.12,6993.79,20082.62,27076.41
3HFM.mut.83.S100A_Repair.clean.pdb,0.0,0.0,13.0,16.0,395.0,9.0,6.0,0.0,1.0,0.0,0.0,10.0,0.0,13.0,11.0,-2.244,-0.3474000000000004,-3.4328900000000004,0.4991100000000004,0.908870000000002,1.6682000000000006,-0.337972,-3.273900000000001,0.8310999999999993,-0.04285999999999968,-0.5485300000000004,-2.4729099999999997,0.0,0.0,0.0,-0.718371,-0.20615999999999968,0.0,0.0,0.0,0.054348000000000014,0.0,0.0,0.0,558.0,0.0,0.0,0.0,0.0,147.036,36.7151,-2.739,-2.833,-8.40276,-15.6018,-0.382623,24.8195,-15.8753,2.6673,6.4298,5.37141,0.0,0.0,0.0,1.5502,6.58095,0.0,0.0,8.88178e-15,-0.481706,0.0,-4.16334e-17,2.384,38.0,1.0,0.0,1.0,93.69000000000004,374.07999999999987,467.75499999999914,7022.22,20057.23,27079.46,6993.79,20082.62,27076.41
3HFM.mut.84.D101A_Repair.clean.pdb,0.0,0.0,19.0,13.0,442.0,10.0,9.0,0.0,1.0,0.0,0.0,12.0,0.0,15.0,11.0,-0.4000000000000057,-0.24210000000000065,-3.9184300000000016,0.007570000000000299,-1.0867199999999997,0.6498000000000008,0.556082,-2.4236000000000004,0.35939999999999905,-0.3900899999999998,-0.3379300000000001,-1.11714,0.0,0.0,0.0,-0.14111000000000007,-0.5226599999999992,0.0,0.0,0.0,0.0052400000000000216,0.0,8.32668e-17,0.0,558.0,1.0,0.0,0.0,0.0,147.036,36.7151,-2.739,-2.833,-8.40276,-15.6018,-0.382623,24.8195,-15.8753,2.6673,6.4298,5.37141,0.0,0.0,0.0,1.5502,6.58095,0.0,0.0,8.88178e-15,-0.481706,0.0,-4.16334e-17,2.384,38.0,1.0,0.0,1.0,106.56500000000004,349.79999999999933,456.36499999999984,7028.59,20048.43,27077.02,6993.79,20082.62,27076.41
3HFM.mut.85.D101N_Repair.clean.pdb,0.0,0.0,14.0,15.0,432.0,10.0,7.0,0.0,1.0,0.0,0.0,5.0,0.0,14.0,11.0,0.3900000000000432,1.1587000000000032,-3.1083800000000004,-0.015229999999999856,-1.2587700000000002,1.0019000000000011,0.557408,-2.6323000000000008,0.9624999999999986,-0.3316500000000002,-0.16263000000000005,-1.12392,0.0,0.0,0.0,-0.11179000000000006,-0.5371800000000011,0.0,0.0,0.0,0.006166000000000005,0.0,0.0,0.0,558.0,0.0,0.0,0.0,0.0,147.036,36.7151,-2.739,-2.833,-8.40276,-15.6018,-0.382623,24.8195,-15.8753,2.6673,6.4298,5.37141,0.0,0.0,0.0,1.5502,6.58095,0.0,0.0,8.88178e-15,-0.481706,0.0,-4.16334e-17,2.384,38.0,1.0,0.0,1.0,83.18000000000029,385.17499999999933,468.3549999999996,6993.42,20085.18,27078.6,6993.79,20082.62,27076.41
3HFM.mut.86.D101Q_Repair.clean.pdb,0.0,0.0,22.0,14.0,453.0,11.0,8.0,0.0,1.0,0.0,0.0,12.0,0.0,16.0,13.0,-0.7079999999999984,1.821600000000004,-2.9142600000000005,0.010660000000000114,-2.73184,0.17730000000000068,0.535979,-1.8225000000000016,0.011299999999998532,0.35236,1.0975199999999994,-1.2275400000000003,0.0,0.0,0.0,0.6732700000000003,-0.2016,0.0,0.0,0.0,0.009187999999999918,0.0,5.55112e-17,0.0,558.0,1.0,0.0,0.0,0.0,147.036,36.7151,-2.739,-2.833,-8.40276,-15.6018,-0.382623,24.8195,-15.8753,2.6673,6.4298,5.37141,0.0,0.0,0.0,1.5502,6.58095,0.0,0.0,8.88178e-15,-0.481706,0.0,-4.16334e-17,2.384,38.0,1.0,0.0,1.0,82.85500000000002,388.5949999999994,471.4449999999997,6991.67,20097.02,27088.69,6993.79,20082.62,27076.41
3HFM.mut.87.D101R_Repair.clean.pdb,0.0,0.0,17.0,12.0,483.0,9.0,9.0,0.0,1.0,0.0,0.0,9.0,0.0,15.0,14.0,1.186000000000007,0.6856999999999971,-2.97497,0.014920000000000044,-0.8677099999999989,-0.5198999999999998,0.736847,-1.240000000000002,-0.9725,0.22265999999999986,0.4524600000000003,-0.9155600000000002,0.0,0.0,0.0,0.2140099999999998,-0.4223199999999992,0.0,0.0,1.7763199999999994e-15,-0.10025999999999996,0.0,1.3877790000000002e-16,0.0,558.0,1.0,0.0,0.0,0.0,147.036,36.7151,-2.739,-2.833,-8.40276,-15.6018,-0.382623,24.8195,-15.8753,2.6673,6.4298,5.37141,0.0,0.0,0.0,1.5502,6.58095,0.0,0.0,8.88178e-15,-0.481706,0.0,-4.16334e-17,2.384,38.0,1.0,0.0,1.0,81.9699999999998,402.1599999999999,484.12000000000086,6986.64,20110.4,27097.05,6993.79,20082.62,27076.41
3HFM.mut.88.D101S_Repair.clean.pdb,0.0,0.0,19.0,13.0,448.0,11.0,9.0,0.0,1.0,0.0,0.0,6.0,0.0,16.0,13.0,-3.2830000000000155,-0.4527000000000001,-2.6545400000000003,-0.4046299999999996,-1.6260399999999997,0.7407000000000004,0.539938,-2.1224000000000025,0.9748,-0.3782700000000001,0.3155999999999999,-0.6095499999999996,0.0,0.0,0.0,-0.08898000000000006,-0.4053899999999997,0.0,0.0,0.0,0.004278000000000004,0.0,8.32668e-17,0.0,558.0,0.0,0.0,0.0,0.0,147.036,36.7151,-2.739,-2.833,-8.40276,-15.6018,-0.382623,24.8195,-15.8753,2.6673,6.4298,5.37141,0.0,0.0,0.0,1.5502,6.58095,0.0,0.0,8.88178e-15,-0.481706,0.0,-4.16334e-17,2.384,38.0,1.0,0.0,1.0,83.93499999999995,378.9850000000006,462.91499999999917,6996.84,20075.05,27071.89,6993.79,20082.62,27076.41
3HFM.mut.89.H15A_Repair.clean.pdb,0.0,0.0,25.0,11.0,479.0,12.0,6.0,0.0,1.0,0.0,0.0,10.0,0.0,18.0,13.0,-2.002000000000009,0.4384000000000015,-0.44868,0.10116000000000014,-1.5497999999999994,0.23770000000000024,0.184086,-0.5975000000000001,0.16469999999999985,1.6828599999999998,0.05654999999999965,-0.7077799999999996,0.0,0.0,0.0,-0.03285000000000005,-0.8188599999999999,0.0,0.0,0.0,0.012158000000000002,0.0,4.16334e-17,0.0,558.0,2.0,0.0,1.0,-1.0,147.036,36.7151,-2.739,-2.833,-8.40276,-15.6018,-0.382623,24.8195,-15.8753,2.6673,6.4298,5.37141,0.0,0.0,0.0,1.5502,6.58095,0.0,0.0,8.88178e-15,-0.481706,0.0,-4.16334e-17,2.384,38.0,1.0,0.0,1.0,92.42999999999985,372.63500000000016,465.0599999999995,7025.06,20038.99,27064.05,6993.79,20082.62,27076.41
3HFM.mut.90.N19D_Repair.clean.pdb,0.0,0.0,20.0,14.0,471.0,10.0,6.0,0.0,1.0,0.0,0.0,7.0,0.0,16.0,14.0,-0.21200000000004596,-3.1961000000000013,-0.0018800000000003254,-0.019199999999999662,0.9776200000000008,0.16860000000000142,-0.027824000000000012,-0.3479000000000028,-0.003900000000001569,-0.5534599999999998,-0.4957500000000002,0.3942099999999984,0.0,0.0,0.0,-0.09238999999999996,-0.5061499999999999,0.0,0.0,0.0,-0.0018759999999999886,0.0,8.32668e-17,0.0,558.0,0.0,0.0,0.0,0.0,147.036,36.7151,-2.739,-2.833,-8.40276,-15.6018,-0.382623,24.8195,-15.8753,2.6673,6.4298,5.37141,0.0,0.0,0.0,1.5502,6.58095,0.0,0.0,8.88178e-15,-0.481706,0.0,-4.16334e-17,2.384,38.0,1.0,0.0,1.0,83.15000000000009,385.8449999999994,468.98999999999984,6993.84,20081.61,27075.45,6993.79,20082.62,27076.41
3HFM.mut.91.N19K_Repair.clean.pdb,0.0,0.0,20.0,16.0,478.0,11.0,5.0,0.0,1.0,0.0,0.0,8.0,0.0,17.0,14.0,-0.10800000000000408,-3.3934,-0.10322999999999992,-0.01136999999999988,-0.01479999999999926,-0.10489999999999887,-0.0038940000000000094,0.05030000000000001,-0.2325000000000017,-0.08285000000000009,-0.019449999999999967,0.3809500000000003,0.0,0.0,0.0,-0.06467,-0.37599999999999945,0.0,0.0,0.0,-6.399999999995298e-05,0.0,0.0,0.0,558.0,-1.0,1.0,0.0,1.0,147.036,36.7151,-2.739,-2.833,-8.40276,-15.6018,-0.382623,24.8195,-15.8753,2.6673,6.4298,5.37141,0.0,0.0,0.0,1.5502,6.58095,0.0,0.0,8.88178e-15,-0.481706,0.0,-4.16334e-17,2.384,38.0,1.0,0.0,1.0,83.18000000000029,387.5699999999997,470.744999999999,6994.65,20121.49,27116.14,6993.79,20082.62,27076.41
3HFM.mut.92.N19Q_Repair.clean.pdb,0.0,0.0,20.0,16.0,478.0,11.0,5.0,0.0,1.0,0.0,0.0,8.0,0.0,17.0,14.0,-0.10800000000000408,-3.723300000000002,-0.11099000000000014,-0.003369999999999873,-0.01479999999999926,-0.07269999999999932,-0.008089000000000013,-0.00730000000000075,-0.1997,-0.08747000000000016,-0.0292400000000006,0.3824200000000016,0.0,0.0,0.0,-0.07067999999999985,-0.3721399999999999,0.0,0.0,0.0,-6.399999999995298e-05,0.0,0.0,0.0,558.0,-1.0,1.0,0.0,1.0,147.036,36.7151,-2.739,-2.833,-8.40276,-15.6018,-0.382623,24.8195,-15.8753,2.6673,6.4298,5.37141,0.0,0.0,0.0,1.5502,6.58095,0.0,0.0,8.88178e-15,-0.481706,0.0,-4.16334e-17,2.384,38.0,1.0,0.0,1.0,83.08500000000005,386.8899999999994,469.97500000000036,6993.25,20095.29,27088.53,6993.79,20082.62,27076.41
3HFM.mut.94.Y20F_Repair.clean.pdb,0.0,0.0,18.0,15.0,464.0,9.0,6.0,0.0,1.0,0.0,0.0,8.0,0.0,15.0,13.0,-0.10300000000000864,0.1383999999999972,0.016820000000000057,-0.02244999999999964,0.9948500000000003,0.3554000000000013,-0.0010740000000000194,-0.9717000000000021,-0.02780000000000093,-0.5618500000000002,-0.4228100000000001,0.7858700000000001,0.0,0.0,0.0,-0.11397999999999996,-0.39301999999999815,0.0,0.0,0.0,0.002371000000000012,0.0,8.32668e-17,0.0,558.0,1.0,0.0,0.0,0.0,147.036,36.7151,-2.739,-2.833,-8.40276,-15.6018,-0.382623,24.8195,-15.8753,2.6673,6.4298,5.37141,0.0,0.0,0.0,1.5502,6.58095,0.0,0.0,8.88178e-15,-0.481706,0.0,-4.16334e-17,2.384,38.0,1.0,0.0,1.0,94.82000000000015,371.28000000000077,466.0899999999983,7013.71,20038.6,27052.31,6993.79,20082.62,27076.41
3HFM.mut.95.Y20L_Repair.clean.pdb,0.0,0.0,18.0,14.0,411.0,7.0,7.0,0.0,1.0,0.0,0.0,9.0,0.0,13.0,14.0,-3.369,1.1803000000000026,-0.8832900000000001,0.07548000000000021,0.8739200000000009,1.6799,-0.34342900000000004,-3.166400000000003,0.7726999999999986,-0.22315,-0.7763900000000001,0.8066599999999999,0.0,0.0,0.0,-0.49328999999999995,-0.6256399999999998,0.0,0.0,0.0,-0.08927299999999999,0.0,8.32668e-17,0.0,558.0,0.0,0.0,0.0,0.0,147.036,36.7151,-2.739,-2.833,-8.40276,-15.6018,-0.382623,24.8195,-15.8753,2.6673,6.4298,5.37141,0.0,0.0,0.0,1.5502,6.58095,0.0,0.0,8.88178e-15,-0.481706,0.0,-4.16334e-17,2.384,38.0,1.0,0.0,1.0,93.41499999999996,371.70000000000067,465.10999999999876,7013.17,20046.48,27059.65,6993.79,20082.62,27076.41
3HFM.mut.97.R21E_Repair.clean.pdb,0.0,0.0,15.0,16.0,438.0,9.0,6.0,0.0,1.0,0.0,0.0,7.0,0.0,14.0,15.0,-3.228999999999957,-2.2216999999999985,-0.3169599999999999,0.36476,0.728530000000001,1.2679000000000011,-0.756677,-1.1704000000000008,0.8013999999999992,0.05674000000000001,-0.5209000000000001,-0.7919799999999997,0.0,0.0,0.0,-0.4253199999999999,-0.19148999999999994,0.0,0.0,-1.0658140000000001e-14,0.12891400000000006,0.0,0.0,0.0,558.0,0.0,0.0,0.0,0.0,147.036,36.7151,-2.739,-2.833,-8.40276,-15.6018,-0.382623,24.8195,-15.8753,2.6673,6.4298,5.37141,0.0,0.0,0.0,1.5502,6.58095,0.0,0.0,8.88178e-15,-0.481706,0.0,-4.16334e-17,2.384,38.0,1.0,0.0,1.0,83.80500000000029,379.5450000000019,463.3449999999994,7000.93,20067.1,27068.03,6993.79,20082.62,27076.41
3HFM.mut.98.R21H_Repair.clean.pdb,0.0,0.0,14.0,17.0,481.0,10.0,5.0,0.0,1.0,0.0,2.0,20.0,0.0,16.0,11.0,-1.9929999999999952,-0.8802999999999983,-2.0453300000000016,-0.2177399999999996,0.935620000000001,0.4305000000000003,-0.608085,-1.3168000000000006,-0.41520000000000223,0.15999000000000008,-0.4319000000000006,-0.2068899999999996,0.0,0.0,0.0,-0.5126900000000001,-0.04350999999999949,0.0,0.0,0.0,0.061711000000000016,0.0,0.07611960000000005,0.0,558.0,0.0,0.0,0.0,0.0,147.036,36.7151,-2.739,-2.833,-8.40276,-15.6018,-0.382623,24.8195,-15.8753,2.6673,6.4298,5.37141,0.0,0.0,0.0,1.5502,6.58095,0.0,0.0,8.88178e-15,-0.481706,0.0,-4.16334e-17,2.384,38.0,1.0,0.0,1.0,83.51499999999987,376.9800000000014,460.494999999999,6999.3,20063.85,27063.14,6993.79,20082.62,27076.41
3HFM.mut.99.R21K_Repair.clean.pdb,0.0,0.0,14.0,15.0,427.0,9.0,5.0,0.0,1.0,0.0,0.0,8.0,0.0,14.0,13.0,-0.030000000000001137,-0.6477999999999966,-0.16321999999999992,-0.11959000000000007,1.9227800000000004,1.2504000000000008,-0.368101,-2.0607000000000006,0.5310999999999986,-0.0009600000000000721,-1.13912,0.16267999999999996,0.0,0.0,0.0,-0.4128799999999999,-0.19086999999999946,0.0,0.0,0.0,0.071158,0.0,0.0,0.0,558.0,0.0,0.0,0.0,0.0,147.036,36.7151,-2.739,-2.833,-8.40276,-15.6018,-0.382623,24.8195,-15.8753,2.6673,6.4298,5.37141,0.0,0.0,0.0,1.5502,6.58095,0.0,0.0,8.88178e-15,-0.481706,0.0,-4.16334e-17,2.384,38.0,1.0,0.0,1.0,84.11000000000013,379.62000000000086,463.7299999999996,7003.79,20090.16,27093.94,6993.79,20082.62,27076.41
3HFM.mut.100.R21M_Repair.clean.pdb,0.0,0.0,17.0,13.0,414.0,8.0,6.0,0.0,0.0,0.0,0.0,7.0,0.0,13.0,15.0,-4.247000000000014,-2.3652999999999977,-1.3816800000000002,-0.20365999999999973,2.8657700000000004,1.7283000000000008,-0.4154240000000001,-3.461400000000001,0.8463999999999992,-0.5714600000000001,-1.62772,-0.2518099999999999,0.0,0.0,0.0,-0.37689,-0.4162599999999994,0.0,0.0,-1.0658140000000001e-14,0.08612000000000003,0.0,0.0,0.0,558.0,0.0,0.0,0.0,0.0,147.036,36.7151,-2.739,-2.833,-8.40276,-15.6018,-0.382623,24.8195,-15.8753,2.6673,6.4298,5.37141,0.0,0.0,0.0,1.5502,6.58095,0.0,0.0,8.88178e-15,-0.481706,0.0,-4.16334e-17,2.384,38.0,1.0,0.0,1.0,106.86999999999986,354.54999999999933,461.42000000000013,7042.42,19993.29,27035.7,6993.79,20082.62,27076.41
3HFM.mut.101.R21N_Repair.clean.pdb,0.0,0.0,15.0,13.0,420.0,8.0,5.0,0.0,0.0,0.0,0.0,8.0,0.0,13.0,14.0,-3.2959999999999923,-2.0782000000000025,-0.8511200000000003,-0.15042,2.9371400000000003,1.7243000000000013,-0.426291,-3.153500000000001,0.9863999999999996,-0.4327999999999999,-1.5616900000000005,-0.30001999999999995,0.0,0.0,0.0,-0.54827,-0.3818699999999993,0.0,0.0,-1.0658140000000001e-14,0.07398400000000005,0.0,0.0,0.0,558.0,1.0,0.0,0.0,0.0,147.036,36.7151,-2.739,-2.833,-8.40276,-15.6018,-0.382623,24.8195,-15.8753,2.6673,6.4298,5.37141,0.0,0.0,0.0,1.5502,6.58095,0.0,0.0,8.88178e-15,-0.481706,0.0,-4.16334e-17,2.384,38.0,1.0,0.0,1.0,83.7800000000002,376.48999999999984,460.2649999999994,7000.99,20051.13,27052.12,6993.79,20082.62,27076.41
3HFM.mut.102.R21Q_Repair.clean.pdb,0.0,0.0,17.0,16.0,441.0,10.0,7.0,0.0,1.0,0.0,0.0,8.0,0.0,15.0,15.0,0.01300000000000523,-0.6749000000000009,-0.3332200000000003,-0.5775300000000003,2.5122600000000004,1.0324000000000009,-0.494277,-1.7790999999999997,0.5078999999999994,-0.5035500000000002,-1.01039,0.3600399999999997,0.0,0.0,0.0,-0.46621,-0.2519,0.0,0.0,0.0,0.08521800000000003,0.0,8.32668e-17,0.0,558.0,1.0,0.0,0.0,0.0,147.036,36.7151,-2.739,-2.833,-8.40276,-15.6018,-0.382623,24.8195,-15.8753,2.6673,6.4298,5.37141,0.0,0.0,0.0,1.5502,6.58095,0.0,0.0,8.88178e-15,-0.481706,0.0,-4.16334e-17,2.384,38.0,1.0,0.0,1.0,83.61500000000024,379.14500000000055,462.75499999999914,6999.42,20063.72,27063.14,6993.79,20082.62,27076.41
3HFM.mut.103.R21W_Repair.clean.pdb,0.0,0.0,17.0,18.0,479.0,9.0,5.0,0.0,1.0,0.0,10.0,22.0,0.0,14.0,15.0,0.18699999999995495,-0.9129999999999968,-3.45,-0.10255999999999997,1.8602800000000004,-0.11129999999999997,-0.501206,-1.697300000000002,-1.4842000000000013,0.06605000000000016,-0.8902000000000001,-0.3750099999999996,0.0,0.0,0.0,-0.29403,-0.08157999999999976,0.0,0.0,0.0,0.07941700000000003,0.0,5.55112e-17,0.0,558.0,0.0,0.0,0.0,0.0,147.036,36.7151,-2.739,-2.833,-8.40276,-15.6018,-0.382623,24.8195,-15.8753,2.6673,6.4298,5.37141,0.0,0.0,0.0,1.5502,6.58095,0.0,0.0,8.88178e-15,-0.481706,0.0,-4.16334e-17,2.384,38.0,1.0,0.0,1.0,82.04500000000007,384.82999999999987,466.8749999999982,6982.93,20032.15,27015.08,6993.79,20082.62,27076.41
3HFM.mut.104.W63A_Repair.clean.pdb,0.0,0.0,19.0,15.0,444.0,10.0,5.0,0.0,1.0,0.0,0.0,6.0,0.0,18.0,12.0,-0.1599999999999966,-0.9553999999999974,1.24639,0.02407000000000004,0.39504999999999946,0.9114000000000004,-0.02343299999999998,-1.3622000000000014,0.9239999999999996,0.4859900000000002,-0.1000899999999998,0.2881400000000003,0.0,0.0,0.0,-0.1856,-0.14284999999999926,0.0,0.0,-1.7763500000000004e-15,-0.110998,0.0,1.1102229999999997e-16,0.0,558.0,0.0,0.0,0.0,0.0,147.036,36.7151,-2.739,-2.833,-8.40276,-15.6018,-0.382623,24.8195,-15.8753,2.6673,6.4298,5.37141,0.0,0.0,0.0,1.5502,6.58095,0.0,0.0,8.88178e-15,-0.481706,0.0,-4.16334e-17,2.384,38.0,1.0,0.0,1.0,85.04500000000007,385.1150000000016,470.1599999999999,7021.27,20096.6,27117.86,6993.79,20082.62,27076.41
3HFM.mut.105.R73A_Repair.clean.pdb,0.0,0.0,19.0,13.0,480.0,10.0,5.0,0.0,0.0,0.0,3.0,12.0,0.0,16.0,14.0,-1.5430000000000064,-2.1694999999999998,-0.82606,-0.007540000000000101,0.9989100000000004,0.09210000000000028,0.213754,-1.035700000000002,-0.4155000000000015,-0.03927000000000014,-0.4565300000000017,-0.027470000000000102,0.0,0.0,0.0,-0.19581000000000004,-0.24697999999999976,0.0,0.0,0.0,0.04696800000000001,0.0,5.55112e-17,0.0,558.0,0.0,0.0,0.0,0.0,147.036,36.7151,-2.739,-2.833,-8.40276,-15.6018,-0.382623,24.8195,-15.8753,2.6673,6.4298,5.37141,0.0,0.0,0.0,1.5502,6.58095,0.0,0.0,8.88178e-15,-0.481706,0.0,-4.16334e-17,2.384,38.0,1.0,0.0,1.0,88.84000000000015,369.47500000000036,458.3099999999995,7024.62,20027.16,27051.78,6993.79,20082.62,27076.41
3HFM.mut.106.L75A_Repair.clean.pdb,0.0,0.0,21.0,12.0,452.0,11.0,6.0,0.0,1.0,0.0,0.0,5.0,0.0,19.0,12.0,0.9159999999999968,-0.12899999999999778,1.36137,-0.0028199999999998226,-0.4200799999999987,1.0062000000000015,0.08290399999999998,-1.0178000000000011,1.6445999999999987,0.32471000000000005,-0.04711999999999872,0.02885000000000026,0.0,0.0,0.0,-0.21854,-0.8282399999999992,0.0,0.0,0.0,-0.01951900000000001,0.0,-5.551109999999999e-17,0.0,558.0,2.0,0.0,0.0,0.0,147.036,36.7151,-2.739,-2.833,-8.40276,-15.6018,-0.382623,24.8195,-15.8753,2.6673,6.4298,5.37141,0.0,0.0,0.0,1.5502,6.58095,0.0,0.0,8.88178e-15,-0.481706,0.0,-4.16334e-17,2.384,38.0,1.0,0.0,1.0,77.83500000000005,383.49500000000086,461.32499999999885,6991.38,20103.98,27095.36,6993.79,20082.62,27076.41
3HFM.mut.107.T89A_Repair.clean.pdb,0.0,0.0,18.0,16.0,474.0,11.0,6.0,0.0,1.0,0.0,0.0,8.0,0.0,17.0,13.0,0.0,-0.08549999999999612,0.21253999999999973,0.02731000000000039,0.0,0.1637000000000004,0.006929000000000018,-0.16880000000000095,0.21589999999999954,-0.0013900000000002244,-0.029670000000000307,0.0,0.0,0.0,0.0,-0.0047200000000000575,-0.07713000000000125,0.0,0.0,0.0,0.0031990000000000074,0.0,5.55112e-17,0.0,558.0,0.0,0.0,0.0,0.0,147.036,36.7151,-2.739,-2.833,-8.40276,-15.6018,-0.382623,24.8195,-15.8753,2.6673,6.4298,5.37141,0.0,0.0,0.0,1.5502,6.58095,0.0,0.0,8.88178e-15,-0.481706,0.0,-4.16334e-17,2.384,38.0,1.0,0.0,1.0,85.32000000000015,383.47500000000224,468.80000000000115,7041.53,20024.17,27065.69,6993.79,20082.62,27076.41
3HFM.mut.108.N93A_Repair.clean.pdb,0.0,0.0,17.0,13.0,446.0,9.0,8.0,0.0,1.0,0.0,0.0,9.0,0.0,15.0,12.0,-1.491000000000014,-0.35730000000000217,0.47715,0.04078000000000026,3.037510000000001,0.8656000000000006,-0.023651000000000037,-1.567700000000002,0.4037999999999986,-0.56555,-1.67711,0.0442499999999999,0.0,0.0,0.0,-0.08729000000000009,-0.1797399999999998,0.0,0.0,0.0,0.0063810000000000255,0.0,8.32668e-17,0.0,558.0,0.0,0.0,0.0,0.0,147.036,36.7151,-2.739,-2.833,-8.40276,-15.6018,-0.382623,24.8195,-15.8753,2.6673,6.4298,5.37141,0.0,0.0,0.0,1.5502,6.58095,0.0,0.0,8.88178e-15,-0.481706,0.0,-4.16334e-17,2.384,38.0,1.0,0.0,1.0,87.0100000000002,380.4300000000003,467.4349999999995,7035.53,20034.15,27069.69,6993.79,20082.62,27076.41
3HFM.mut.109.K96R_Repair.clean.pdb,0.0,0.0,16.0,12.0,486.0,9.0,5.0,0.0,1.0,0.0,0.0,6.0,0.0,14.0,10.0,0.5300000000000011,1.8830999999999989,0.0004999999999997229,0.2843900000000001,2.655170000000001,0.29490000000000016,-0.10071000000000002,-1.5374000000000017,0.5285999999999991,-0.20799000000000006,-1.1930899999999998,-1.1636499999999996,0.0,0.0,0.0,0.49474,-0.5491399999999995,0.141039,0.0,0.0,-0.1956179999999999,0.0,-1.3877799999999993e-17,0.0,558.0,2.0,0.0,0.0,0.0,147.036,36.7151,-2.739,-2.833,-8.40276,-15.6018,-0.382623,24.8195,-15.8753,2.6673,6.4298,5.37141,0.0,0.0,0.0,1.5502,6.58095,0.0,0.0,8.88178e-15,-0.481706,0.0,-4.16334e-17,2.384,38.0,1.0,0.0,1.0,82.90499999999975,387.0600000000013,469.9599999999992,6986.35,20065.96,27052.31,6993.79,20082.62,27076.41
3HFM.mut.112.K97R_Repair.clean.pdb,0.0,0.0,21.0,16.0,499.0,11.0,7.0,0.0,0.0,0.0,0.0,9.0,0.0,17.0,14.0,-1.727000000000004,-0.9177999999999996,-1.8980400000000002,-0.0775699999999997,-0.02878999999999898,-0.5380000000000003,-0.3921730000000001,0.27949999999999875,-0.4588999999999999,-0.12155000000000005,0.2291300000000014,-0.5684299999999984,0.0,0.0,0.0,0.08573000000000007,0.03435000000000077,0.0,0.0,0.0,-0.3070009999999999,0.0,-6.93886e-17,0.0,558.0,2.0,1.0,0.0,1.0,147.036,36.7151,-2.739,-2.833,-8.40276,-15.6018,-0.382623,24.8195,-15.8753,2.6673,6.4298,5.37141,0.0,0.0,0.0,1.5502,6.58095,0.0,0.0,8.88178e-15,-0.481706,0.0,-4.16334e-17,2.384,38.0,1.0,0.0,1.0,82.3000000000002,391.6599999999999,473.95499999999987,6988.76,20066.81,27055.57,6993.79,20082.62,27076.41
3HFM.mut.113.I98A_Repair.clean.pdb,0.0,0.0,19.0,13.0,469.0,11.0,6.0,0.0,1.0,0.0,0.0,8.0,0.0,17.0,14.0,-0.18600000000000705,1.5917000000000032,0.15169999999999995,0.2650300000000003,1.2647400000000006,0.10630000000000096,0.071266,-0.5674000000000028,-0.14860000000000184,-0.4206400000000001,-0.4697699999999987,0.1649200000000004,0.0,0.0,0.0,-0.11936000000000012,-0.3702899999999998,0.0,0.0,0.0,0.005174000000000012,0.0,0.0,0.0,558.0,1.0,0.0,0.0,0.0,147.036,36.7151,-2.739,-2.833,-8.40276,-15.6018,-0.382623,24.8195,-15.8753,2.6673,6.4298,5.37141,0.0,0.0,0.0,1.5502,6.58095,0.0,0.0,8.88178e-15,-0.481706,0.0,-4.16334e-17,2.384,38.0,1.0,0.0,1.0,82.20000000000027,386.89500000000055,469.09000000000015,7000.96,20102.86,27103.82,6993.79,20082.62,27076.41
