,Mutation,Lasso_pred,gbt_pred,svr_pred,poly_pred,mean-pred,mutant-effect
5,F176A,0.07058389341331406,-0.1308284616287385,-0.06662526565346774,-0.007388847056993608,-0.03356467023147145,increased
7,R218A,0.08402157305832247,-0.06143371620034792,-0.01935340830848866,-0.3226180943052337,-0.07984591143893695,increased
9,T223A,0.01621495671461659,-0.013481497636713436,0.010874850520601477,-0.09258236072695736,-0.01974351278211318,increased
10,N228A,-0.0746605710964916,-0.04119280936446971,-0.03439986392935148,0.011248824148971881,-0.03475110506033523,increased
16,T249A,0.07076528398527415,-0.08978078352838491,-0.005096976313089939,-0.18702793773008564,-0.05278510339657158,increased
17,T263S,0.007741102204787076,-0.027343348564785597,-0.028728986432522384,-0.09700824449595968,-0.03633486932212015,increased
20,D290A,-0.03959660694781686,-0.045004275477015784,-0.009377262806730256,-0.11867987343553166,-0.05316450466677364,increased
21,A294K,0.15297313516797395,0.02898181857261874,-0.006051696788243986,-0.24543817118412603,-0.01738372855794433,increased
22,H295A,0.020830439039814408,-0.0365433883455532,-0.016920274551878355,-0.10402732385684699,-0.03416513692861603,increased
23,N297A,-0.07024972739736857,0.016284859888749968,-0.05562433306780636,-0.13194680336866993,-0.06038400098627372,increased
24,Q302A,-0.07825218485459917,-0.15285478276683592,-0.08693571832748803,-0.12073347420999125,-0.1096940400397286,increased
25,K308A,0.03204545950883375,-0.0690317701903884,-0.09571236652591347,-0.4821625921070516,-0.15371531732862992,increased
26,R315A,0.06439930750078382,-0.15696982618725497,0.07369910762616241,-0.055778918141647704,-0.01866258230048911,increased
27,S328A,-0.02869334650011446,-0.022182563772856947,-0.04974804094970272,-0.09490619287478053,-0.04888253602436366,increased
29,G330A,-0.30507689512347635,-0.20101090208121064,-0.2503855594435395,0.02248352376278051,-0.1834974582213615,increased
30,G331A,-0.5568335796673543,-0.457153768772694,-0.4488125490946661,-0.3495544190583284,-0.4530885791482607,increased
32,P333A,0.16265778800012232,-0.05703486240658867,-0.07245622576591698,-0.4217669128058712,-0.09715005324456363,increased
33,E334A,-0.02646188185746734,0.28532819681219823,-0.3357561135169314,-0.8522198431052526,-0.23227741041686328,increased
35,V336A,0.026739304525331242,0.006271357118757195,-0.014047038752818007,-0.206575973406252,-0.04690308762874539,increased
36,M337A,0.08584280912769682,0.037910713560145526,0.04299592651689003,-0.24067724511747413,-0.01848194897818544,increased
37,Y348A,-0.037592174677691936,0.04028667680375841,0.00405559147033583,-0.08745287360735388,-0.020175695002737894,increased
38,N350A,0.028638914839564045,-0.022051631383361275,-0.014501724586906205,-0.20130976930050037,-0.052306052607800954,increased
39,T352A,-0.02007582694309651,0.011706988595310153,0.028616257305627647,-0.08000312310038948,-0.014938926035637047,increased
41,R379A,0.1089710343292607,0.04512900228184204,-0.02922113027551123,-0.2818158866287699,-0.0392342450732946,increased
42,I380A,-0.025364614789522122,-0.09375122234653824,-0.0008898755795266541,0.05004770617515719,-0.017489501635107457,increased
43,K381A,0.052674342510632854,0.06845003230439872,-0.009709103908686255,-0.36236966874049115,-0.06273859945853646,increased
45,I384A,0.08809808912729,-0.07028452230695642,-0.03163693780251183,-0.1269061549410888,-0.03518238148081677,increased
46,N385A,0.13203075576260836,0.06673909032903215,0.02261775021494692,-0.32185467713222904,-0.025116770206410406,increased
49,K392A,0.011783132176941713,0.06960072077755171,-0.043596923098273586,-0.21815025161836088,-0.04509083044053526,increased
50,Y395A,0.05435148320541838,-0.06947477677550926,0.02986613845357753,-0.048600030638304315,-0.008464296438704414,increased
51,I399A,-0.14075596411646085,-0.028365151582610278,-0.013626887139290021,-0.14152996136218787,-0.08106949105013725,increased
52,T410A,0.1932734927112616,-0.09502285723137337,-0.003498226670076675,-0.4721626007092605,-0.09435254797486224,increased
56,G418A,-0.4716666657549524,-0.3448453389073554,-0.18784549255129254,-0.21863648950259273,-0.30574849667904824,increased
57,G419A,-0.7928354674525817,-0.4260909813670527,-0.8407843247068445,-0.5158776414365103,-0.6438971037407474,increased
58,N421A,-0.018073760955545914,-0.13363837440375123,-0.16721284892233748,-0.25205236620055116,-0.14274433762054645,increased
63,G432A,0.07387432222504842,-0.07581843287709275,-0.14627045665192145,-0.21657953790032236,-0.09119852630107203,increased
66,R436A,-0.20548631627837644,-0.024056791227460766,0.1773526781482511,-0.3409923144003737,-0.09829568593948995,increased
68,W439A,-0.23724959799817125,-0.37675096320054763,-0.19967737841547678,-0.24968092259965813,-0.2658397155534635,increased
70,E54A,-0.21154801851776295,-0.06037103812285013,-0.03977036625697907,-0.0678310735934029,-0.09488012412274875,increased
72,K64A,-0.3501236208968077,-0.4651610067904313,-0.14044959241412622,-0.01696846919750028,-0.24317567232471637,increased
74,W79A,-0.010732515824665612,-0.08033446548270869,0.009694216188247985,-0.13094714309170952,-0.053079977052708956,increased
75,V87A,0.02056403968980902,-0.060188645461407154,-0.017478338769416256,-0.1281932700451942,-0.04632405364655215,increased
