,clash,covalent,vdw_clash,vdw,proximal,hbond,weak_hbond,xbond,ionic,metal_complex,aromatic,hydrophobic,carbonyl,polar,weak_polar,intraclashes_energy_1_change,intraclashes_energy_2_change,dg_change,backbone_hbond_change,sidechain_hbond_change,van_der_waals_change,electrostatics_change,solvation_polar_change,solvation_hydrophobic_change,van_der_waals_clashes_change,entropy_sidechain_change,entropy_mainchain_change,sloop_entropy_change,mloop_entropy_change,cis_bond_change,torsional_clash_change,backbone_clash_change,helix_dipole_change,water_bridge_change,disulfide_change,electrostatic_kon_change,partial_covalent_bonds_change,energy_ionisation_change,entropy_complex_change,interface_residues_change,interface_residues_clashing_change,interface_residues_vdw_clashing_change,interface_residues_bb_clashing_change,intraclashes_energy_1_mut,intraclashes_energy_2_mut,dg_mut,backbone_hbond_mut,sidechain_hbond_mut,van_der_waals_mut,electrostatics_mut,solvation_polar_mut,solvation_hydrophobic_mut,van_der_waals_clashes_mut,entropy_sidechain_mut,entropy_mainchain_mut,sloop_entropy_mut,mloop_entropy_mut,cis_bond_mut,torsional_clash_mut,backbone_clash_mut,helix_dipole_mut,water_bridge_mut,disulfide_mut,electrostatic_kon_mut,partial_covalent_bonds_mut,energy_ionisation_mut,entropy_complex_mut,interface_residues_mut,interface_residues_clashing_mut,interface_residues_vdw_clashing_mut,interface_residues_bb_clashing_mut,if_phil,if_phob,if_total,sasa_phil,sasa_phob,sasa_total
VRC01.G163A.Repair2.clean.mut.pdb,0.0,0.0,19.0,7.0,606.0,19.0,11.0,0.0,13.0,0.0,0.0,26.0,0.0,20.0,10.0,0.0022999999999981924,0.014399999999998414,-0.10679999999999978,-0.06376000000000115,-0.0057000000000009265,0.16250000000000142,-0.02121000000000084,-0.017000000000003013,0.1338000000000008,-0.042627999999999944,-0.2693999999999992,0.0371800000000011,0.0,0.0,0.0,-0.012870400000000004,-0.016509999999999803,0.0,0.0,0.0,-0.007560000000000011,0.0,0.0,0.0,0.0,0.0,0.0,0.0,23.8568,27.2515,-16.5058,-7.54445,-12.5751,-19.9669,-5.842230000000001,32.4678,-22.656,0.42348900000000006,11.6102,8.75867,0.0,0.0,0.0,0.030926299999999997,2.71577,-0.0344765,0.0,1.06581e-14,-1.17766,0.0,0.0,2.384,56.0,0.0,0.0,0.0,295.5650000000005,455.1399999999994,750.7100000000028,11541.34,29331.31,40872.65
VRC01.G163K.Repair2.clean.mut.pdb,0.0,0.0,20.0,6.0,603.0,20.0,11.0,0.0,11.0,0.0,0.0,28.0,0.0,20.0,9.0,-0.06149999999999878,-0.11249999999999716,-0.6710999999999991,0.00010999999999850019,-0.040000000000000924,-0.10849999999999937,0.11746000000000034,-0.2957000000000036,-0.38149999999999906,0.10442799999999997,0.05010000000000048,-0.02038999999999902,0.0,0.0,0.0,0.022078100000000003,0.31498000000000026,0.0,0.0,0.0,-0.11922999999999995,0.0,0.0,0.0,0.0,0.0,0.0,0.0,23.8059,27.1031,-17.1277,-7.480580000000001,-12.6094,-20.1942,-5.7035599999999995,32.1286,-23.1241,0.560588,11.8977,8.658760000000001,0.0,0.0,0.0,0.0622378,3.03334,-0.0344765,0.0,1.06581e-14,-1.2893299999999999,0.0,0.0,2.384,56.0,0.0,0.0,0.0,283.0149999999994,470.9450000000015,753.9650000000001,11465.25,29471.48,40936.73
VRC01.G163T.Repair2.clean.mut.pdb,0.0,0.0,19.0,10.0,606.0,21.0,11.0,0.0,13.0,0.0,0.0,26.0,0.0,21.0,9.0,0.012999999999998124,1.2219000000000015,-0.04690000000000083,0.005079999999998641,-0.00420000000000087,0.12279999999999802,0.003070000000000128,-0.10999999999999943,0.17879999999999896,-0.03339700000000001,-0.12179999999999858,-0.07704999999999984,0.0,0.0,0.0,-0.011955999999999991,-0.04455000000000009,0.0,0.0,0.0,0.0018499999999999073,0.0,0.0,0.0,0.0,0.0,0.0,0.0,23.8675,28.3963,-16.4505,-7.4756100000000005,-12.5736,-20.0055,-5.81795,32.373000000000005,-22.61,0.430349,11.7566,8.6442,0.0,0.0,0.0,0.030598700000000003,2.68571,-0.0344765,0.0,1.06581e-14,-1.16825,0.0,0.0,2.384,56.0,0.0,0.0,0.0,282.97999999999956,469.9599999999991,752.9399999999987,11465.25,29423.54,40888.79
VRC01.G165A.Repair2.clean.mut.pdb,0.0,0.0,20.0,5.0,617.0,20.0,12.0,0.0,13.0,0.0,0.0,25.0,0.0,20.0,11.0,0.00039999999999906777,0.001200000000000756,0.0146000000000015,0.0,0.0,-0.005100000000002325,0.0,-0.0010000000000047748,-0.012299999999999756,0.008587999999999985,0.0015000000000000568,-0.000600000000000378,0.0,0.0,0.0,0.023654300000000003,0.06850999999999985,0.0,0.0,0.0,0.0,0.0,0.0,0.0,0.0,0.0,0.0,0.0,23.8024,26.7543,-16.4367,-7.480689999999999,-12.5694,-20.2447,-5.827999999999999,32.6003,-22.9443,0.44456599999999996,11.9304,8.77159,0.0,0.0,0.0,0.0881706,2.94055,-0.0344765,0.0,1.06581e-14,-1.1701,0.0,0.0,2.384,56.0,0.0,0.0,0.0,283.0149999999994,472.7049999999999,755.7150000000038,11546.75,29342.06,40888.81
VRC01.G168A.Repair2.clean.mut.pdb,0.0,0.0,20.0,6.0,617.0,20.0,12.0,0.0,13.0,0.0,0.0,25.0,0.0,20.0,11.0,0.0,-0.28610000000000113,0.0,0.0,0.0,0.0,0.0,0.0,0.0,0.0,0.0,0.0,0.0,0.0,0.0,0.0,0.0,0.0,0.0,0.0,0.0,0.0,0.0,0.0,0.0,0.0,0.0,0.0,23.7962,26.7578,-16.4271,-7.480689999999999,-12.5694,-20.2562,-5.827999999999999,32.6125,-22.9555,0.44023,11.9439,8.7969,0.0,0.0,0.0,0.0737449,2.8536200000000003,-0.0344765,0.0,1.06581e-14,-1.1701,0.0,0.0,2.384,56.0,0.0,0.0,0.0,283.0050000000001,472.7649999999994,755.7700000000004,11514.62,29362.63,40877.25
VRC01.G176A.Repair2.clean.mut.pdb,0.0,0.0,20.0,6.0,617.0,20.0,12.0,0.0,13.0,0.0,0.0,25.0,0.0,20.0,11.0,0.0,-0.21330000000000027,0.0,0.0,0.0,0.0,0.0,0.0,0.0,0.0,0.0,0.0,0.0,0.0,0.0,0.0,0.0,0.0,0.0,0.0,0.0,0.0,0.0,0.0,0.0,0.0,0.0,0.0,23.7962,26.730999999999998,-16.4271,-7.480689999999999,-12.5694,-20.2562,-5.827999999999999,32.6125,-22.9555,0.44023,11.9439,8.7969,0.0,0.0,0.0,0.0737449,2.8536200000000003,-0.0344765,0.0,1.06581e-14,-1.1701,0.0,0.0,2.384,56.0,0.0,0.0,0.0,283.0,472.7649999999994,755.765000000003,11459.73,29459.11,40918.84
VRC01.G179A.Repair2.clean.mut.pdb,0.0,0.0,20.0,6.0,617.0,20.0,12.0,0.0,13.0,0.0,0.0,25.0,0.0,20.0,11.0,0.0,-0.8569999999999993,0.0,0.0,0.0,0.0,0.0,0.0,0.0,0.0,0.0,0.0,0.0,0.0,0.0,0.0,0.0,0.0,0.0,0.0,0.0,0.0,0.0,0.0,0.0,0.0,0.0,0.0,23.7962,26.7128,-16.4271,-7.480689999999999,-12.5694,-20.2562,-5.827999999999999,32.6125,-22.9555,0.44023,11.9439,8.7969,0.0,0.0,0.0,0.0737449,2.8536200000000003,-0.0344765,0.0,1.06581e-14,-1.1701,0.0,0.0,2.384,56.0,0.0,0.0,0.0,283.0,472.7649999999994,755.7649999999994,11472.92,29435.11,40908.03
VRC01.G218A.Repair2.clean.mut.pdb,0.0,0.0,20.0,6.0,617.0,20.0,12.0,0.0,13.0,0.0,0.0,25.0,0.0,20.0,11.0,0.0,-0.054999999999999716,0.0,0.0,0.0,0.0,0.0,0.0,0.0,0.0,0.0,0.0,0.0,0.0,0.0,0.0,0.0,0.0,0.0,0.0,0.0,0.0,0.0,0.0,0.0,0.0,0.0,0.0,23.7962,26.0827,-16.4271,-7.480689999999999,-12.5694,-20.2562,-5.827999999999999,32.6125,-22.9555,0.44023,11.9439,8.7969,0.0,0.0,0.0,0.0737449,2.8536200000000003,-0.0344765,0.0,1.06581e-14,-1.1701,0.0,0.0,2.384,56.0,0.0,0.0,0.0,283.0050000000001,472.7649999999994,755.765000000003,11502.32,29359.36,40861.68
VRC01.G222A.Repair2.clean.mut.pdb,0.0,0.0,20.0,6.0,617.0,20.0,12.0,0.0,13.0,0.0,0.0,25.0,0.0,20.0,11.0,0.0,-0.009499999999999176,0.0,0.0,0.0,0.0,0.0,0.0,0.0,0.0,0.0,0.0,0.0,0.0,0.0,0.0,0.0,0.0,0.0,0.0,0.0,0.0,0.0,0.0,0.0,0.0,0.0,0.0,23.7962,26.0423,-16.4271,-7.480689999999999,-12.5694,-20.2562,-5.827999999999999,32.6125,-22.9555,0.44023,11.9439,8.7969,0.0,0.0,0.0,0.0737449,2.8536200000000003,-0.0344765,0.0,1.06581e-14,-1.1701,0.0,0.0,2.384,56.0,0.0,0.0,0.0,283.03499999999985,472.78499999999985,755.8199999999997,11483.66,29408.6,40892.26
VRC01.G223A.Repair2.clean.mut.pdb,0.0,0.0,20.0,6.0,617.0,20.0,12.0,0.0,13.0,0.0,0.0,25.0,0.0,20.0,11.0,0.0,-3.706199999999999,0.011599999999997834,0.007249999999999979,0.0,0.0,0.0,0.0,0.0,-0.0026550000000000185,0.0,0.008440000000000225,0.0,0.0,0.0,-0.001450800000000002,0.0,0.0,0.0,0.0,0.0,0.0,0.0,0.0,0.0,0.0,0.0,0.0,23.7962,26.5365,-16.4154,-7.473439999999999,-12.5694,-20.2562,-5.827999999999999,32.6125,-22.9555,0.44023,11.9439,8.80138,0.0,0.0,0.0,0.0737449,2.8536200000000003,-0.0344765,0.0,1.06581e-14,-1.1701,0.0,0.0,2.384,56.0,0.0,0.0,0.0,283.1099999999997,472.78499999999985,755.8950000000004,11478.36,29409.96,40888.32
VRC01.G228A.Repair2.clean.mut.pdb,0.0,0.0,20.0,6.0,617.0,20.0,12.0,0.0,13.0,0.0,0.0,25.0,0.0,20.0,11.0,0.0,-0.10679999999999978,0.0,0.0,0.0,0.0,0.0,0.0,0.0,0.0,0.0,0.0,0.0,0.0,0.0,0.0,0.0,0.0,0.0,0.0,0.0,0.0,0.0,0.0,0.0,0.0,0.0,0.0,23.7962,26.2509,-16.4271,-7.480689999999999,-12.5694,-20.2562,-5.827999999999999,32.6125,-22.9555,0.44023,11.9439,8.7969,0.0,0.0,0.0,0.0737449,2.8536200000000003,-0.0344765,0.0,1.06581e-14,-1.1701,0.0,0.0,2.384,56.0,0.0,0.0,0.0,283.0,472.7600000000002,755.765000000003,11497.7,29386.5,40884.2
VRC01.G239A.Repair2.clean.mut.pdb,0.0,0.0,20.0,6.0,617.0,20.0,12.0,0.0,13.0,0.0,0.0,25.0,0.0,20.0,11.0,0.0,-1.1491000000000007,-0.002700000000000813,0.0,0.0,0.0,0.0,0.0,0.0,0.0,-0.002700000000000813,0.0,0.0,0.0,0.0,0.0,0.0,0.0,0.0,0.0,0.0,0.0,0.0,0.0,0.0,0.0,0.0,0.0,23.7962,26.6135,-16.4271,-7.480689999999999,-12.5694,-20.2562,-5.827999999999999,32.6125,-22.9555,0.44023,11.9439,8.7969,0.0,0.0,0.0,0.0737449,2.8536200000000003,-0.0344765,0.0,1.06581e-14,-1.1701,0.0,0.0,2.384,56.0,0.0,0.0,0.0,283.0450000000001,472.9249999999993,755.9700000000012,11491.76,29382.79,40874.55
VRC01.G242A.Repair2.clean.mut.pdb,0.0,0.0,19.0,8.0,615.0,19.0,13.0,0.0,13.0,0.0,0.0,25.0,0.0,19.0,12.0,0.772000000000002,-0.16949999999999932,0.08850000000000158,0.041220000000000034,0.05879999999999974,0.22879999999999967,-0.02895000000000003,-0.5671000000000035,-0.00280000000000058,0.14314800000000005,0.1761999999999997,0.03729000000000049,0.0,0.0,0.0,-0.0007850999999999969,-0.10893999999999959,0.0,0.0,0.0,0.0024200000000000887,0.0,0.0,0.0,1.0,0.0,0.0,0.0,25.1123,26.8402,-15.4904,-7.54407,-11.4669,-20.0872,-5.74854,32.339,-22.8934,0.674164,11.4566,8.9174,0.0,0.0,0.0,0.0721576,2.73884,-0.0344765,0.0,1.06581e-14,-1.1752,0.0,0.0,2.384,56.0,0.0,0.0,0.0,285.15999999999985,468.7950000000001,753.9600000000028,11510.66,29366.73,40877.38
VRC01.G245A.Repair2.clean.mut.pdb,0.0,0.0,19.0,7.0,609.0,17.0,11.0,0.0,13.0,0.0,0.0,25.0,0.0,20.0,11.0,-0.11790000000000234,0.022800000000003706,0.9280999999999988,0.03591999999999995,1.9303999999999988,0.17549999999999955,0.3699900000000005,-1.592899999999993,-0.09779999999999944,0.036468999999999974,0.2223000000000006,-0.011639999999999873,0.0,0.0,0.0,-0.0016100999999999893,-0.2075499999999999,-0.018543699999999996,0.0,0.0,-0.1201000000000001,0.0,1.11022e-16,0.0,0.0,0.0,0.0,0.0,23.7914,26.7998,-15.4827,-7.6009199999999995,-10.6865,-20.0919,-5.58369,31.343000000000004,-23.0629,0.423324,12.3666,8.67966,0.0,0.0,0.0,0.07112610000000001,2.57254,-0.053020199999999996,0.0,1.06581e-14,-1.2875,0.0,1.11022e-16,2.384,56.0,0.0,0.0,0.0,296.84999999999945,453.02000000000044,749.869999999999,11497.01,29389.29,40886.3
VRC01.G246A.Repair2.clean.mut.pdb,0.0,0.0,19.0,6.0,576.0,18.0,11.0,0.0,13.0,0.0,0.0,25.0,0.0,17.0,11.0,0.026700000000001722,-0.19380000000000308,-0.9721000000000011,0.030089999999999506,0.00019999999999953388,0.107800000000001,0.07221000000000011,-0.7641000000000027,-0.31259999999999977,-0.009672000000000014,-0.08370000000000033,0.04703000000000124,0.0,0.0,0.0,-0.06347819999999998,-0.23226000000000013,0.0,0.0,0.0,0.004089999999999927,0.0,0.0,0.0,0.0,0.0,0.0,0.0,23.7954,26.7674,-16.2513,-7.4958800000000005,-11.3169,-19.4132,-5.77663,30.8862,-22.5737,0.411142,11.4627,8.6958,0.0,0.0,0.0,0.0744438,2.68938,-0.0344765,0.0,1.06581e-14,-1.1708100000000001,0.0,0.0,2.384,56.0,0.0,0.0,0.0,292.6750000000002,461.4449999999997,754.119999999999,11494.35,29392.08,40886.43
VRC01.G248A.Repair2.clean.mut.pdb,0.0,0.0,17.0,6.0,618.0,19.0,12.0,0.0,12.0,0.0,0.0,25.0,0.0,19.0,12.0,-0.03489999999999682,-0.12790000000000035,0.8139000000000003,0.8762699999999999,0.9695999999999998,0.3238000000000021,0.8738999999999999,-1.3066999999999993,0.24399999999999977,-0.05750900000000003,-1.0089000000000006,-0.176400000000001,0.0,0.0,0.0,-0.0038596000000000186,-0.12104000000000026,-2.8300000000001935e-05,0.0,0.0,0.07957999999999998,0.0,0.0,0.0,-2.0,0.0,0.0,0.0,23.7447,26.6949,-15.5122,-6.66908,-11.7161,-20.1195,-5.18342,31.7348,-22.9262,0.38098699999999996,11.3034,8.75292,0.0,0.0,0.0,0.07162819999999999,2.65293,-0.0344774,0.0,1.06581e-14,-1.10721,0.0,0.0,2.384,55.0,0.0,0.0,0.0,287.1149999999998,467.2099999999991,754.3200000000033,11497.73,29346.47,40844.21
VRC01.G249A.Repair2.clean.mut.pdb,0.0,0.0,20.0,7.0,619.0,20.0,12.0,0.0,13.0,0.0,0.0,25.0,0.0,20.0,11.0,-0.6881999999999984,-0.09210000000000207,-0.21509999999999962,-0.011200000000000543,-0.1938000000000013,0.035199999999999676,0.008840000000000181,-0.15040000000000475,0.02009999999999934,-0.017668000000000017,0.03700000000000081,0.056039999999999424,0.0,0.0,0.0,0.00034359999999999946,-0.005980000000000096,0.0002503000000000019,0.0,0.0,0.00018999999999991246,0.0,0.0,0.0,0.0,0.0,0.0,0.0,23.8516,26.6347,-16.6162,-7.484260000000001,-12.7871,-20.2397,-5.85342,32.4914,-22.9725,0.460016,11.9608,8.94037,0.0,0.0,0.0,0.0739596,2.86007,-0.0342217,0.0,1.06581e-14,-1.1715,0.0,0.0,2.384,56.0,0.0,0.0,0.0,283.03499999999985,473.03499999999985,756.0700000000033,11482.57,29404.7,40887.27
VRC01.G263S.Repair2.clean.mut.pdb,0.0,0.0,20.0,6.0,617.0,20.0,12.0,0.0,13.0,0.0,0.0,25.0,0.0,20.0,11.0,0.0,0.11110000000000042,0.0,0.0,0.0,0.0,0.0,0.0,0.0,0.0,0.0,0.0,0.0,0.0,0.0,0.0,0.0,0.0,0.0,0.0,0.0,0.0,0.0,0.0,0.0,0.0,0.0,0.0,23.7962,26.8748,-16.4271,-7.480689999999999,-12.5694,-20.2562,-5.827999999999999,32.6125,-22.9555,0.44023,11.9439,8.7969,0.0,0.0,0.0,0.0737449,2.8536200000000003,-0.0344765,0.0,1.06581e-14,-1.1701,0.0,0.0,2.384,56.0,0.0,0.0,0.0,283.0050000000001,472.7649999999994,755.765000000003,11464.43,29418.5,40882.93
VRC01.G264A.Repair2.clean.mut.pdb,0.0,0.0,20.0,6.0,617.0,20.0,12.0,0.0,13.0,0.0,0.0,25.0,0.0,20.0,11.0,0.0,-0.9219000000000008,0.0,0.0,0.0,0.0,0.0,0.0,0.0,0.0,0.0,0.0,0.0,0.0,0.0,0.0,0.0,0.0,0.0,0.0,0.0,0.0,0.0,0.0,0.0,0.0,0.0,0.0,23.7962,26.022,-16.4271,-7.480689999999999,-12.5694,-20.2562,-5.827999999999999,32.6125,-22.9555,0.44023,11.9439,8.7969,0.0,0.0,0.0,0.0737449,2.8536200000000003,-0.0344765,0.0,1.06581e-14,-1.1701,0.0,0.0,2.384,56.0,0.0,0.0,0.0,283.0050000000001,472.76000000000204,755.765000000003,11510.12,29374.67,40884.79
VRC01.G267A.Repair2.clean.mut.pdb,0.0,0.0,20.0,6.0,617.0,20.0,12.0,0.0,13.0,0.0,0.0,25.0,0.0,20.0,11.0,0.0,0.0,0.0,0.0,0.0,0.0,0.0,0.0,0.0,0.0,0.0,0.0,0.0,0.0,0.0,0.0,0.0,0.0,0.0,0.0,0.0,0.0,0.0,0.0,0.0,0.0,0.0,0.0,23.7962,26.7577,-16.4271,-7.480689999999999,-12.5694,-20.2562,-5.827999999999999,32.6125,-22.9555,0.44023,11.9439,8.7969,0.0,0.0,0.0,0.0737449,2.8536200000000003,-0.0344765,0.0,1.06581e-14,-1.1701,0.0,0.0,2.384,56.0,0.0,0.0,0.0,283.0,472.76500000000124,755.765000000003,11552.44,29310.35,40862.79
VRC01.G290A.Repair2.clean.mut.pdb,0.0,0.0,20.0,6.0,617.0,20.0,12.0,0.0,13.0,0.0,0.0,25.0,0.0,20.0,11.0,0.0,0.0008000000000016882,0.0,0.0,0.0,0.0,0.0,0.0,0.0,0.0,0.0,0.0,0.0,0.0,0.0,0.0,0.0,0.0,0.0,0.0,0.0,0.0,0.0,0.0,0.0,0.0,0.0,0.0,23.7962,26.7417,-16.4271,-7.480689999999999,-12.5694,-20.2562,-5.827999999999999,32.6125,-22.9555,0.44023,11.9439,8.7969,0.0,0.0,0.0,0.0737449,2.8536200000000003,-0.0344765,0.0,1.06581e-14,-1.1701,0.0,0.0,2.384,56.0,0.0,0.0,0.0,283.0,472.76500000000124,755.765000000003,11528.48,29349.26,40877.74
VRC01.G294K.Repair2.clean.mut.pdb,0.0,0.0,20.0,6.0,617.0,20.0,12.0,0.0,13.0,0.0,0.0,25.0,0.0,20.0,11.0,0.0,17.0845,0.0,0.0,0.0,0.0,0.0,0.0,0.0,0.0,0.0,0.0,0.0,0.0,0.0,0.0,0.0,0.0,0.0,0.0,0.0,0.0,0.0,0.0,0.0,0.0,0.0,0.0,23.7962,43.8103,-16.4271,-7.480689999999999,-12.5694,-20.2562,-5.827999999999999,32.6125,-22.9555,0.44023,11.9439,8.7969,0.0,0.0,0.0,0.0737449,2.8536200000000003,-0.0344765,0.0,1.06581e-14,-1.1701,0.0,0.0,2.384,56.0,0.0,0.0,0.0,283.0,472.76500000000124,755.7649999999994,11446.19,29475.78,40921.97
VRC01.G295A.Repair2.clean.mut.pdb,0.0,0.0,20.0,6.0,617.0,20.0,12.0,0.0,13.0,0.0,0.0,25.0,0.0,20.0,11.0,0.0,0.027699999999999392,0.0,0.0,0.0,0.0,0.0,0.0,0.0,0.0,0.0,0.0,0.0,0.0,0.0,0.0,0.0,0.0,0.0,0.0,0.0,0.0,0.0,0.0,0.0,0.0,0.0,0.0,23.7962,26.7496,-16.4271,-7.480689999999999,-12.5694,-20.2562,-5.827999999999999,32.6125,-22.9555,0.44023,11.9439,8.7969,0.0,0.0,0.0,0.0737449,2.8536200000000003,-0.0344765,0.0,1.06581e-14,-1.1701,0.0,0.0,2.384,56.0,0.0,0.0,0.0,283.0,472.76500000000124,755.765000000003,11490.45,29385.12,40875.57
VRC01.G297A.Repair2.clean.mut.pdb,0.0,0.0,20.0,6.0,617.0,20.0,12.0,0.0,13.0,0.0,0.0,25.0,0.0,20.0,11.0,0.0,-0.019400000000000972,0.0,0.0,0.0,0.0,0.0,0.0,0.0,0.0,0.0,0.0,0.0,0.0,0.0,0.0,0.0,0.0,0.0,0.0,0.0,0.0,0.0,0.0,0.0,0.0,0.0,0.0,23.7962,26.7522,-16.4271,-7.480689999999999,-12.5694,-20.2562,-5.827999999999999,32.6125,-22.9555,0.44023,11.9439,8.7969,0.0,0.0,0.0,0.0737449,2.8536200000000003,-0.0344765,0.0,1.06581e-14,-1.1701,0.0,0.0,2.384,56.0,0.0,0.0,0.0,283.0050000000001,472.76500000000124,755.7649999999994,11491.62,29393.03,40884.65
VRC01.G302A.Repair2.clean.mut.pdb,0.0,0.0,20.0,6.0,617.0,20.0,12.0,0.0,13.0,0.0,0.0,25.0,0.0,20.0,11.0,0.0,-0.23760000000000403,0.0,0.0,0.0,0.0,0.0,0.0,0.0,0.0,0.0,0.0,0.0,0.0,0.0,0.0,0.0,0.0,0.0,0.0,0.0,0.0,0.0,0.0,0.0,0.0,0.0,0.0,23.7962,26.7354,-16.4271,-7.480689999999999,-12.5694,-20.2562,-5.827999999999999,32.6125,-22.9555,0.44023,11.9439,8.7969,0.0,0.0,0.0,0.0737449,2.8536200000000003,-0.0344765,0.0,1.06581e-14,-1.1701,0.0,0.0,2.384,56.0,0.0,0.0,0.0,283.0,472.7600000000002,755.7649999999994,11497.32,29370.19,40867.51
VRC01.G308A.Repair2.clean.mut.pdb,0.0,0.0,20.0,6.0,617.0,20.0,12.0,0.0,13.0,0.0,0.0,25.0,0.0,20.0,11.0,0.0,-0.0029000000000003467,0.0,0.0,0.0,0.0,0.0,0.0,0.0,0.0,0.0,0.0,0.0,0.0,0.0,0.0,0.0,0.0,0.0,0.0,0.0,0.0,0.0,0.0,0.0,0.0,0.0,0.0,23.7962,26.7567,-16.4271,-7.480689999999999,-12.5694,-20.2562,-5.827999999999999,32.6125,-22.9555,0.44023,11.9439,8.7969,0.0,0.0,0.0,0.0737449,2.8536200000000003,-0.0344765,0.0,1.06581e-14,-1.1701,0.0,0.0,2.384,56.0,0.0,0.0,0.0,283.0,472.76500000000124,755.7649999999994,11491.32,29356.19,40847.51
VRC01.G315A.Repair2.clean.mut.pdb,0.0,0.0,19.0,6.0,620.0,20.0,12.0,0.0,12.0,0.0,0.0,25.0,0.0,20.0,12.0,0.0,-0.3396000000000008,-0.09140000000000015,0.013600000000000279,-0.0001000000000015433,0.02680000000000149,-0.03361999999999998,-0.07520000000000238,0.009199999999999875,-0.012349999999999972,0.0045000000000001705,0.00013999999999825263,0.0,0.0,0.0,-0.000827300000000003,0.0,0.0,0.0,0.0,-0.023460000000000036,0.0,0.0,0.0,-1.0,0.0,0.0,0.0,23.7964,26.5121,-16.515,-7.478689999999999,-12.5477,-20.2454,-5.86679,32.6888,-22.9269,0.43199,11.8097,8.782589999999999,0.0,0.0,0.0,0.07621789999999999,2.8446599999999997,-0.0344765,0.0,1.06581e-14,-1.20435,0.0,0.0,2.384,56.0,0.0,0.0,0.0,283.02999999999975,472.77000000000044,755.8050000000039,11500.94,29361.41,40862.35
VRC01.G328A.Repair2.clean.mut.pdb,0.0,0.0,20.0,5.0,618.0,20.0,12.0,0.0,13.0,0.0,0.0,25.0,0.0,20.0,11.0,-0.0004000000000026205,-0.034900000000000375,0.2425000000000015,-0.0004299999999997084,-0.000700000000000145,0.042200000000001125,0.00016999999999978144,-0.0741999999999976,0.02669999999999817,-0.0004170000000000007,-0.0018999999999991246,0.253639999999999,0.0,0.0,0.0,-0.0027266999999999986,-0.016719999999999846,0.0,0.0,0.0,0.0,0.0,0.0,0.0,-1.0,0.0,0.0,0.0,23.7964,26.8205,-15.8606,-7.4804699999999995,-12.5707,-20.2245,-5.8253900000000005,32.6574,-22.9252,0.422238,11.9534,9.26405,0.0,0.0,0.0,0.0731059,2.83909,-0.0344765,0.0,1.06581e-14,-1.1701,0.0,0.0,2.384,55.0,0.0,0.0,0.0,286.0700000000006,470.3249999999989,756.3949999999968,11486.42,29407.13,40893.55
VRC01.G329A.Repair2.clean.mut.pdb,0.0,0.0,20.0,6.0,612.0,20.0,11.0,0.0,13.0,0.0,0.0,28.0,0.0,20.0,10.0,0.0,-0.0015000000000000568,-0.7637,0.016759999999998776,0.012900000000000134,0.15259999999999962,0.0019499999999998963,-0.7456000000000031,-0.2710000000000008,-0.002738999999999936,-0.3351000000000006,0.40678000000000125,0.0,0.0,0.0,-3.240000000000187e-05,-0.05609999999999982,0.0,0.0,0.0,0.0,0.0,0.0,0.0,0.0,0.0,0.0,0.0,23.7962,26.7538,-17.133,-7.463710000000001,-12.5517,-20.1254,-5.8274300000000006,31.9824,-23.2236,0.43629700000000005,11.6398,9.13183,0.0,0.0,0.0,0.0731951,2.81678,-0.0344765,0.0,1.06581e-14,-1.1701,0.0,0.0,2.384,56.0,0.0,0.0,0.0,305.79499999999916,447.21000000000095,753.010000000002,11500.62,29393.48,40894.09
VRC01.G330A.Repair2.clean.mut.pdb,0.0,0.0,20.0,7.0,622.0,20.0,12.0,0.0,13.0,0.0,0.0,27.0,0.0,20.0,12.0,0.8000000000000007,1.3171999999999997,-0.9341000000000008,-0.0036100000000010013,-0.017400000000000304,-0.29320000000000235,0.07733999999999952,0.22820000000000107,-0.530899999999999,0.12262399999999996,0.006600000000000605,-0.5269099999999991,0.0,0.0,0.0,0.0007729999999999959,0.01664999999999983,0.0,0.0,0.0,0.0023399999999997867,0.0,1.11022e-16,0.0,2.0,0.0,0.0,0.0,24.5962,28.0754,-17.2836,-7.472760000000001,-12.5854,-20.5649,-5.7504800000000005,32.9499,-23.5052,0.562792,11.9616,8.24863,0.0,0.0,0.0,0.0745181,2.87277,-0.0344765,0.0,1.06581e-14,-1.1677600000000001,0.0,1.11022e-16,2.384,58.0,0.0,0.0,0.0,287.40000000000055,472.60000000000036,760.0000000000036,11469.15,29423.23,40892.38
VRC01.G331A.Repair2.clean.mut.pdb,0.0,0.0,23.0,6.0,622.0,20.0,13.0,0.0,13.0,0.0,0.0,25.0,0.0,20.0,13.0,-0.7636000000000003,2.0772000000000013,1.8549000000000007,-0.0325400000000009,0.026400000000000645,-0.27669999999999817,0.0003700000000002035,0.307300000000005,-0.4718000000000018,1.974704,-0.023899999999999366,0.3451500000000003,0.0,0.0,0.0,0.003853499999999996,0.035880000000000134,-1.0999999999969368e-06,0.0,0.0,0.0020100000000000673,0.0,-1.11022e-16,0.0,0.0,1.0,1.0,0.0,23.7962,28.831,-14.6191,-7.508780000000001,-12.5679,-20.5478,-5.87573,32.9855,-23.4451,2.45329,11.9071,9.10752,0.0,0.0,0.0,0.0773716,2.88262,-0.0344765,0.0,1.06581e-14,-1.17006,0.0,0.0,2.384,56.0,1.0,1.0,0.0,286.83000000000084,472.4950000000008,759.3149999999987,11467.99,29423.23,40891.23
VRC01.G332A.Repair2.clean.mut.pdb,0.0,0.0,18.0,6.0,595.0,17.0,12.0,0.0,7.0,0.0,0.0,25.0,0.0,18.0,11.0,0.005200000000002092,0.003700000000002035,1.941200000000002,-0.010950000000000237,1.7573999999999987,0.44650000000000034,1.3355800000000002,-1.572700000000001,0.16020000000000323,-0.0033119999999999816,-0.32010000000000005,-0.15732999999999997,0.0,0.0,0.0,-0.01296109999999999,-0.1852400000000003,0.0,0.0,0.0,0.3187,0.0,0.0,0.0,1.0,0.0,0.0,0.0,23.7967,26.9387,-14.9347,-7.49087,-11.3518,-19.8037,-4.51525,31.1018,-22.7721,0.46416999999999997,11.6172,8.6309,0.0,0.0,0.0,0.07044760000000001,2.66871,-0.0344765,0.0,1.06581e-14,-0.8511,0.0,0.0,2.384,57.0,0.0,0.0,0.0,299.03999999999996,452.66499999999905,751.7050000000017,11506.49,29375.08,40881.57
VRC01.G333A.Repair2.clean.mut.pdb,0.0,0.0,20.0,6.0,617.0,19.0,12.0,0.0,13.0,0.0,0.0,25.0,0.0,20.0,11.0,0.01600000000000179,-0.03470000000000084,-0.1407000000000025,-0.03556000000000026,-0.020200000000000884,0.001300000000000523,0.03521999999999981,-0.02740000000000009,-0.0029000000000003467,-0.0029599999999999627,0.038000000000000256,-0.12546999999999997,0.0,0.0,0.0,-4.980000000000262e-05,0.016140000000000043,0.0,0.0,0.0,-0.0005900000000000905,0.0,0.0,0.0,0.0,0.0,0.0,0.0,23.8122,26.7564,-16.6124,-7.51645,-12.5896,-20.2568,-5.80693,32.5923,-22.9583,0.44683500000000004,11.9704,8.63776,0.0,0.0,0.0,0.073711,2.86918,-0.0344765,0.0,1.06581e-14,-1.1708100000000001,0.0,0.0,2.384,56.0,0.0,0.0,0.0,281.96000000000004,475.5450000000001,757.505000000001,11459.19,29442.09,40901.28
VRC01.G334A.Repair2.clean.mut.pdb,0.0,0.0,20.0,6.0,617.0,19.0,12.0,0.0,13.0,0.0,0.0,25.0,0.0,20.0,11.0,-0.7304999999999993,-0.49320000000000164,1.0287000000000006,-0.05137999999999909,0.10609999999999964,-0.11680000000000135,-0.2117299999999993,0.41140000000000043,-0.06629999999999825,-0.0239339999999999,0.33000000000000007,0.5403699999999994,0.0,0.0,0.0,-0.018937699999999988,0.006159999999999943,-3.2000000000018125e-06,0.0,0.0,0.1298299999999999,0.0,-1.11022e-16,0.0,-1.0,0.0,0.0,0.0,23.8122,26.7837,-15.1782,-7.49489,-12.5932,-20.2078,-5.50177,32.5601,-22.9212,0.44568900000000006,11.9336,9.58362,0.0,0.0,0.0,0.0742017,2.85025,-0.0344765,0.0,1.06581e-14,-1.02206,0.0,0.0,2.384,55.0,0.0,0.0,0.0,285.40999999999985,469.0550000000003,754.4650000000001,11488.36,29389.65,40878.01
VRC01.G335A.Repair2.clean.mut.pdb,0.0,0.0,20.0,6.0,601.0,20.0,11.0,0.0,13.0,0.0,0.0,24.0,0.0,20.0,10.0,0.0,0.006199999999999761,0.5578999999999983,0.013469999999999871,-0.0030000000000001137,0.6396000000000015,-0.018190000000000595,-0.5219999999999985,1.1001000000000012,-0.016756999999999966,-0.35970000000000013,-0.2749600000000001,0.0,0.0,0.0,2.9599999999990745e-05,-0.38549000000000033,0.0,0.0,0.0,-0.0006299999999999084,0.0,0.0,0.0,0.0,0.0,0.0,0.0,23.7962,26.7263,-15.8451,-7.4905,-12.5694,-19.6103,-5.828130000000001,32.1134,-21.8266,0.437766,11.5638,8.50412,0.0,0.0,0.0,0.0653759,2.46005,-0.0344765,0.0,1.06581e-14,-1.1701,0.0,0.0,2.384,56.0,0.0,0.0,0.0,283.4949999999999,474.14500000000044,757.6399999999994,11471.24,29442.87,40914.11
VRC01.G336A.Repair2.clean.mut.pdb,0.0,0.0,20.0,6.0,617.0,20.0,12.0,0.0,13.0,0.0,0.0,25.0,0.0,20.0,11.0,0.0,-0.9588999999999999,0.0683000000000007,-0.001060000000000727,0.0,-0.0016999999999995907,0.0,0.020899999999997476,0.011499999999998067,0.0,0.0,0.03974999999999973,0.0,0.0,0.0,-0.001055399999999998,-0.04203000000000001,0.0,0.0,0.0,0.0,0.0,0.0,0.0,0.0,0.0,0.0,0.0,23.7962,26.7556,-16.5265,-7.47998,-12.5694,-20.2475,-5.827999999999999,32.6003,-22.944000000000003,0.44023,11.9439,8.69003,0.0,0.0,0.0,0.0724553,2.80124,-0.0344765,0.0,1.06581e-14,-1.1701,0.0,0.0,2.384,56.0,0.0,0.0,0.0,283.3050000000003,473.40500000000065,756.7049999999981,11464.79,29430.82,40895.62
VRC01.G337A.Repair2.clean.mut.pdb,0.0,0.0,20.0,6.0,617.0,20.0,12.0,0.0,13.0,0.0,0.0,25.0,0.0,20.0,11.0,0.0,-0.018799999999998818,0.022199999999998,4.999999999988347e-05,0.0,0.0,0.0,0.0,0.0,0.0,0.0,0.022169999999999135,0.0,0.0,0.0,0.0,0.0,0.0,0.0,0.0,0.0,0.0,0.0,0.0,0.0,0.0,0.0,0.0,23.7962,26.7495,-16.3839,-7.48045,-12.5694,-20.2562,-5.827999999999999,32.6123,-22.9555,0.44023,11.9439,8.84008,0.0,0.0,0.0,0.0737449,2.8536200000000003,-0.0344765,0.0,1.06581e-14,-1.1701,0.0,0.0,2.384,56.0,0.0,0.0,0.0,284.0450000000001,473.3050000000003,757.3549999999996,11464.39,29438.71,40903.1
VRC01.G348A.Repair2.clean.mut.pdb,0.0,0.0,20.0,6.0,617.0,20.0,12.0,0.0,13.0,0.0,0.0,25.0,0.0,20.0,11.0,0.0,-4.320500000000003,0.037700000000000955,0.0,0.0,0.0,0.0,0.0,0.0,0.0,0.0,0.03766000000000069,0.0,0.0,0.0,0.0,0.0,0.0,0.0,0.0,0.0,0.0,0.0,0.0,0.0,0.0,0.0,0.0,23.7962,26.7507,-16.3049,-7.480689999999999,-12.5694,-20.2562,-5.79138,32.6125,-22.9555,0.44023,11.9439,8.8825,0.0,0.0,0.0,0.0737449,2.8536200000000003,-0.0344765,0.0,1.06581e-14,-1.1701,0.0,0.0,2.384,56.0,0.0,0.0,0.0,283.1750000000002,473.0400000000009,756.2150000000001,11486.07,29408.86,40894.93
VRC01.G350A.Repair2.clean.mut.pdb,0.0,0.0,20.0,6.0,617.0,20.0,12.0,0.0,13.0,0.0,0.0,25.0,0.0,20.0,11.0,0.0,-0.022999999999999687,0.0,0.0,0.0,0.0,0.0,0.0,0.0,0.0,0.0,0.0,0.0,0.0,0.0,0.0,0.0,0.0,0.0,0.0,0.0,0.0,0.0,0.0,0.0,0.0,0.0,0.0,23.7962,25.9104,-16.2768,-7.48108,-12.568,-20.2712,-5.82782,32.7392,-22.9625,0.440168,11.955,8.83026,0.0,0.0,0.0,0.0737449,2.85371,-0.0344765,0.0,1.06581e-14,-1.1701,0.0,0.0,2.384,56.0,0.0,0.0,0.0,283.0600000000004,472.7950000000001,755.8450000000012,11495.97,29386.76,40882.74
VRC01.G352A.Repair2.clean.mut.pdb,0.0,0.0,20.0,6.0,617.0,20.0,12.0,0.0,13.0,0.0,0.0,25.0,0.0,20.0,11.0,0.0,-0.008600000000001273,0.0,0.0,0.0,0.0,0.0,0.0,0.0,0.0,0.0,0.0,0.0,0.0,0.0,0.0,0.0,0.0,0.0,0.0,0.0,0.0,0.0,0.0,0.0,0.0,0.0,0.0,23.7962,25.9785,-16.4282,-7.480689999999999,-12.5694,-20.2563,-5.827999999999999,32.6127,-22.9556,0.44023,11.9439,8.79571,0.0,0.0,0.0,0.0737526,2.8534599999999997,-0.0344765,0.0,1.06581e-14,-1.1701,0.0,0.0,2.384,56.0,0.0,0.0,0.0,283.005000000001,472.77500000000146,755.7849999999999,11505.05,29372.43,40877.47
VRC01.G359A.Repair2.clean.mut.pdb,0.0,0.0,20.0,6.0,617.0,20.0,12.0,0.0,13.0,0.0,0.0,25.0,0.0,20.0,11.0,0.0,-3.4627000000000017,0.0,0.0,0.0,0.0,0.0,0.0,0.0,0.0,0.0,0.0,0.0,0.0,0.0,0.0,0.0,0.0,0.0,0.0,0.0,0.0,0.0,0.0,0.0,0.0,0.0,0.0,23.7962,24.7119,-16.4271,-7.480689999999999,-12.5694,-20.2562,-5.827999999999999,32.6125,-22.9555,0.44023,11.944,8.7969,0.0,0.0,0.0,0.0737449,2.8536200000000003,-0.0344765,0.0,1.06581e-14,-1.1701,0.0,0.0,2.384,56.0,0.0,0.0,0.0,283.0,472.76000000000204,755.760000000002,11501.17,29446.46,40947.63
VRC01.G379A.Repair2.clean.mut.pdb,0.0,0.0,20.0,6.0,617.0,20.0,12.0,0.0,13.0,0.0,0.0,25.0,0.0,20.0,11.0,0.0,-0.05699999999999861,0.0008000000000016882,0.0,0.0,0.0,0.00027000000000043656,0.0,0.0,0.0,0.0004999999999988347,0.0,0.0,0.0,0.0,0.0,0.0,0.0,0.0,0.0,0.0,0.0,0.0,0.0,0.0,0.0,0.0,0.0,23.7962,26.7453,-16.4271,-7.480689999999999,-12.5694,-20.2562,-5.827999999999999,32.6125,-22.9555,0.44023,11.9439,8.7969,0.0,0.0,0.0,0.0737449,2.8536200000000003,-0.0344765,0.0,1.06581e-14,-1.1701,0.0,0.0,2.384,56.0,0.0,0.0,0.0,283.0550000000003,472.7649999999994,755.8149999999987,11493.99,29369.79,40863.79
VRC01.G380A.Repair2.clean.mut.pdb,0.0,0.0,20.0,6.0,617.0,20.0,12.0,0.0,13.0,0.0,0.0,25.0,0.0,20.0,11.0,0.0,-0.5643999999999991,0.0,0.0,0.0,0.0,0.0,0.0,0.0,0.0,0.0,0.0,0.0,0.0,0.0,0.0,0.0,0.0,0.0,0.0,0.0,0.0,0.0,0.0,0.0,0.0,0.0,0.0,23.7962,26.6953,-16.4271,-7.480689999999999,-12.5694,-20.2562,-5.827999999999999,32.6125,-22.9555,0.44023,11.9439,8.7969,0.0,0.0,0.0,0.0737449,2.8536200000000003,-0.0344765,0.0,1.06581e-14,-1.1701,0.0,0.0,2.384,56.0,0.0,0.0,0.0,283.0050000000001,472.7600000000002,755.765000000003,11472.26,29450.01,40922.27
VRC01.G381A.Repair2.clean.mut.pdb,0.0,0.0,20.0,6.0,617.0,20.0,12.0,0.0,13.0,0.0,0.0,25.0,0.0,20.0,11.0,0.0,-0.007900000000002905,-0.0326999999999984,0.0,0.007899999999999352,0.002500000000001279,-0.014120000000000132,-0.02120000000000033,-0.002100000000002211,5.8000000000002494e-05,0.002600000000001046,0.0014399999999987756,0.0,0.0,0.0,6.999999999923734e-07,0.0015399999999998748,0.0,0.0,0.0,-0.009759999999999991,0.0,0.0,0.0,0.0,0.0,0.0,0.0,23.8147,26.7673,-16.5308,-7.48026,-12.6151,-20.2551,-5.86057,32.5945,-22.9584,0.447263,11.9488,8.798919999999999,0.0,0.0,0.0,0.07373939999999998,2.85565,-0.0344765,0.0,1.06581e-14,-1.19005,0.0,0.0,2.384,56.0,0.0,0.0,0.0,283.0099999999993,472.78000000000065,755.7900000000009,11493.44,29352.88,40846.32
VRC01.G383A.Repair2.clean.mut.pdb,0.0,0.0,20.0,6.0,617.0,20.0,12.0,0.0,13.0,0.0,0.0,25.0,0.0,20.0,11.0,0.0,-0.1477000000000004,9.999999999976694e-05,0.0,0.0,0.0,2.0000000001019203e-05,0.0,0.0,0.0,0.00020000000000131024,0.0,0.0,0.0,0.0,0.0,0.0,0.0,0.0,0.0,0.0,0.0,0.0,0.0,0.0,0.0,0.0,0.0,23.7962,26.7578,-16.4271,-7.480689999999999,-12.5694,-20.2562,-5.8280199999999995,32.6125,-22.9555,0.44023,11.944,8.7969,0.0,0.0,0.0,0.0737449,2.8536200000000003,-0.0344765,0.0,1.06581e-14,-1.1701,0.0,0.0,2.384,56.0,0.0,0.0,0.0,283.1150000000007,472.78499999999985,755.9000000000015,11468.38,29437.09,40905.47
VRC01.G384A.Repair2.clean.mut.pdb,0.0,0.0,20.0,6.0,617.0,20.0,12.0,0.0,13.0,0.0,0.0,25.0,0.0,20.0,11.0,0.0,-2.7407999999999966,0.012500000000002842,-0.0011999999999998678,0.0,-0.0005999999999986017,0.011040000000000383,0.002100000000005764,-0.0006000000000021544,-1.0000000000287557e-06,0.0005000000000006111,0.0021100000000000563,0.0,0.0,0.0,-1.3999999999986246e-06,0.0,0.0,0.0,0.0,-0.0009099999999999664,0.0,0.0,0.0,0.0,0.0,0.0,0.0,23.8147,26.7127,-16.4443,-7.479089999999999,-12.623,-20.2641,-5.83084,32.6497,-22.9523,0.447205,11.9452,8.79808,0.0,0.0,0.0,0.07374270000000001,2.85411,-0.0344765,0.0,1.06581e-14,-1.17452,0.0,0.0,2.384,57.0,0.0,0.0,0.0,283.2900000000009,473.5550000000003,756.8450000000048,11472.48,29441.65,40914.13
VRC01.G385A.Repair2.clean.mut.pdb,0.0,0.0,20.0,6.0,617.0,20.0,12.0,0.0,13.0,0.0,0.0,25.0,0.0,20.0,11.0,0.00019999999999953388,-0.0017999999999993577,-0.09750000000000014,0.0,0.0,0.04129999999999967,0.056539999999999146,-0.24170000000000158,0.0002999999999993008,0.0,0.03509999999999991,0.011169999999999902,0.0,0.0,0.0,-5.170000000001562e-05,-9.999999999621423e-06,0.0,0.0,0.0,0.0,0.0,0.0,0.0,0.0,0.0,0.0,0.0,23.7962,26.7761,-16.5253,-7.483060000000001,-12.5694,-20.2045,-5.74523,32.3259,-22.9555,0.44023,11.9828,8.8134,0.0,0.0,0.0,0.0736724,2.8536200000000003,-0.0344765,0.0,1.06581e-14,-1.16908,0.0,0.0,2.384,56.0,0.0,0.0,0.0,284.47999999999956,470.53499999999985,755.0149999999994,11499.04,29385.27,40884.31
VRC01.G387A.Repair2.clean.mut.pdb,0.0,0.0,19.0,8.0,617.0,20.0,12.0,0.0,13.0,0.0,0.0,25.0,0.0,20.0,12.0,0.757200000000001,-0.050499999999999545,0.565100000000001,-0.07273000000000085,-0.0517000000000003,1.0105000000000004,0.23707999999999974,-1.0471000000000004,1.1765000000000008,0.02105099999999993,-0.08089999999999975,-0.6651299999999996,0.0,0.0,0.0,-0.001392399999999988,-0.1036100000000002,0.03942819999999999,0.0,0.0,-0.000500000000000167,0.0,0.0,0.0,-2.0,0.0,0.0,0.0,24.5728,26.7584,-16.4763,-7.45375,-12.6342,-20.1852,-5.78216,32.5052,-22.9302,0.466869,11.9258,8.7421,0.0,0.0,0.0,0.07198310000000001,2.69141,-0.0347082,0.0,1.06581e-14,-1.16809,0.0,0.0,2.384,56.0,0.0,0.0,0.0,287.39999999999964,466.3199999999997,753.7200000000012,11532.69,29400.49,40933.18
VRC01.G390A.Repair2.clean.mut.pdb,0.0,0.0,19.0,7.0,604.0,20.0,10.0,0.0,13.0,0.0,0.0,22.0,0.0,20.0,9.0,0.06359999999999744,0.05419999999999803,0.8285,-0.020780000000000243,-0.04019999999999868,0.5797000000000025,-0.09518999999999966,-0.1490000000000009,1.1934000000000005,0.021822000000000008,-0.6972000000000005,0.04461000000000048,0.0,0.0,0.0,-0.006724299999999992,-0.12382999999999988,-0.00022410000000000485,0.0,0.0,-0.0016299999999997983,0.0,0.0,0.0,0.0,0.0,0.0,0.0,24.006999999999998,26.8098,-15.7324,-7.472910000000001,-12.6976,-19.528,-5.82665,32.2086,-21.6263,0.417411,11.3127,8.65365,0.0,0.0,0.0,0.0300769,2.64692,-0.034445800000000006,0.0,1.06581e-14,-1.1689399999999999,0.0,0.0,2.384,56.0,0.0,0.0,0.0,278.4549999999999,472.2999999999993,750.7500000000036,11459.02,29436.43,40895.46
VRC01.G392A.Repair2.clean.mut.pdb,0.0,0.0,20.0,6.0,617.0,20.0,12.0,0.0,13.0,0.0,0.0,25.0,0.0,20.0,11.0,0.001300000000000523,-0.006099999999999994,-0.17609999999999815,0.002650000000000041,-0.1053999999999995,0.001100000000000989,-0.024110000000000298,-0.023699999999998056,-0.002700000000000813,0.0015209999999999946,-0.017900000000000915,0.001869999999998484,0.0,0.0,0.0,-5.859999999999199e-05,-0.00019000000000035655,0.0,0.0,0.0,-0.009429999999999827,0.0,0.0,0.0,0.0,0.0,0.0,0.0,23.7975,26.7521,-16.5812,-7.478039999999999,-12.6748,-20.2551,-5.83898,32.5888,-22.9582,0.441751,11.9284,8.79877,0.0,0.0,0.0,0.07368630000000001,2.85343,-0.0344765,0.0,1.06581e-14,-1.17309,0.0,0.0,2.384,56.0,0.0,0.0,0.0,283.10000000000036,472.630000000001,755.7299999999996,11495.16,29350.94,40846.1
VRC01.G395A.Repair2.clean.mut.pdb,0.0,0.0,20.0,6.0,617.0,20.0,12.0,0.0,13.0,0.0,0.0,25.0,0.0,20.0,11.0,0.0,-0.4513999999999996,0.0,0.0,0.0,0.0,0.0,0.0,0.0,0.0,0.0,0.0,0.0,0.0,0.0,0.0,0.0,0.0,0.0,0.0,0.0,0.0,0.0,0.0,0.0,0.0,0.0,0.0,23.7962,26.7198,-16.4271,-7.480689999999999,-12.5694,-20.2562,-5.827999999999999,32.6125,-22.9555,0.44023,11.9439,8.7969,0.0,0.0,0.0,0.0737449,2.8536200000000003,-0.0344765,0.0,1.06581e-14,-1.1701,0.0,0.0,2.384,56.0,0.0,0.0,0.0,283.0199999999995,472.7900000000009,755.8050000000003,11506.2,29393.97,40900.17
VRC01.G399A.Repair2.clean.mut.pdb,0.0,0.0,20.0,6.0,617.0,20.0,12.0,0.0,13.0,0.0,0.0,25.0,0.0,20.0,11.0,0.0,-0.5106999999999999,0.0,0.0,0.0,0.0,0.0,0.0,0.0,0.0,0.0,0.0,0.0,0.0,0.0,0.0,0.0,0.0,0.0,0.0,0.0,0.0,0.0,0.0,0.0,0.0,0.0,0.0,23.7962,26.3226,-16.4271,-7.480689999999999,-12.5694,-20.2562,-5.827999999999999,32.6125,-22.9555,0.44023,11.9439,8.7969,0.0,0.0,0.0,0.0737449,2.8536200000000003,-0.0344765,0.0,1.06581e-14,-1.1701,0.0,0.0,2.384,56.0,0.0,0.0,0.0,283.0050000000001,472.7600000000002,755.7649999999994,11464.74,29448.52,40913.26
VRC01.G410A.Repair2.clean.mut.pdb,0.0,0.0,20.0,6.0,617.0,20.0,12.0,0.0,13.0,0.0,0.0,25.0,0.0,20.0,11.0,0.0,-0.8742000000000019,0.0,0.0,0.0,0.0,0.0,0.0,0.0,0.0,0.0,0.0,0.0,0.0,0.0,0.0,0.0,0.0,0.0,0.0,0.0,0.0,0.0,0.0,0.0,0.0,0.0,0.0,23.7962,26.7334,-16.4271,-7.480689999999999,-12.5694,-20.2562,-5.827999999999999,32.6125,-22.9555,0.44023,11.9439,8.7969,0.0,0.0,0.0,0.0737449,2.8536200000000003,-0.0344765,0.0,1.06581e-14,-1.1701,0.0,0.0,2.384,56.0,0.0,0.0,0.0,283.0,472.7649999999994,755.760000000002,11479.02,29409.57,40888.6
VRC01.G415A.Repair2.clean.mut.pdb,0.0,0.0,20.0,5.0,620.0,20.0,12.0,0.0,13.0,0.0,0.0,22.0,0.0,19.0,10.0,-0.0045000000000001705,0.00730000000000075,0.05239999999999867,-0.0831799999999987,-0.03939999999999877,0.5276999999999994,-0.03770999999999969,-0.7625999999999991,0.6631,-0.04338800000000004,-0.33000000000000007,0.1616699999999991,0.0,0.0,0.0,-0.0007172000000000012,-0.09622999999999982,0.0,0.0,0.0,-0.0029799999999997606,0.0,0.0,0.0,0.0,0.0,0.0,0.0,23.7926,26.7592,-16.5304,-7.628439999999999,-12.6686,-19.7663,-5.82444,31.8074,-22.4061,0.416655,11.6691,9.00114,0.0,0.0,0.0,0.0738039,2.77725,-0.0344765,0.0,1.06581e-14,-1.1701,0.0,0.0,2.384,56.0,0.0,0.0,0.0,284.59000000000015,470.84499999999935,755.4400000000023,11477.05,29412.23,40889.28
VRC01.G416A.Repair2.clean.mut.pdb,0.0,0.0,18.0,7.0,608.0,20.0,12.0,0.0,12.0,0.0,0.0,25.0,0.0,19.0,11.0,-0.010000000000001563,-0.29699999999999704,0.7561,-0.009619999999999962,-0.05719999999999992,0.18070000000000164,0.7980900000000002,-0.47979999999999734,0.13929999999999865,-0.03403700000000004,0.13020000000000032,0.06476999999999933,0.0,0.0,0.0,-0.0165482,-0.15677999999999992,0.0,0.0,0.0,0.04018999999999995,0.0,0.0,0.0,1.0,0.0,0.0,0.0,23.7963,26.6426,-15.7024,-7.47657,-12.6872,-20.0827,-5.02752,32.2284,-22.8045,0.404589,12.0262,8.81178,0.0,0.0,0.0,0.0699853,2.72128,-0.0344765,0.0,1.06581e-14,-1.13044,0.0,0.0,2.384,57.0,0.0,0.0,0.0,285.8699999999999,470.8899999999994,756.760000000002,11492.02,29386.18,40878.2
VRC01.G417A.Repair2.clean.mut.pdb,0.0,0.0,19.0,6.0,604.0,19.0,12.0,0.0,13.0,0.0,0.0,25.0,0.0,19.0,11.0,-0.3420000000000023,0.00980000000000203,0.7883999999999993,0.022619999999998974,-0.0752000000000006,0.12700000000000244,0.6637400000000007,-0.6052000000000035,-0.06050000000000111,0.015810999999999964,0.07089999999999996,0.5508299999999995,0.0,0.0,0.0,-0.054598900000000006,0.06932000000000027,0.0,0.0,0.0,0.13314000000000004,0.0,0.0,0.0,-1.0,0.0,0.0,0.0,23.4515,26.7982,-14.4379,-7.4568,-10.9402,-19.8406,-4.80406,31.221999999999998,-22.7876,0.35576199999999997,11.4921,9.2937,0.0,0.0,0.0,0.08631710000000001,2.86973,-0.0344765,0.0,1.06581e-14,-1.02399,0.0,0.0,2.384,56.0,0.0,0.0,0.0,294.47000000000025,458.0750000000007,752.5449999999983,11489.19,29404.47,40893.66
VRC01.G418A.Repair2.clean.mut.pdb,0.0,0.0,23.0,10.0,620.0,19.0,13.0,0.0,13.0,0.0,0.0,29.0,0.0,20.0,13.0,-0.1921999999999997,-0.025900000000000034,0.29450000000000287,-0.20388000000000073,0.05050000000000132,-0.33349999999999724,-0.009079999999999977,0.26429999999999865,-0.5981000000000023,1.0579139999999998,0.012400000000001299,0.05746000000000073,0.0,0.0,0.0,-0.0016448999999999908,-0.007159999999999833,0.0,0.0,0.0,-0.0018799999999998818,0.0,0.0,0.0,1.0,0.0,0.0,0.0,23.6151,26.7325,-16.1896,-7.789280000000001,-12.530999999999999,-20.5936,-5.84914,32.9167,-23.5376,1.5107899999999999,11.9486,8.86843,0.0,0.0,0.0,0.07222730000000001,2.84695,-0.0344765,0.0,1.06581e-14,-1.17125,0.0,0.0,2.384,57.0,0.0,0.0,0.0,286.25,473.3150000000005,759.5600000000013,11466.14,29421.82,40887.96
VRC01.G419A.Repair2.clean.mut.pdb,0.0,0.0,22.0,8.0,609.0,21.0,12.0,0.0,10.0,0.0,0.0,26.0,0.0,21.0,12.0,-0.42020000000000124,2.078599999999998,1.7401999999999997,-0.022830000000000794,0.02710000000000079,-0.6756000000000029,-0.2673199999999998,1.016499999999997,-1.0103000000000044,3.8186759999999995,0.018000000000000682,-1.1751799999999992,0.0,0.0,0.0,0.0032737999999999795,0.05675000000000008,0.0,0.0,0.0,0.008039999999999825,0.0,0.0,0.0,0.0,1.0,1.0,0.0,23.3872,28.7853,-13.628,-7.523630000000001,-12.5855,-20.4856,-5.5692699999999995,32.6461,-23.508000000000003,4.21395,11.5478,8.75378,0.0,0.0,0.0,0.07437739999999998,2.88554,-0.0344765,0.0,1.06581e-14,-1.15744,0.0,0.0,2.384,57.0,1.0,1.0,0.0,288.40499999999975,472.3650000000016,760.7649999999994,11470.29,29421.39,40891.69
VRC01.G421A.Repair2.clean.mut.pdb,0.0,0.0,20.0,8.0,616.0,19.0,12.0,0.0,10.0,0.0,0.0,25.0,0.0,21.0,12.0,-0.017500000000001847,-0.7512000000000008,-0.6051000000000002,-0.035499999999999865,-0.10169999999999924,-0.1905000000000001,-0.2998700000000003,0.46610000000000085,-0.1612000000000009,0.06469500000000006,0.12629999999999875,-0.44243000000000166,0.0,0.0,0.0,0.0016511999999999916,0.038129999999999775,0.0,0.0,0.0,-0.03264,0.0,0.0,0.0,-2.0,0.0,0.0,0.0,23.4056,26.56,-16.9,-7.503369999999999,-12.517999999999999,-20.2149,-5.48747,32.4472,-22.9781,0.45555100000000004,11.7336,8.27723,0.0,0.0,0.0,0.0739163,2.84983,-0.0344765,0.0,1.06581e-14,-1.15117,0.0,0.0,2.384,56.0,0.0,0.0,0.0,292.97000000000025,459.7399999999998,752.7150000000001,11541.76,29323.48,40865.23
VRC01.G423A.Repair2.clean.mut.pdb,0.0,0.0,18.0,5.0,609.0,20.0,12.0,0.0,11.0,0.0,0.0,25.0,0.0,19.0,12.0,-0.007799999999999585,0.01729999999999876,-0.26480000000000103,0.004260000000000375,-0.05690000000000062,0.07319999999999993,-0.1102299999999996,-0.10590000000000188,0.04309999999999903,-0.06115799999999999,0.01670000000000016,-0.05319000000000074,0.0,0.0,0.0,-0.00045219999999998595,-0.011400000000000077,0.0,0.0,0.0,-0.014310000000000045,0.0,0.0,0.0,1.0,0.0,0.0,0.0,23.7883,27.5472,-16.7777,-7.56527,-12.6312,-19.759,-5.49791,31.6999,-22.3934,0.379042,11.5298,8.61182,0.0,0.0,0.0,0.07102280000000001,2.81155,-0.0344765,0.0,1.06581e-14,-1.18797,0.0,0.0,2.384,58.0,0.0,0.0,0.0,283.0049999999992,472.9899999999998,755.9900000000016,11534.27,29351.9,40886.18
VRC01.G427A.Repair2.clean.mut.pdb,0.0,0.0,18.0,7.0,610.0,20.0,12.0,0.0,12.0,0.0,0.0,25.0,0.0,19.0,12.0,9.999999999976694e-05,-0.03140000000000143,-0.18050000000000033,-0.03957999999999995,-0.0129999999999999,0.013299999999997425,0.11354000000000042,-0.1600000000000037,0.08950000000000102,0.0040399999999999325,-0.12410000000000032,-0.06876999999999889,0.0,0.0,0.0,-0.001293500000000003,0.004240000000000244,0.0,0.0,0.0,0.005930000000000213,0.0,0.0,0.0,0.0,0.0,0.0,0.0,23.7964,26.7078,-16.1217,-7.5441199999999995,-12.5683,-19.9688,-5.5815,32.0008,-22.5569,0.41368699999999997,11.6739,9.147210000000001,0.0,0.0,0.0,0.0731237,2.84269,-0.0344765,0.0,1.06581e-14,-1.17634,0.0,0.0,2.384,57.0,0.0,0.0,0.0,282.9300000000003,473.0450000000001,755.9700000000012,11467.34,29445.84,40913.18
VRC01.G429A.Repair2.clean.mut.pdb,0.0,0.0,18.0,7.0,610.0,20.0,12.0,0.0,13.0,0.0,0.0,25.0,0.0,21.0,10.0,0.0010999999999974364,-0.09440000000000026,0.6682000000000006,-0.01814000000000071,0.024199999999998667,0.27280000000000015,0.38590000000000035,-0.48380000000000223,0.09510000000000218,-0.02828799999999998,0.23129999999999917,0.3220300000000016,0.0,0.0,0.0,-0.0030344000000000204,-0.07254000000000005,0.0,0.0,0.0,-0.1300699999999999,0.0,0.0,0.0,-1.0,0.0,0.0,0.0,23.7961,26.6613,-15.5528,-7.473660000000001,-12.4495,-19.945,-5.381419999999999,31.9884,-22.8206,0.340627,12.3033,9.14755,0.0,0.0,0.0,0.07322739999999998,2.78085,-0.0344765,0.0,1.06581e-14,-1.3013299999999999,0.0,0.0,2.384,55.0,0.0,0.0,0.0,283.9499999999998,471.53000000000065,755.4850000000042,11489.04,29387.48,40876.52
VRC01.G431A.Repair2.clean.mut.pdb,0.0,0.0,20.0,6.0,617.0,20.0,12.0,0.0,13.0,0.0,0.0,25.0,0.0,20.0,11.0,0.0,-0.10759999999999792,0.0069000000000016826,0.0,-0.00039999999999906777,9.999999999976694e-05,-9.000000000014552e-05,0.005099999999998772,0.0022999999999981924,-6.000000000061512e-06,0.0,-0.00015999999999927184,0.0,0.0,0.0,1.2200000000017752e-05,0.0,0.0,0.0,0.0,0.0,0.0,0.0,0.0,0.0,0.0,0.0,0.0,23.7962,26.7634,-16.4287,-7.480689999999999,-12.5755,-20.3062,-5.82881,32.71,-23.0332,0.440212,11.9889,8.78726,0.0,0.0,0.0,0.0739096,2.8536200000000003,-0.0344765,0.0,1.06581e-14,-1.1701,0.0,0.0,2.384,56.0,0.0,0.0,0.0,283.0150000000003,472.5700000000015,755.5850000000028,11464.92,29423.76,40888.68
VRC01.G432A.Repair2.clean.mut.pdb,0.0,0.0,19.0,9.0,615.0,20.0,12.0,0.0,13.0,0.0,0.0,25.0,0.0,20.0,11.0,0.0,0.7198999999999991,0.29490000000000194,0.013839999999999186,0.0030000000000001137,-0.009499999999999176,0.017680000000000362,0.046700000000001296,-0.02990000000000137,0.18576899999999996,-0.012199999999999989,0.08738000000000135,0.0,0.0,0.0,-0.008451899999999998,-0.029329999999999856,0.0,0.0,0.0,0.0006299999999999084,0.0,0.0,0.0,1.0,0.0,0.0,0.0,23.7962,27.4785,-16.1301,-7.46685,-12.5664,-20.2665,-5.810219999999999,32.6562,-22.9869,0.625999,11.9317,8.89137,0.0,0.0,0.0,0.0654179,2.8245,-0.0344765,0.0,1.06581e-14,-1.16947,0.0,0.0,2.384,57.0,0.0,0.0,0.0,283.0150000000003,472.71500000000015,755.7400000000016,11464.47,29423.92,40888.38
VRC01.G433A.Repair2.clean.mut.pdb,0.0,0.0,20.0,8.0,615.0,20.0,12.0,0.0,13.0,0.0,0.0,25.0,0.0,20.0,11.0,0.032900000000001484,2.135300000000001,-0.22649999999999793,0.008099999999999774,-0.08500000000000085,-0.012399999999999523,-0.010619999999999408,-0.07839999999999492,-0.07090000000000174,0.026651999999999954,0.029299999999999216,-0.03242999999999796,0.0,0.0,0.0,-0.0021183000000000174,0.010920000000000485,0.00017119999999999636,0.0,0.0,0.0012499999999999734,0.0,0.0,0.0,0.0,0.0,0.0,0.0,23.8291,28.893,-16.6912,-7.472589999999999,-12.6544,-20.2132,-5.8384,32.4213,-22.9856,0.46688199999999996,11.972999999999999,8.74341,0.0,0.0,0.0,0.071556,2.8509900000000004,-0.034305300000000004,0.0,1.06581e-14,-1.16885,0.0,0.0,2.384,56.0,0.0,0.0,0.0,283.6700000000001,472.46500000000015,756.1299999999974,11468.05,29422.02,40890.08
VRC01.G434A.Repair2.clean.mut.pdb,0.0,0.0,20.0,6.0,605.0,19.0,12.0,0.0,10.0,0.0,0.0,26.0,0.0,18.0,12.0,0.8973000000000013,0.00859999999999772,1.5241000000000007,0.024079999999999657,0.5785999999999998,0.4373999999999967,0.9596899999999993,-1.1423000000000023,0.23989999999999867,0.03852100000000003,-0.01419999999999888,0.2021299999999986,0.0,0.0,0.0,0.007008600000000004,-0.017240000000000144,-0.0008802000000000115,0.0,0.0,0.1940130000000001,0.0,1.11022e-16,0.0,0.0,0.0,0.0,0.0,24.6935,26.6925,-15.07,-7.45362,-12.3605,-19.92,-4.93423,31.7375,-22.7287,0.478783,11.9068,9.054689999999999,0.0,0.0,0.0,0.0807529,2.83661,-0.03540530000000001,0.0,1.06581e-14,-0.8960469999999999,0.0,1.11022e-16,2.384,57.0,0.0,0.0,0.0,290.77499999999964,461.3550000000014,752.130000000001,11509.66,29372.01,40881.67
VRC01.G436A.Repair2.clean.mut.pdb,0.0,0.0,21.0,6.0,621.0,19.0,12.0,0.0,13.0,0.0,0.0,25.0,0.0,19.0,11.0,-0.7508000000000017,-0.24220000000000041,-0.6662999999999997,-0.03253000000000039,-0.5914000000000001,-0.11720000000000041,0.26022000000000034,-0.20530000000000115,-0.25390000000000157,-0.04991200000000001,0.09539999999999971,0.15814000000000128,0.0,0.0,0.0,0.0001723000000000141,0.016180000000000305,0.007174699999999999,0.0,0.0,0.06292999999999993,0.0,-1.11022e-16,0.0,-1.0,0.0,0.0,0.0,23.8147,26.6568,-16.0456,-7.47802,-12.9426,-20.2698,-5.60977,32.7119,-22.958000000000002,0.447067,11.9228,9.20143,0.0,0.0,0.0,0.0737072,2.85386,-0.034475,0.0,1.06581e-14,-1.1097700000000001,0.0,0.0,2.384,56.0,0.0,0.0,0.0,283.3299999999999,472.8299999999999,756.1550000000025,11500.78,29369.76,40870.54
VRC01.G437A.Repair2.clean.mut.pdb,0.0,0.0,21.0,5.0,619.0,19.0,12.0,0.0,12.0,0.0,0.0,25.0,0.0,19.0,12.0,0.06210000000000093,-0.2657999999999987,1.2271,-0.09466999999999981,-0.18040000000000056,0.0019999999999988916,0.18550999999999984,0.24080000000000013,0.11489999999999867,-0.0068090000000000095,0.15470000000000006,0.6528899999999993,0.0,0.0,0.0,0.005100400000000005,-0.08801999999999977,0.011235699999999994,0.0,0.0,0.14169999999999994,0.0,0.0,0.0,2.0,0.0,0.0,0.0,23.8655,26.5424,-15.3335,-7.45452,-12.6309,-20.2029,-5.70416,32.671,-22.7589,0.43245900000000004,11.9867,9.32095,0.0,0.0,0.0,0.0788316,2.76404,-0.0406639,0.0,1.06581e-14,-1.03138,0.0,0.0,2.384,58.0,0.0,0.0,0.0,283.08500000000004,472.96999999999935,756.0499999999993,11485.81,29404.34,40890.15
VRC01.G439A.Repair2.clean.mut.pdb,0.0,0.0,21.0,6.0,617.0,19.0,12.0,0.0,13.0,0.0,0.0,25.0,0.0,19.0,11.0,0.07700000000000173,-2.4436999999999998,0.19159999999999755,0.0011799999999997368,-0.3304999999999989,0.08299999999999841,-0.039539999999999687,-0.009499999999995623,0.14890000000000114,0.0024680000000000257,0.01559999999999917,0.3721300000000003,0.0,0.0,0.0,0.0064468000000000025,-0.009640000000000537,-0.008036699999999994,0.0,0.0,-0.05046000000000017,0.0,0.0,0.0,2.0,0.0,0.0,0.0,23.8732,26.7008,-16.2052,-7.479080000000001,-12.9028,-20.1412,-5.8188699999999995,32.5279,-22.8037,0.448147,11.9444,9.20295,0.0,0.0,0.0,0.08019180000000001,2.8439799999999997,-0.042513199999999994,0.0,1.06581e-14,-1.22056,0.0,0.0,2.384,58.0,0.0,0.0,0.0,283.0499999999993,473.10000000000036,756.1549999999988,11493.29,29445.61,40938.89
VRC01.G440A.Repair2.clean.mut.pdb,0.0,0.0,18.0,6.0,610.0,19.0,12.0,0.0,11.0,0.0,0.0,25.0,0.0,18.0,11.0,-0.0002000000000030866,-18.8573,-0.13840000000000074,0.1862199999999996,0.18989999999999974,0.014900000000000801,0.01133000000000095,-0.1466999999999956,0.0021999999999984254,0.00019600000000002948,-0.20080000000000098,-0.18516000000000155,0.0,0.0,0.0,-1.4500000000000624e-05,-0.00550000000000006,0.004390000000000005,0.0,0.0,-0.014869999999999939,0.0,0.0,0.0,0.0,0.0,0.0,0.0,23.8147,26.5215,-15.7727,-7.4093,-12.8201,-19.9495,-5.09721,32.167,-22.5654,0.39452600000000004,11.6527,8.731869999999999,0.0,0.0,0.0,0.07131269999999999,2.86915,0.171215,0.0,1.06581e-14,-1.11988,0.0,0.0,2.384,58.0,0.0,0.0,0.0,283.0199999999995,472.96500000000015,755.9850000000042,11482.85,29399.29,40882.13
VRC01.G54A.Repair2.clean.mut.pdb,0.0,0.0,20.0,6.0,617.0,20.0,12.0,0.0,13.0,0.0,0.0,25.0,0.0,20.0,11.0,0.0,-0.35589999999999833,0.0,0.0,0.0,0.0,0.0,0.0,0.0,0.0,0.0,0.0,0.0,0.0,0.0,0.0,0.0,0.0,0.0,0.0,0.0,0.0,0.0,0.0,0.0,0.0,0.0,0.0,23.7962,26.6262,-16.4271,-7.480689999999999,-12.5694,-20.2562,-5.827999999999999,32.6125,-22.9555,0.44023,11.9439,8.7969,0.0,0.0,0.0,0.0737449,2.8536200000000003,-0.0344765,0.0,1.06581e-14,-1.1701,0.0,0.0,2.384,56.0,0.0,0.0,0.0,283.005000000001,472.7599999999984,755.765000000003,11536.46,29304.22,40840.68
VRC01.G62A.Repair2.clean.mut.pdb,0.0,0.0,20.0,6.0,617.0,20.0,12.0,0.0,13.0,0.0,0.0,25.0,0.0,20.0,11.0,0.0,-6.374000000000002,0.0004999999999988347,0.0,0.0,0.0,0.0004999999999997229,0.0,0.0,0.0,0.0,0.0,0.0,0.0,0.0,0.0,0.0,-1.0999999999969368e-06,0.0,0.0,2.0000000000131024e-05,0.0,0.0,0.0,0.0,0.0,0.0,0.0,23.7962,26.6659,-16.427,-7.480689999999999,-12.5694,-20.2562,-5.82796,32.6125,-22.9555,0.44023,11.944,8.7969,0.0,0.0,0.0,0.0737449,2.8536200000000003,-0.0344765,0.0,1.06581e-14,-1.1701,0.0,0.0,2.384,56.0,0.0,0.0,0.0,283.0,472.9200000000019,755.9150000000009,11460.23,29449.6,40909.83
VRC01.G64A.Repair2.clean.mut.pdb,0.0,0.0,18.0,6.0,612.0,20.0,12.0,0.0,13.0,0.0,0.0,25.0,0.0,21.0,11.0,9.999999999976694e-05,-0.06800000000000139,0.07659999999999911,0.000300000000000189,-0.022299999999999542,0.19669999999999987,0.2694000000000001,-0.43369999999999465,0.19239999999999924,-0.043875,-0.1524000000000001,-0.013000000000001677,0.0,0.0,0.0,-0.002438700000000002,-0.02538000000000018,-6.199999999999956e-05,0.0,0.0,0.08552999999999988,0.0,0.0,0.0,1.0,0.0,0.0,0.0,23.7963,26.7349,-16.3448,-7.480389999999999,-12.5917,-20.0595,-5.54881,32.1788,-22.7631,0.396355,11.7852,8.7839,0.0,0.0,0.0,0.0713062,2.82824,-0.0345374,0.0,1.06581e-14,-1.0823200000000002,0.0,0.0,2.384,57.0,0.0,0.0,0.0,283.64999999999964,471.28499999999985,754.9300000000003,11508.52,29318.5,40827.03
VRC01.G69A.Repair2.clean.mut.pdb,0.0,0.0,21.0,5.0,622.0,19.0,12.0,0.0,12.0,0.0,0.0,25.0,0.0,19.0,12.0,-0.002600000000001046,-0.1886999999999972,-0.03759999999999941,0.0,0.0,-0.0036999999999984823,-0.12827000000000055,0.01389999999999958,-0.0007000000000019213,0.0049779999999999824,0.17820000000000036,-0.009260000000001156,0.0,0.0,0.0,0.0,0.0,-0.00015750000000000486,0.0,0.0,-0.09265999999999996,0.0,0.0,0.0,-1.0,0.0,0.0,0.0,23.8631,26.8057,-15.7546,-7.46564,-12.6618,-20.2155,-5.92049,32.6425,-22.8307,0.433299,12.1982,9.322189999999999,0.0,0.0,0.0,0.0788335,2.76517,-0.0603111,0.0,1.06581e-14,-1.27522,0.0,0.0,2.384,58.0,0.0,0.0,0.0,283.0050000000001,472.78499999999985,755.7900000000009,11500.57,29363.21,40863.78
VRC01.G79A.Repair2.clean.mut.pdb,0.0,0.0,20.0,6.0,617.0,20.0,12.0,0.0,13.0,0.0,0.0,25.0,0.0,20.0,11.0,-0.00019999999999953388,-0.9780000000000015,0.01600000000000179,-0.0010199999999995768,-0.001300000000000523,0.0030999999999998806,0.004209999999999603,-0.004399999999996851,0.0021999999999984254,0.0,-0.00020000000000131024,0.013149999999999551,0.0,0.0,0.0,-1.0700000000002374e-05,3.999999999981796e-05,6.189999999998974e-05,0.0,0.0,0.0,0.0,0.0,0.0,0.0,0.0,0.0,0.0,23.796,26.3968,-16.4137,-7.480689999999999,-12.5694,-20.236,-5.8192900000000005,32.5643,-22.9492,0.440204,11.9377,8.82916,0.0,0.0,0.0,0.0737342,2.85363,-0.034244800000000006,0.0,1.06581e-14,-1.1701,0.0,0.0,2.384,56.0,0.0,0.0,0.0,283.0500000000002,473.22999999999956,756.2800000000025,11519.12,29412.08,40931.2
VRC01.G87A.Repair2.clean.mut.pdb,0.0,0.0,20.0,6.0,617.0,20.0,12.0,0.0,13.0,0.0,0.0,25.0,0.0,20.0,11.0,0.0,-0.011400000000001853,0.0,0.0,0.0,0.0,0.0,0.0,0.0,0.0,0.0,0.0,0.0,0.0,0.0,0.0,0.0,0.0,0.0,0.0,0.0,0.0,0.0,0.0,0.0,0.0,0.0,0.0,23.7962,26.7576,-16.4271,-7.480689999999999,-12.5694,-20.2562,-5.827999999999999,32.6125,-22.9555,0.44023,11.9439,8.7969,0.0,0.0,0.0,0.0737449,2.8536200000000003,-0.0344765,0.0,1.06581e-14,-1.1701,0.0,0.0,2.384,56.0,0.0,0.0,0.0,283.0150000000003,472.78999999999905,755.8050000000003,11460.53,29436.63,40897.16
VRC01.G88A.Repair2.clean.mut.pdb,0.0,0.0,20.0,6.0,617.0,20.0,12.0,0.0,13.0,0.0,0.0,25.0,0.0,20.0,11.0,0.0,-0.014200000000002433,-0.02230000000000132,0.0,0.0,0.0,-0.013589999999999769,0.0,0.0,0.0,0.0,0.0,0.0,0.0,0.0,0.0,0.0,0.0,0.0,0.0,-0.008700000000000152,0.0,0.0,0.0,0.0,0.0,0.0,0.0,23.7962,26.7506,-16.448,-7.480689999999999,-12.5694,-20.2562,-5.84088,32.6125,-22.9555,0.44023,11.9439,8.7969,0.0,0.0,0.0,0.0737449,2.8536200000000003,-0.0344765,0.0,1.06581e-14,-1.1780700000000002,0.0,0.0,2.384,56.0,0.0,0.0,0.0,283.1149999999998,472.85499999999956,755.9700000000012,11487.85,29364.99,40852.84
VRC01.G89A.Repair2.clean.mut.pdb,0.0,0.0,20.0,6.0,617.0,20.0,12.0,0.0,13.0,0.0,0.0,25.0,0.0,20.0,11.0,0.0,-0.09979999999999833,0.012299999999999756,0.0,0.0,0.0,0.0,0.0,0.0,0.0,0.0,0.0,0.0,0.0,0.0,0.012286599999999995,0.042110000000000536,0.0,0.0,0.0,0.0,0.0,0.0,0.0,0.0,0.0,0.0,0.0,23.7962,26.7706,-16.4126,-7.480689999999999,-12.5694,-20.2562,-5.827999999999999,32.6125,-22.9555,0.44023,11.9439,8.7969,0.0,0.0,0.0,0.0882535,2.9056900000000003,-0.0344765,0.0,1.06581e-14,-1.1701,0.0,0.0,2.384,56.0,0.0,0.0,0.0,283.1050000000005,473.119999999999,756.2249999999985,11462.1,29452.15,40914.25
