,intraclashes_energy_1_mut,intraclashes_energy_2_mut,dg_mut,backbone_hbond_mut,sidechain_hbond_mut,van_der_waals_mut,electrostatics_mut,solvation_polar_mut,solvation_hydrophobic_mut,van_der_waals_clashes_mut,entropy_sidechain_mut,entropy_mainchain_mut,sloop_entropy_mut,mloop_entropy_mut,cis_bond_mut,torsional_clash_mut,backbone_clash_mut,helix_dipole_mut,water_bridge_mut,disulfide_mut,electrostatic_kon_mut,partial_covalent_bonds_mut,energy_ionisation_mut,entropy_complex_mut,number_of_residues,interface_residues_mut,interface_residues_clashing_mut,interface_residues_vdw_clashing_mut,interface_residues_bb_clashing_mut
3bdy.protein.H31G.Repair4.clean.pdb,31.1091,4.1624300000000005,-18.5833,-8.088280000000001,-6.6654800000000005,-15.0464,-0.255687,19.1163,-18.0548,0.412562,6.054069999999999,3.8145800000000003,0.0,0.0,-4.4408900000000007e-16,0.17960399999999999,2.99056,-3.3306699999999995e-16,0.0,7.10543e-15,-0.201537,0.0,0.151728,2.384,533.0,35.0,0.0,0.0,0.0
3bdy.protein.H31K.Repair4.clean.pdb,31.0868,4.849,-18.6211,-8.10184,-6.67059,-14.9732,-0.231623,19.0307,-17.9572,0.413734,5.923019999999999,3.81267,0.0,0.0,-4.4408900000000007e-16,0.17491800000000002,2.97459,5.55112e-17,0.0,7.10543e-15,-0.188567,0.0,0.146852,2.384,533.0,35.0,0.0,0.0,0.0
3bdy.protein.H31Q.Repair4.clean.pdb,31.505,4.14851,-18.7144,-8.06257,-6.6616800000000005,-14.9148,-0.21409899999999998,18.8484,-17.9635,0.405362,5.91516,3.7898699999999996,0.0,0.0,-4.4408900000000007e-16,0.17745,2.8738099999999998,5.27356e-16,0.0,7.10543e-15,-0.183679,0.0,0.149578,2.384,533.0,34.0,0.0,0.0,0.0
3bdy.protein.H31R.Repair4.clean.pdb,31.0122,4.011080000000001,-18.8672,-8.0922,-6.689769999999999,-15.0501,-0.219283,19.0713,-18.0628,0.411602,5.83091,3.7955900000000002,0.0,0.0,-4.4408900000000007e-16,0.176346,2.98739,-3.3306699999999995e-16,0.0,7.10543e-15,-0.187104,0.0,0.148376,2.384,533.0,34.0,0.0,0.0,0.0
3bdy.protein.H31S.Repair4.clean.pdb,31.1635,4.303999999999999,-18.8591,-8.0759,-6.70375,-15.0247,-0.228857,18.9927,-18.0637,0.40531,5.89003,3.8186699999999996,0.0,0.0,-4.4408900000000007e-16,0.176068,2.98182,-2.22045e-16,0.0,7.10543e-15,-0.192929,0.0,0.148037,2.384,533.0,34.0,0.0,0.0,0.0
3bdy.protein.H33M.Repair4.clean.pdb,31.3992,4.0577,-18.1146,-8.059619999999999,-5.37582,-14.9474,-0.258466,18.5983,-18.2189,0.410555,5.78411,3.8351699999999997,0.0,0.0,-4.4408900000000007e-16,0.185526,2.99138,-5.55112e-17,0.0,7.10543e-15,-0.204537,0.0,0.136485,2.384,533.0,34.0,0.0,0.0,0.0
3bdy.protein.H33R.Repair4.clean.pdb,30.8618,4.8229,-16.7615,-8.07646,-6.73923,-15.2068,0.279351,19.8504,-17.9846,1.58192,5.51283,3.81414,0.0,0.0,-4.4408900000000007e-16,0.234175,2.9515599999999997,-1.11022e-16,0.0,7.10543e-15,-0.173301,0.0,0.146001,2.384,533.0,34.0,0.0,0.0,0.0
3bdy.protein.H33W.Repair4.clean.pdb,31.1081,5.00568,-19.465,-8.089960000000001,-7.67541,-15.0366,-0.237402,19.3781,-17.8586,0.468214,5.69217,3.80355,0.0,0.0,-4.4408900000000007e-16,0.13605899999999999,2.92616,-1.11022e-16,0.0,7.10543e-15,-0.199902,0.0,0.154804,2.384,533.0,32.0,0.0,0.0,0.0
3bdy.protein.H52R.Repair4.clean.pdb,30.9184,4.0499,-18.1049,-8.05757,-6.46624,-14.8481,-0.22675700000000001,19.0201,-17.7592,0.398102,5.887919999999999,3.8053800000000004,0.0,0.0,-4.4408900000000007e-16,0.19606500000000002,2.95567,8.326670000000001e-17,0.0,7.10543e-15,-0.19865,0.0,0.143997,2.384,533.0,35.0,0.0,0.0,0.0
3bdy.protein.H52W.Repair4.clean.pdb,31.2781,5.04327,-18.6399,-8.08577,-6.5711,-14.9207,-0.2607,18.9215,-17.9575,0.399708,5.92281,3.79008,0.0,0.0,-4.4408900000000007e-16,0.178619,3.00564,1.66533e-16,0.0,7.10543e-15,-0.210838,0.0,0.153999,2.384,533.0,35.0,0.0,0.0,0.0
3bdy.protein.H53K.Repair4.clean.pdb,31.1641,4.84429,-18.4381,-8.12315,-6.5524,-14.8967,-0.21844899999999998,18.9172,-17.923,0.412005,6.08545,3.7749900000000003,0.0,0.0,-4.4408900000000007e-16,0.177204,2.99206,5.55112e-17,0.0,7.10543e-15,-0.221615,0.0,0.13034600000000002,2.384,533.0,33.0,0.0,0.0,0.0
3bdy.protein.H53R.Repair4.clean.pdb,31.0728,4.64348,-18.2871,-8.04573,-6.48979,-14.8169,-0.292611,18.8707,-17.7859,0.408,5.94949,3.81419,0.0,0.0,-4.4408900000000007e-16,0.185336,2.86671,-1.11022e-16,0.0,7.10543e-15,-0.225034,0.0,0.141262,2.384,533.0,35.0,0.0,0.0,0.0
3bdy.protein.H98A.Repair4.clean.pdb,31.1969,4.6310199999999995,-17.789,-8.071439999999999,-6.7803,-15.0702,-0.0330168,18.9904,-18.1238,0.393479,5.86939,4.7401800000000005,0.0,0.0,-4.4408900000000007e-16,0.187462,2.9668400000000004,5.55112e-17,0.0,7.10543e-15,-0.03938219999999999,0.0,0.148223,2.384,533.0,33.0,0.0,0.0,0.0
3bdy.protein.H98F.Repair4.clean.pdb,31.0566,4.155130000000001,-19.1124,-8.06203,-6.675730000000001,-15.6944,-0.07135280000000001,19.034000000000002,-19.3995,0.41288500000000006,6.40152,4.64162,0.0,0.0,-4.4408900000000007e-16,0.203656,2.9015299999999997,-2.4980000000000004e-16,0.0,7.10543e-15,-0.051682500000000006,0.0,0.148706,2.384,533.0,36.0,0.0,0.0,0.0
3bdy.protein.H98G.Repair4.clean.pdb,31.1969,4.6310199999999995,-17.7433,-8.071439999999999,-6.78026,-15.0648,-0.0330168,18.9804,-18.1204,0.393176,5.87215,4.784669999999999,0.0,0.0,-4.4408900000000007e-16,0.187499,2.96643,5.55112e-17,0.0,7.10543e-15,-0.03938219999999999,0.0,0.148223,2.384,533.0,33.0,0.0,0.0,0.0
3bdy.protein.H98H.Repair4.clean.pdb,31.5174,5.51918,-18.3497,-8.0991,-6.6254,-15.4481,-0.094736,19.3017,-18.7559,0.41115100000000004,6.046880000000001,4.6401699999999995,0.0,0.0,-4.4408900000000007e-16,0.178599,2.9630799999999997,-2.22045e-16,0.0,7.10543e-15,-0.057851599999999996,0.0,0.152878,2.384,533.0,36.0,0.0,0.0,0.0
3bdy.protein.H98I.Repair4.clean.pdb,31.3082,4.66771,-17.7719,-8.07163,-6.740880000000001,-15.0682,-0.034969400000000005,18.9753,-18.1314,0.391822,5.90546,4.706919999999999,0.0,0.0,-4.4408900000000007e-16,0.186878,2.9679900000000004,2.77556e-17,0.0,7.10543e-15,-0.039715499999999994,0.0,0.14846600000000001,2.384,533.0,34.0,0.0,0.0,0.0
3bdy.protein.H98K.Repair4.clean.pdb,31.5409,4.28996,-18.1282,-8.08348,-6.62979,-15.3977,-0.0659536,19.1128,-18.7132,0.41484099999999996,6.20325,4.73665,0.0,0.0,-4.4408900000000007e-16,0.197219,3.0119700000000003,-1.11022e-16,0.0,7.10543e-15,-0.0515614,0.0,0.148671,2.384,533.0,36.0,0.0,0.0,0.0
3bdy.protein.H98L.Repair4.clean.pdb,31.2823,4.16542,-18.3395,-8.071060000000001,-6.67035,-15.3539,-0.0445487,19.0051,-18.7577,0.396573,6.19585,4.66706,0.0,0.0,-4.4408900000000007e-16,0.195008,2.99801,-6.10623e-16,0.0,7.10543e-15,-0.0489013,0.0,0.147358,2.384,533.0,34.0,0.0,0.0,0.0
3bdy.protein.H98M.Repair4.clean.pdb,31.2139,4.55234,-19.1995,-8.07162,-6.811780000000001,-15.6841,-0.0423434,19.0903,-19.3044,0.393596,6.24972,4.67725,0.0,0.0,-4.4408900000000007e-16,0.198371,3.04305,1.11022e-16,0.0,7.10543e-15,-0.0426705,0.0,0.148197,2.384,533.0,35.0,0.0,0.0,0.0
3bdy.protein.H98N.Repair4.clean.pdb,31.2023,4.92818,-17.9905,-8.071810000000001,-6.779089999999999,-15.1201,-0.0377211,19.0007,-18.2273,0.393216,5.85396,4.70177,0.0,0.0,-4.4408900000000007e-16,0.19031199999999998,2.96925,-1.9428900000000003e-16,0.0,7.10543e-15,-0.042713,0.0,0.14825,2.384,533.0,34.0,0.0,0.0,0.0
3bdy.protein.H98Q.Repair4.clean.pdb,30.9363,5.0587599999999995,-17.0999,-8.072980000000001,-6.5739399999999995,-14.8893,0.030089299999999996,18.8059,-17.9481,0.396451,6.17623,4.68884,0.0,0.0,-4.4408900000000007e-16,0.170929,2.96937,-3.05311e-16,0.0,7.10543e-15,-0.0360442,0.0,0.15196400000000002,2.384,533.0,33.0,0.0,0.0,0.0
3bdy.protein.H98R.Repair4.clean.pdb,31.0836,5.241709999999999,-18.0564,-8.085230000000001,-8.069510000000001,-15.4852,0.0116007,19.6112,-18.4361,0.415083,6.8811100000000005,4.77993,0.0,0.0,-4.4408900000000007e-16,0.17995999999999998,3.05472,-1.11022e-16,0.0,7.10543e-15,-0.0189858,0.0,0.159729,2.384,533.0,35.0,0.0,0.0,0.0
3bdy.protein.H98S.Repair4.clean.pdb,31.1947,5.05625,-17.7291,-8.05264,-6.787439999999999,-15.0487,-0.0496814,18.9347,-18.1264,0.395422,5.94935,4.7468,0.0,0.0,-4.4408900000000007e-16,0.20338299999999998,2.9426900000000002,-8.326670000000001e-17,0.0,7.10543e-15,-0.0433086,0.0,0.14941600000000002,2.384,533.0,34.0,0.0,0.0,0.0
3bdy.protein.H98T.Repair4.clean.pdb,31.2662,3.9795,-17.8297,-8.06864,-6.74569,-15.0907,-0.0443255,19.0016,-18.1678,0.398366,5.8559,4.7419,0.0,0.0,-4.4408900000000007e-16,0.18426900000000002,2.96592,5.55112e-17,0.0,7.10543e-15,-0.042828500000000005,0.0,0.14829900000000001,2.384,533.0,34.0,0.0,0.0,0.0
3bdy.protein.H98V.Repair4.clean.pdb,31.3564,4.67427,-17.839000000000002,-8.07173,-6.78025,-15.0826,-0.0330168,19.0099,-18.1386,0.393563,5.85029,4.71785,0.0,0.0,-4.4408900000000007e-16,0.186865,2.96902,5.55112e-17,0.0,7.10543e-15,-0.03938219999999999,0.0,0.148223,2.384,533.0,34.0,0.0,0.0,0.0
3bdy.protein.H98W.Repair4.clean.pdb,31.3976,4.6300300000000005,-20.305,-8.07138,-6.84709,-16.3643,-0.0330164,19.3504,-20.445,0.446701,6.69555,4.6495,0.0,0.0,-4.4408900000000007e-16,0.204746,3.09502,5.55112e-17,0.0,7.10543e-15,-0.03938219999999999,0.0,0.148222,2.384,533.0,35.0,0.0,0.0,0.0
3bdy.protein.H98Y.Repair4.clean.pdb,31.1623,4.88324,-18.8463,-8.00864,-7.76315,-15.7237,0.0506185,19.399,-19.1944,0.470966,6.87387,4.77836,0.0,0.0,-4.4408900000000007e-16,0.131328,3.00444,4.996000000000001e-16,0.0,7.10543e-15,-0.030488599999999998,0.0,0.169984,2.384,533.0,34.0,0.0,0.0,0.0
3bdy.protein.H99D.Repair4.clean.pdb,31.6631,4.0929,-18.0401,-8.14201,-6.73918,-15.1302,-0.47153199999999995,19.1789,-18.1293,0.49822799999999995,6.03279,4.77076,0.0,0.0,-4.4408900000000007e-16,0.228476,3.00527,-5.27356e-16,0.0,7.10543e-15,-0.286068,0.0,0.149061,2.384,533.0,35.0,0.0,0.0,0.0
3bdy.protein.H99F.Repair4.clean.pdb,32.402,4.75398,-18.391,-8.18136,-6.65495,-15.0032,-0.22260500000000003,19.0569,-17.9303,0.536215,6.00013,3.86375,0.0,0.0,-4.4408900000000007e-16,0.187039,2.92603,-5.55112e-17,0.0,7.10543e-15,-0.192218,0.0,0.149554,2.384,533.0,35.0,0.0,0.0,0.0
3bdy.protein.H99H.Repair4.clean.pdb,31.9994,4.80314,-17.4983,-7.544580000000001,-6.37625,-15.2953,-0.172705,19.4515,-18.5894,0.439066,6.56654,3.8002599999999997,0.0,0.0,-4.4408900000000007e-16,0.22621799999999997,2.8124700000000002,-2.22045e-16,0.0,7.10543e-15,-0.153318,0.0,0.149677,2.384,533.0,34.0,0.0,0.0,0.0
3bdy.protein.H99M.Repair4.clean.pdb,31.5421,4.973730000000001,-17.8186,-7.5394,-6.30434,-15.4777,-0.197743,19.4053,-18.9106,0.49016000000000004,6.69113,3.8645300000000002,0.0,0.0,-4.4408900000000007e-16,0.187029,2.79391,-6.93889e-16,0.0,7.10543e-15,-0.17235799999999998,0.0,0.14543699999999998,2.384,533.0,34.0,0.0,0.0,0.0
3bdy.protein.H99Q.Repair4.clean.pdb,32.19,5.05035,-17.1191,-7.7253,-6.37418,-15.3213,-0.21012600000000003,19.428,-18.5708,0.6684100000000001,6.81033,3.9206300000000005,0.0,0.0,-4.4408900000000007e-16,0.30544099999999996,3.0006,-2.22045e-16,0.0,7.10543e-15,-0.199436,0.0,0.149213,2.384,533.0,34.0,0.0,0.0,0.0
3bdy.protein.H99R.Repair4.clean.pdb,31.8134,4.675590000000001,-17.8134,-7.69994,-6.44654,-15.6984,-0.228838,19.7804,-19.046,0.522189,6.6887,3.98716,0.0,0.0,-4.4408900000000007e-16,0.302663,2.91224,0.0,0.0,7.10543e-15,-0.12363099999999999,0.0,0.14877200000000002,2.384,533.0,35.0,0.0,0.0,0.0
3bdy.protein.L53W.Repair4.clean.pdb,31.1661,4.73238,-18.9777,-8.08112,-6.69302,-15.2309,-0.239233,19.1815,-18.3286,0.40326599999999996,6.04035,3.8578,0.0,0.0,-4.4408900000000007e-16,0.165511,2.9925900000000003,0.0,0.0,7.10543e-15,-0.202765,0.0,0.14948599999999998,2.384,533.0,34.0,0.0,0.0,0.0
3bdy.protein.L93E.Repair4.clean.pdb,31.4079,4.47541,-18.3144,-8.09305,-6.800160000000001,-14.9218,-0.44699099999999997,19.3234,-18.1416,0.644632,6.64836,3.36582,0.0,0.0,-4.4408900000000007e-16,0.169754,2.9637599999999997,-8.326670000000001e-17,0.0,7.10543e-15,-0.211114,0.0,0.148324,2.384,533.0,35.0,0.0,0.0,0.0
3bdy.protein.L93Q.Repair4.clean.pdb,31.0239,4.24556,-18.4478,-8.02586,-7.34812,-14.709000000000001,-0.204007,18.6745,-17.6977,0.447582,6.541,3.7894900000000002,0.0,0.0,-4.4408900000000007e-16,0.121597,2.98354,-1.38778e-16,0.0,7.10543e-15,-0.217309,0.0,0.17996700000000002,2.384,533.0,34.0,0.0,0.0,0.0
