,if_phil,if_phob,if_total,sasa_phil,sasa_phob,sasa_total
3bdy.protein.H31G.Repair4.clean.pdb,148.25,347.3349999999991,495.58500000000095,8344.35,19087.09,27431.44
3bdy.protein.H31K.Repair4.clean.pdb,148.20500000000084,347.0700000000015,495.27499999999964,8304.46,19192.92,27497.38
3bdy.protein.H31Q.Repair4.clean.pdb,148.13999999999942,346.8850000000002,495.02499999999964,8303.02,19163.46,27466.48
3bdy.protein.H31R.Repair4.clean.pdb,148.02500000000055,346.77000000000044,494.7950000000001,8300.48,19186.36,27486.84
3bdy.protein.H31S.Repair4.clean.pdb,148.22000000000025,347.10000000000036,495.3199999999997,8304.68,19133.76,27438.44
3bdy.protein.H33M.Repair4.clean.pdb,149.33000000000084,345.27499999999964,494.6050000000014,8322.46,19117.46,27439.92
3bdy.protein.H33R.Repair4.clean.pdb,148.21500000000015,347.66499999999905,495.875,8301.22,19162.54,27463.77
3bdy.protein.H33W.Repair4.clean.pdb,148.42000000000007,347.3850000000002,495.8049999999985,8293.13,19115.52,27408.65
3bdy.protein.H52R.Repair4.clean.pdb,148.15000000000055,347.4300000000003,495.5750000000007,8300.72,19165.34,27466.07
3bdy.protein.H52W.Repair4.clean.pdb,148.35999999999967,347.8850000000002,496.25,8292.29,19118.87,27411.16
3bdy.protein.H53K.Repair4.clean.pdb,148.16499999999996,346.9899999999998,495.15499999999884,8303.19,19195.12,27498.31
3bdy.protein.H53R.Repair4.clean.pdb,148.15999999999985,346.9449999999997,495.1050000000014,8299.26,19181.25,27480.51
3bdy.protein.H98A.Repair4.clean.pdb,162.67500000000018,329.1799999999985,491.85499999999956,8371.71,19056.83,27428.54
3bdy.protein.H98F.Repair4.clean.pdb,170.36499999999978,331.1800000000003,501.54499999999825,8375.04,19045.54,27420.58
3bdy.protein.H98G.Repair4.clean.pdb,160.5650000000005,328.83500000000095,489.3949999999986,8362.8,19058.67,27421.47
3bdy.protein.H98H.Repair4.clean.pdb,148.0699999999997,349.96000000000095,498.03000000000065,8301.2,19159.35,27460.55
3bdy.protein.H98I.Repair4.clean.pdb,168.07999999999993,330.66499999999905,498.7450000000008,8371.06,19048.15,27419.21
3bdy.protein.H98K.Repair4.clean.pdb,148.64999999999964,347.28499999999985,495.9349999999995,8305.54,19186.64,27492.18
3bdy.protein.H98L.Repair4.clean.pdb,168.32499999999982,330.6449999999986,498.97000000000116,8374.34,19048.33,27422.67
3bdy.protein.H98M.Repair4.clean.pdb,167.94999999999982,330.39999999999964,498.35000000000036,8380.57,19049.55,27430.12
3bdy.protein.H98N.Repair4.clean.pdb,148.20499999999993,348.2000000000007,496.40500000000065,8302.47,19144.53,27447.01
3bdy.protein.H98Q.Repair4.clean.pdb,147.95499999999993,350.1650000000009,498.1200000000008,8300.7,19161.42,27462.12
3bdy.protein.H98R.Repair4.clean.pdb,146.95000000000073,356.1150000000016,503.0699999999997,8293.64,19188.42,27482.06
3bdy.protein.H98S.Repair4.clean.pdb,148.78500000000076,344.1849999999995,492.96000000000095,8306.46,19124.83,27431.3
3bdy.protein.H98T.Repair4.clean.pdb,148.6949999999997,345.7049999999999,494.39999999999964,8305.7,19138.16,27443.86
3bdy.protein.H98V.Repair4.clean.pdb,165.46499999999924,329.78499999999985,495.25,8376.62,19053.13,27429.75
3bdy.protein.H98W.Repair4.clean.pdb,145.16499999999996,362.9399999999987,508.10499999999956,8281.36,19138.54,27419.9
3bdy.protein.H98Y.Repair4.clean.pdb,147.36000000000058,353.1849999999995,500.53999999999905,8296.31,19152.08,27448.4
3bdy.protein.H99D.Repair4.clean.pdb,131.3800000000001,368.9899999999998,500.3749999999982,8268.76,19207.58,27476.33
3bdy.protein.H99F.Repair4.clean.pdb,161.1300000000001,345.60999999999876,506.73999999999796,8323.38,19124.45,27447.83
3bdy.protein.H99H.Repair4.clean.pdb,133.08999999999924,381.6949999999997,514.7849999999999,8264.78,19202.75,27467.53
3bdy.protein.H99M.Repair4.clean.pdb,165.66499999999996,348.03000000000065,513.6949999999997,8311.31,19124.8,27436.11
3bdy.protein.H99Q.Repair4.clean.pdb,132.7550000000001,380.35499999999956,513.1100000000006,8264.8,19206.25,27471.05
3bdy.protein.H99R.Repair4.clean.pdb,133.0600000000004,388.27499999999964,521.335000000001,8259.72,19224.54,27484.26
3bdy.protein.L53W.Repair4.clean.pdb,148.01000000000022,346.83500000000095,494.85000000000036,8292.67,19130.14,27422.8
3bdy.protein.L93E.Repair4.clean.pdb,148.35499999999956,352.0049999999992,500.3600000000006,8302.37,19162.13,27464.5
3bdy.protein.L93Q.Repair4.clean.pdb,148.67000000000007,353.8600000000006,502.52499999999964,8301.72,19157.14,27458.86
