,#PDB,mutant,chain,partners,ddG,database
282,1AHW,Y145A,C,AB_C,3.8070473878512345,skempi
283,1AHW,Y146A,C,AB_C,-1.889855644155876,skempi
285,1AHW,T156A,C,AB_C,-0.07415315233518882,skempi
287,1AHW,T159A,C,AB_C,1.106266051214103,skempi
288,1AHW,L165A,C,AB_C,0.9873782996075402,skempi
289,1AHW,D167A,C,AB_C,-0.4848095744869916,skempi
291,1AHW,T186A,C,AB_C,1.3464846588532229,skempi
292,1AHW,V187A,C,AB_C,-0.3143717599743105,skempi
293,1AHW,N188A,C,AB_C,1.07870517566724,skempi
300,1DVF,H30A,A,AB_CD,1.6501208682984403,skempi
303,1DVF,Y50A,A,AB_CD,0.6880815483111249,skempi
304,1DVF,W92A,A,AB_CD,0.34087562902536384,skempi
305,1DVF,S93A,A,AB_CD,1.1629593933905724,skempi
306,1DVF,T30A,B,AB_CD,0.9079189624478144,skempi
307,1DVF,Y32A,B,AB_CD,1.8322907886361577,skempi
313,1DVF,R99A,B,AB_CD,1.8754845496300407,skempi
316,1DVF,Y101F,B,AB_CD,2.013214752712873,skempi
325,1DVF,Y102A,D,AB_CD,4.7415569648968665,skempi
326,1DVF,Y49A,C,AB_CD,1.8614336463880097,skempi
327,1DVF,Q104A,D,AB_CD,1.6294518424961115,skempi
328,1DVF,N55A,D,AB_CD,1.8614336463880097,skempi
329,1DVF,R106A,D,AB_CD,4.092513318275992,skempi
330,1DVF,K30A,D,AB_CD,1.0039665964230091,skempi
331,1DVF,H33A,D,AB_CD,1.8614336463880097,skempi
332,1DVF,D52A,D,AB_CD,1.6830433368516662,skempi
333,1DVF,I101A,D,AB_CD,2.682746490691615,skempi
347,1VFB,H30A,A,AB_C,0.8452608877353622,skempi
349,1VFB,Y49A,A,AB_C,0.7978986927311489,skempi
352,1VFB,S93A,A,AB_C,0.3432775895238578,skempi
353,1VFB,T30A,B,AB_C,-0.055874549141323726,skempi
357,1VFB,N56A,B,AB_C,0.17779756112897085,skempi
358,1VFB,D58A,B,AB_C,-0.20709602019064727,skempi
359,1VFB,E98A,B,AB_C,1.1570750859013492,skempi
360,1VFB,R99A,B,AB_C,-0.0997799642553101,skempi
364,1VFB,S28N,B,AB_C,0.14401190479903114,skempi
365,1VFB,S28Q,B,AB_C,0.07811605663438925,skempi
366,1VFB,S28D,B,AB_C,0.0,skempi
367,1VFB,S28E,B,AB_C,-0.10405386370332792,skempi
368,1VFB,G31A,B,AB_C,0.3066025584484766,skempi
369,1VFB,G31E,B,AB_C,-0.5099895279396378,skempi
370,1VFB,G31W,B,AB_C,0.003962904299202208,skempi
371,1VFB,Y32E,B,AB_C,1.9030397771559304,skempi
372,1VFB,D58N,B,AB_C,-0.12823893533738584,skempi
373,1VFB,D58E,B,AB_C,0.07811605663438925,skempi
374,1VFB,R99Y,B,AB_C,1.2359321707546105,skempi
375,1VFB,R99W,B,AB_C,0.7052898465729402,skempi
376,1VFB,N31W,A,AB_C,0.17440071881188324,skempi
377,1VFB,Y32W,A,AB_C,5.631085143179872,skempi
378,1VFB,L46D,A,AB_C,5.631085143179872,skempi
379,1VFB,L46E,A,AB_C,5.631085143179872,skempi
380,1VFB,Y50R,A,AB_C,0.8447021441810225,skempi
381,1VFB,Y50K,A,AB_C,1.716369386032854,skempi
382,1VFB,T52F,A,AB_C,0.4710860315474186,skempi
383,1VFB,T53R,A,AB_C,1.6465885929064132,skempi
399,2VIS,I89T,C,AB_C,-4.913826162579596,skempi
400,2VIR,S115L,C,AB_C,3.6818568961241898,skempi
401,2VIR,T89I,C,AB_C,4.913826162579596,skempi
533,1KIQ,F101Y,B,AB_C,-2.4960760995685334,skempi
534,1KIP,A32Y,B,AB_C,-0.8009516657328053,skempi
535,1KIR,S50Y,A,AB_C,-1.3877153426351807,skempi
558,2JEL,F2Y,P,LH_P,0.0,skempi
559,2JEL,F2W,P,LH_P,2.6203254441814643,skempi
560,2JEL,Q3K,P,LH_P,4.092513318275992,skempi
561,2JEL,Q4K,P,LH_P,1.3641711060919979,skempi
562,2JEL,E5D,P,LH_P,0.4106564221518028,skempi
563,2JEL,E5Q,P,LH_P,0.7132960763010736,skempi
564,2JEL,V6F,P,LH_P,0.0,skempi
565,2JEL,T7N,P,LH_P,0.4106564221518028,skempi
566,2JEL,T7S,P,LH_P,0.0,skempi
567,2JEL,P11E,P,LH_P,0.0,skempi
568,2JEL,N12D,P,LH_P,0.0,skempi
569,2JEL,R17G,P,LH_P,0.0,skempi
570,2JEL,R17K,P,LH_P,0.0,skempi
571,2JEL,K24E,P,LH_P,0.0,skempi
572,2JEL,K27E,P,LH_P,0.0,skempi
573,2JEL,T34N,P,LH_P,6.820855530459986,skempi
574,2JEL,T34Q,P,LH_P,0.0,skempi
575,2JEL,T36Q,P,LH_P,0.4106564221518028,skempi
576,2JEL,N38T,P,LH_P,0.0,skempi
577,2JEL,S41C,P,LH_P,1.496372945728586,skempi
578,2JEL,S43C,P,LH_P,0.0,skempi
579,2JEL,S46C,P,LH_P,0.0,skempi
580,2JEL,Q57E,P,LH_P,-0.4106564221518028,skempi
581,2JEL,T62N,P,LH_P,0.0,skempi
582,2JEL,T62A,P,LH_P,0.0,skempi
583,2JEL,S64T,P,LH_P,4.092513318275992,skempi
584,2JEL,E66K,P,LH_P,4.092513318275992,skempi
585,2JEL,E68A,P,LH_P,0.4106564221518028,skempi
586,2JEL,D69E,P,LH_P,0.9535146839401952,skempi
587,2JEL,E70K,P,LH_P,4.092513318275992,skempi
588,2JEL,E70A,P,LH_P,2.7283422121839958,skempi
589,2JEL,Q71E,P,LH_P,2.7283422121839958,skempi
590,2JEL,K72R,P,LH_P,0.0,skempi
591,2JEL,K72E,P,LH_P,0.4106564221518028,skempi
592,2JEL,E75R,P,LH_P,2.7283422121839958,skempi
593,2JEL,H76D,P,LH_P,-0.6508750297909227,skempi
594,2JEL,H76A,P,LH_P,-0.4106564221518028,skempi
595,2JEL,K79E,P,LH_P,0.4106564221518028,skempi
596,2JEL,A82S,P,LH_P,0.0,skempi
597,2JEL,E83A,P,LH_P,0.0,skempi
598,2JEL,E85Q,P,LH_P,0.0,skempi
599,2JEL,E85D,P,LH_P,0.0,skempi
600,2JEL,E85A,P,LH_P,0.0,skempi
601,2JEL,E85K,P,LH_P,0.0,skempi
688,1NCA,N31Q,H,N_LH,0.0,skempi
689,1NCA,E100D,H,N_LH,0.4106564221518028,skempi
690,1NCA,D101K,H,N_LH,0.7144797969421077,skempi
691,1NCA,N102Q,H,N_LH,0.5428582617883926,skempi
1121,3BN9,Q23A,B,B_CD,-0.4154927917339215,skempi
1122,3BN9,I26A,B,B_CD,0.0,skempi
1123,3BN9,I45A,B,B_CD,0.8355894865400799,skempi
1124,3BN9,D46A,B,B_CD,0.4225773873930869,skempi
1125,3BN9,D47A,B,B_CD,0.31124685614785363,skempi
1126,3BN9,R48A,B,B_CD,-0.04501800132592848,skempi
1127,3BN9,F50A,B,B_CD,-0.04501800132592848,skempi
1128,3BN9,R51A,B,B_CD,-0.07158980822279659,skempi
1129,3BN9,Y52A,B,B_CD,0.018960081517347405,skempi
1130,3BN9,R82A,B,B_CD,-0.1593041609935728,skempi
1131,3BN9,F89A,B,B_CD,0.6395281333316998,skempi
1132,3BN9,N90A,B,B_CD,0.7736906542406885,skempi
1133,3BN9,D91A,B,B_CD,6.69820957514438,skempi
1134,3BN9,F92A,B,B_CD,6.69820957514438,skempi
1135,3BN9,T93A,B,B_CD,1.1325597004514574,skempi
1136,3BN9,H138A,B,B_CD,0.08510140388634646,skempi
1137,3BN9,Q140A,B,B_CD,0.1331643938430389,skempi
1138,3BN9,Y141A,B,B_CD,1.0851382395057405,skempi
1139,3BN9,T144A,B,B_CD,0.2909653456984333,skempi
1140,3BN9,L147A,B,B_CD,0.3363426919639618,skempi
1141,3BN9,E163A,B,B_CD,0.3733830014821624,skempi
1142,3BN9,Q168A,B,B_CD,-0.03471422885545472,skempi
1143,3BN9,Q169A,B,B_CD,2.510108187344628,skempi
1144,3BN9,D214A,B,B_CD,0.5664650493514074,skempi
1145,3BN9,Q218A,B,B_CD,0.7060266356042888,skempi
1146,3BN9,R219A,B,B_CD,-0.09374012576605396,skempi
1147,3BN9,K221A,B,B_CD,0.7853204013951611,skempi
1148,3BN9,T28R,D,B_CD,0.3330549163210428,skempi
1149,3BN9,S30G,D,B_CD,1.1866379734359516,skempi
1150,3BN9,S30N,D,B_CD,1.146017882731888,skempi
1151,3BN9,T102Q,D,B_CD,-0.02154608293326277,skempi
1152,3BN9,T102R,D,B_CD,-0.05832101641846954,skempi
1153,3BN9,Y103S,D,B_CD,0.4588911323449807,skempi
1154,3BN9,P104H,D,B_CD,2.4283415467355205,skempi
1155,3BN9,Q105V,D,B_CD,1.2246508445685862,skempi
1156,3NPS,Q23A,A,A_BC,0.0263355349161678,skempi
1157,3NPS,I26A,A,A_BC,0.6418297856402262,skempi
1158,3NPS,I45A,A,A_BC,-0.3319664087493859,skempi
1159,3NPS,D46A,A,A_BC,0.3401388138133559,skempi
1160,3NPS,D47A,A,A_BC,1.06794846576088,skempi
1161,3NPS,R48A,A,A_BC,-1.0632169494771322,skempi
1162,3NPS,F50A,A,A_BC,0.21966908000180216,skempi
1163,3NPS,R51A,A,A_BC,0.13823023292014902,skempi
1164,3NPS,Y52A,A,A_BC,0.4520921543306589,skempi
1165,3NPS,R82A,A,A_BC,-0.15166330088222502,skempi
1166,3NPS,F89A,A,A_BC,1.572108080268764,skempi
1167,3NPS,N90A,A,A_BC,0.2535326956691488,skempi
1168,3NPS,D91A,A,A_BC,1.5077088950803217,skempi
1169,3NPS,F92A,A,A_BC,0.4637473233354133,skempi
1170,3NPS,T93A,A,A_BC,0.724136457256078,skempi
1171,3NPS,H138A,A,A_BC,1.875931455059069,skempi
1172,3NPS,Q140A,A,A_BC,0.2958687006369196,skempi
1173,3NPS,Y141A,A,A_BC,1.7756684822299214,skempi
1174,3NPS,T144A,A,A_BC,0.17504835905537952,skempi
1175,3NPS,L147A,A,A_BC,0.2958687006369196,skempi
1176,3NPS,E163A,A,A_BC,0.6156237059815926,skempi
1177,3NPS,Q168A,A,A_BC,-0.0592503530541233,skempi
1178,3NPS,Q169A,A,A_BC,0.7412393516441771,skempi
1179,3NPS,D214A,A,A_BC,1.4673997882644514,skempi
1180,3NPS,Q218A,A,A_BC,-0.040935077420350297,skempi
1181,3NPS,R219A,A,A_BC,-0.08393942470475224,skempi
1182,3NPS,K221A,A,A_BC,-0.10365678467471008,skempi
1190,1DQJ,W62A,C,AB_C,0.7584180256900392,skempi
1192,1DQJ,L75A,C,AB_C,1.4530573938032951,skempi
1193,1DQJ,T89A,C,AB_C,0.8412202657026207,skempi
1194,1DQJ,N93A,C,AB_C,0.6501642294852097,skempi
1195,1DQJ,K96A,C,AB_C,6.158576496800783,skempi
1197,1DQJ,S100A,C,AB_C,0.7759301967152457,skempi
1199,1DQJ,N31A,A,AB_C,2.014335335577206,skempi
1200,1DQJ,N32A,A,AB_C,4.092513318275992,skempi
1201,1DQJ,Y50A,A,AB_C,2.679498296812461,skempi
1202,1DQJ,S91A,A,AB_C,1.4325294447926191,skempi
1203,1DQJ,Y96A,A,AB_C,1.1355592308812454,skempi
1204,1DQJ,D32A,B,AB_C,2.014335335577206,skempi
1205,1DQJ,Y33A,B,AB_C,5.526938611034397,skempi
1206,1DQJ,Y50A,B,AB_C,6.891109717126392,skempi
1207,1DQJ,Y53A,B,AB_C,1.180806553666878,skempi
1208,1DQJ,W98A,B,AB_C,4.933733583978613,skempi
1969,1JRH,T4V,I,LH_I,-0.025577438864234026,skempi
1973,1JRH,E35Q,I,LH_I,0.09961305286281252,skempi
1979,1JRH,E27A,L,LH_I,0.5428582617883926,skempi
1980,1JRH,D28A,L,LH_I,0.4348414937858607,skempi
1981,1JRH,Y30A,L,LH_I,1.1089529128884426,skempi
1982,1JRH,Y91A,L,LH_I,0.5810942366644838,skempi
1983,1JRH,W92A,L,LH_I,2.819669088243696,skempi
1984,1JRH,S93A,L,LH_I,-0.6508750297909227,skempi
1985,1JRH,T94A,L,LH_I,0.3854418941618541,skempi
1986,1JRH,W95A,L,LH_I,1.6668107602412692,skempi
1987,1JRH,Y32A,H,LH_I,1.4339518992184352,skempi
1988,1JRH,W54A,H,LH_I,2.6874672486071063,skempi
1989,1JRH,W55A,H,LH_I,2.4224019813436257,skempi
1990,1JRH,D56A,H,LH_I,1.8869443263380103,skempi
1991,1JRH,D57A,H,LH_I,1.6668107602412692,skempi
1992,1JRH,D58A,H,LH_I,1.8554793049742704,skempi
1993,1JRH,Y60A,H,LH_I,1.2561543380894662,skempi
1994,1JRH,R100A,H,LH_I,0.5428582617883926,skempi
1995,1JRH,F103A,H,LH_I,0.0,skempi
1996,1JRH,Y104A,H,LH_I,1.0615314519427272,skempi
1997,1JRH,H107A,H,LH_I,1.6985310938191471,skempi
2002,1JRH,E45P,I,LH_I,-3.7898736641267203,skempi
2004,1JRH,K37M,I,LH_I,3.293803563401456,skempi
2012,1JRH,K42M,I,LH_I,4.913826162579596,skempi
2103,1NMB,D57N,H,N_LH,2.9549507277980482,skempi
2104,1NMB,D57E,H,N_LH,2.9549507277980482,skempi
2105,1NMB,Y103A,H,N_LH,2.1415785352816146,skempi
2106,1NMB,Y105F,H,N_LH,1.4200456552333185,skempi
2107,1NMB,Y32F,L,N_LH,0.4665309712931229,skempi
2108,1NMB,T93F,L,N_LH,-0.023913864495540338,skempi
2109,1NMB,T93W,L,N_LH,0.18427251064628256,skempi
2110,1NMB,L94V,L,N_LH,0.9004237827565831,skempi
2111,1VFB,D18A,C,AB_C,0.3402828806179894,skempi
2112,1VFB,N19A,C,AB_C,0.3962641682486989,skempi
2113,1VFB,Y23A,C,AB_C,0.410656422151801,skempi
2114,1VFB,S24A,C,AB_C,0.8513460804421769,skempi
2115,1VFB,K116A,C,AB_C,0.7137698484044854,skempi
2116,1VFB,T118A,C,AB_C,0.7654382951622836,skempi
2117,1VFB,D119A,C,AB_C,0.9535146839401952,skempi
2118,1VFB,V120A,C,AB_C,0.9173604782787984,skempi
2119,1VFB,Q121A,C,AB_C,2.8782862566222187,skempi
2120,1VFB,I124A,C,AB_C,1.2319692664554065,skempi
2121,1VFB,R125A,C,AB_C,1.837722346857364,skempi
2122,1VFB,L129A,C,AB_C,0.17162153515371514,skempi
2147,3HFM,N32A,L,HL_Y,5.109632769367369,skempi
2150,3HFM,N31A,L,HL_Y,5.216465816728867,skempi
2152,3HFM,N31D,L,HL_Y,1.3440860645496162,skempi
2153,3HFM,N31E,L,HL_Y,5.709924478893251,skempi
2154,3HFM,Y50A,L,HL_Y,4.559636445524205,skempi
2155,3HFM,Y50L,L,HL_Y,4.395152972425262,skempi
2156,3HFM,Y50F,L,HL_Y,2.355921764908283,skempi
2166,3HFM,Y33A,H,HL_Y,6.037778661032472,skempi
2171,3HFM,W98F,H,HL_Y,3.247015402338325,skempi
2173,3HFM,W98A,H,HL_Y,5.513151129464401,skempi
2178,3HFM,D32A,H,HL_Y,1.899076872856728,skempi
2181,3HFM,D32N,H,HL_Y,0.17043781451268106,skempi
2186,3HFM,S31A,H,HL_Y,0.17043781451268106,skempi
2187,3HFM,Y50A,H,HL_Y,7.32283882867149,skempi
2189,3HFM,Q53A,L,HL_Y,0.9535146839401936,skempi
2190,3HFM,Y96A,L,HL_Y,2.7082571706416143,skempi
2193,3HFM,Y96F,L,HL_Y,1.4024070809680875,skempi
2194,3HFM,Y53W,H,HL_Y,0.6948397108464109,skempi
2195,3HFM,Y53F,H,HL_Y,0.6105332463763862,skempi
2196,3HFM,Y53L,H,HL_Y,0.7939297487982095,skempi
2197,3HFM,Y53A,H,HL_Y,3.1981747282262223,skempi
2198,3HFM,Y33W,H,HL_Y,1.7214642979431218,skempi
2199,3HFM,Y33F,H,HL_Y,1.054016104016613,skempi
2200,3HFM,Y33L,H,HL_Y,1.9747043524683845,skempi
2201,3HFM,Y50F,H,HL_Y,1.5841329718589616,skempi
2202,3HFM,Y50L,H,HL_Y,2.8030807914282256,skempi
2203,3HFM,Y58F,H,HL_Y,0.3572931918511255,skempi
2204,3HFM,Y58L,H,HL_Y,1.4893615978190429,skempi
2205,3HFM,Y58A,H,HL_Y,1.6491243130024935,skempi
2222,3HFM,N19K,Y,HL_Y,0.2402186076391217,skempi
2223,3HFM,N19Q,Y,HL_Y,-0.04250481875542,skempi
2224,3HFM,N19D,Y,HL_Y,0.4106564221518028,skempi
2232,3HFM,R21M,Y,HL_Y,2.0508084036839906,skempi
2235,3HFM,K97G,Y,HL_Y,6.4334354976198425,skempi
2237,3HFM,K97D,Y,HL_Y,6.7714559308359785,skempi
2238,3HFM,K97E,Y,HL_Y,3.6061217615840135,skempi
2240,3HFM,K97R,Y,HL_Y,3.0542182556449227,skempi
2251,3HFM,K96M,Y,HL_Y,6.779980566883099,skempi
2253,3HFM,H15A,Y,HL_Y,-0.44551659311508907,skempi
2256,3HFM,W63A,Y,HL_Y,0.3193295460921011,skempi
2257,3HFM,R73A,Y,HL_Y,-0.33154548369882164,skempi
2258,3HFM,L75A,Y,HL_Y,0.7047714402539551,skempi
2259,3HFM,T89A,Y,HL_Y,0.0,skempi
2260,3HFM,N93A,Y,HL_Y,0.2113127780895709,skempi
2262,3HFM,I98A,Y,HL_Y,0.0,skempi
2263,3HFM,S100A,Y,HL_Y,0.2677794831859845,skempi
2266,3HFM,Y20L,Y,HL_Y,2.185483950395604,skempi
2267,3HFM,K96R,Y,HL_Y,5.355400137720666,skempi
4131,1YY9,L29P,D,CD_A,0.030840894907546712,skempi
4132,1YY9,W52P,D,CD_A,1.4789331308324076,skempi
4133,1YY9,S53P,D,CD_A,0.8179111967744159,skempi
4134,1YY9,G54P,D,CD_A,0.2681904800694408,skempi
4135,1YY9,A98P,D,CD_A,1.0376917509865198,skempi
4136,1YY9,Y101P,D,CD_A,1.6521589598255044,skempi
4137,1YY9,A25P,C,CD_A,0.07228799950789266,skempi
4138,1YY9,S26P,C,CD_A,-0.009114825686248551,skempi
4139,1YY9,S28P,C,CD_A,-0.2223991596177175,skempi
4140,1YY9,S54P,C,CD_A,-0.01837207627461268,skempi
4141,1YY9,T96P,C,CD_A,4.004943284124844,skempi
4182,4GXU,D189E,A,ABCDEF_MN,2.166057554817387,skempi
4183,4GXU,D224G,A,ABCDEF_MN,1.9617561246373607,skempi
4185,3LZF,D187E,A,AB_HL,0.498588148611951,skempi
4186,3LZF,D222G,A,AB_HL,0.5380995857325459,skempi
4250,1N8Z,L509A,C,AB_C,-0.02305551555548391,skempi
4251,1N8Z,S535A,C,AB_C,0.030840894907546712,skempi
4252,1N8Z,V536A,C,AB_C,0.008976716941811347,skempi
4253,1N8Z,F539A,C,AB_C,0.03511854514258772,skempi
4261,3G6D,H104A,H,LH_A,-0.9535146839401936,skempi
4262,3G6D,W105A,H,LH_A,-1.4971784550080045,skempi
4280,1XGU,F33L,B,AB_C,1.8626038778387155,skempi
4281,1XGU,F33I,B,AB_C,1.8012609972016378,skempi
4282,1XGU,F33V,B,AB_C,2.9093847259326893,skempi
4283,1XGU,F33A,B,AB_C,4.062480082137418,skempi
4284,1XGP,A33F,B,AB_C,-4.062480082137418,skempi
4285,1XGP,A33L,B,AB_C,-2.199876204298701,skempi
4286,1XGP,A33I,B,AB_C,-2.2612190849357794,skempi
4287,1XGP,A33V,B,AB_C,-1.1530953562047277,skempi
4288,1XGQ,V33F,B,AB_C,-2.9093847259326893,skempi
4289,1XGQ,V33L,B,AB_C,-1.0467808480939738,skempi
4290,1XGQ,V33I,B,AB_C,-1.1081237287310517,skempi
4291,1XGQ,V33A,B,AB_C,1.1530953562047277,skempi
4292,1XGR,I33F,B,AB_C,-1.8012609972016378,skempi
4293,1XGR,I33L,B,AB_C,0.06134288063707771,skempi
4294,1XGR,I33V,B,AB_C,1.1081237287310517,skempi
4295,1XGR,I33A,B,AB_C,2.2612190849357794,skempi
4296,1XGT,L33F,B,AB_C,-1.8626038778387155,skempi
4297,1XGT,L33I,B,AB_C,-0.06134288063707771,skempi
4298,1XGT,L33V,B,AB_C,1.0467808480939738,skempi
4299,1XGT,L33A,B,AB_C,2.199876204298701,skempi
4597,3N85,W91F,L,A_LH,0.13965416410817255,skempi
4598,3N85,W94Y,L,A_LH,-0.038736145428169166,skempi
4599,3N85,W30K,H,A_LH,-0.7849546902824702,skempi
4600,3N85,W30R,H,A_LH,-0.5542155166146879,skempi
4601,3N85,S32Y,H,A_LH,0.05714807605564332,skempi
4602,3N85,S32A,H,A_LH,-0.13407966049154751,skempi
4603,3N85,S50G,H,A_LH,0.4878895397498244,skempi
4604,3N85,S52Y,H,A_LH,-0.7849546902824702,skempi
4765,3L5X,Y94A,L,A_HL,-0.8292228681287277,skempi
4821,4JPK,V30N,A,HL_A,0.5948610965803187,skempi
4822,4JPK,S41G,A,HL_A,2.1526585335231125,skempi
4823,4JPK,F63L,A,HL_A,1.167809381763945,skempi
4824,4JPK,R81T,A,HL_A,0.7590427602057233,skempi
4825,4JPK,R130K,A,HL_A,0.23016906549330685,skempi
4826,4JPK,F144I,A,HL_A,1.3881387242518777,skempi
4827,4JPK,T35S,A,HL_A,-0.032107728130881696,skempi
4828,4JPK,D141R,A,HL_A,3.8590502226431607,skempi
4864,1BJ1,Y27A,H,HL_VW,2.243532637697003,skempi
4865,1BJ1,Y54A,H,HL_VW,1.3282539286329005,skempi
4866,1BJ1,T59A,H,HL_VW,0.8510478580105474,skempi
4867,1BJ1,Y99A,H,HL_VW,4.440748693917642,skempi
4868,1BJ1,H107A,H,HL_VW,0.7900062113872046,skempi
4878,1BJ1,Y54W,H,HL_VW,-0.1373313260841602,skempi
4884,1BJ1,T28D,H,HL_VW,-0.2201335660967434,skempi
4885,1BJ1,N31H,H,HL_VW,-0.7629918278851342,skempi
4886,1BJ1,H101Y,H,HL_VW,-1.584304672188738,skempi
4887,1BJ1,S105T,H,HL_VW,-0.3905713806094244,skempi
4899,1CZ8,L4M,L,HL_VW,0.040874963576888135,skempi
4930,1MHP,N29V,L,HL_A,1.0497993461176875,skempi
4931,1MHP,H30R,L,HL_A,1.1243008971596211,skempi
4932,1MHP,H30K,L,HL_A,1.1646880451603714,skempi
4934,1MHP,N51R,L,HL_A,0.8452190493833259,skempi
4935,1MHP,N51K,L,HL_A,0.6578043717506148,skempi
4936,1MHP,R31Q,H,HL_A,1.3079134648042832,skempi
4937,1MHP,S35Q,H,HL_A,2.7283422121839926,skempi
4939,1MHP,Y59E,H,HL_A,0.5442506290185669,skempi
4946,1MHP,N29Y,L,HL_A,1.9084217351105632,skempi
4947,1MHP,N29W,L,HL_A,1.5733891784623175,skempi
4949,1MHP,S90T,L,HL_A,2.31768579003219,skempi
4950,1MHP,S90R,L,HL_A,2.7283422121839926,skempi
4952,1MHP,G91Q,L,HL_A,1.5733891784623175,skempi
4953,1MHP,G91S,L,HL_A,0.5128361775821997,skempi
4956,1MHP,S52M,H,HL_A,2.0767697697360235,skempi
4957,1MHP,G53S,H,HL_A,0.6758959143786747,skempi
4958,1MHP,G53A,H,HL_A,0.5128361775821997,skempi
4959,1MHP,G54I,H,HL_A,1.3641711060919943,skempi
4960,1MHP,G54T,H,HL_A,1.1646880451603714,skempi
4962,1MHP,Y58Q,H,HL_A,2.0767697697360235,skempi
4963,1MHP,Y58E,H,HL_A,2.0767697697360235,skempi
4964,1MHP,Y58W,H,HL_A,0.8213128443036037,skempi
4973,1MHP,L48F,L,HL_A,0.7125986636440249,skempi
4974,1MHP,L48W,L,HL_A,1.9084217351105632,skempi
4975,1MHP,N51D,L,HL_A,0.5009867429155577,skempi
4977,1MHP,W89Q,L,HL_A,2.0767697697360235,skempi
4978,1MHP,S90Q,L,HL_A,1.7748275282437973,skempi
4981,1MHP,T33V,H,HL_A,0.43456262723152506,skempi
4982,1MHP,T33N,H,HL_A,2.7283422121839926,skempi
4984,1MHP,S35A,H,HL_A,1.5733891784623175,skempi
4995,1MHP,G100L,H,HL_A,2.7283422121839926,skempi
4997,1MHP,G100S,H,HL_A,0.5579972314221049,skempi
5007,1MHP,H30W,L,HL_A,1.2558754715351288,skempi
5009,1MHP,G53N,H,HL_A,1.2558754715351288,skempi
5045,2B2X,Y52E,L,HL_A,-0.224205417064832,skempi
5138,1MLC,N32G,A,AB_E,-0.8777795494000209,skempi
5139,1MLC,N92A,A,AB_E,-1.2539144413429657,skempi
5140,1MLC,T28D,B,AB_E,-0.1510114189344698,skempi
5141,1MLC,T31A,B,AB_E,0.4472068994934819,skempi
5142,1MLC,T31V,B,AB_E,0.5264760571979696,skempi
5143,1MLC,S57A,B,AB_E,-0.3791914007880664,skempi
5144,1MLC,S57V,B,AB_E,-0.4944019499529286,skempi
5145,1MLC,T58D,B,AB_E,-0.5599329877712247,skempi
5146,1MLC,K65D,B,AB_E,0.018557060156275892,skempi
5147,1MLC,N32Y,A,AB_E,0.0,skempi
5148,1MLC,T31W,B,AB_E,0.13220183963658805,skempi
5167,1YY9,S26D,C,CD_A,-0.19934364406223185,skempi
5168,1YY9,T31E,C,CD_A,-0.5191570219360173,skempi
5169,1YY9,N93A,C,CD_A,-0.7422019058506244,skempi
5170,1YY9,N56A,D,CD_A,-0.05707155658717866,skempi
5171,1YY9,T61E,D,CD_A,-0.05707155658717866,skempi
5175,1N8Z,N30S,A,AB_C,0.06411135288854553,skempi
5176,1N8Z,H91F,A,AB_C,0.03292246855322745,skempi
5178,1N8Z,T94S,A,AB_C,0.3093721355044821,skempi
5179,1N8Z,D102W,B,AB_C,-0.6857352007542108,skempi
5180,1N8Z,Y105F,B,AB_C,0.8213128443036055,skempi
5181,1N8Z,Y109V,B,AB_C,0.2230448839146053,skempi
5196,1N8Z,R50A,B,AB_C,2.927685856246228,skempi
5197,1N8Z,R59A,B,AB_C,1.7748275282437993,skempi
5221,2NYY,S874A,A,DC_A,-0.2319818038918964,skempi
5222,2NYY,K875A,A,DC_A,0.2930837698282911,skempi
5223,2NYY,Q887A,A,DC_A,0.5245682834072394,skempi
5224,2NYY,F889A,A,DC_A,0.4223885279768389,skempi
5225,2NYY,N890A,A,DC_A,0.8968583638689669,skempi
5226,2NYY,L891A,A,DC_A,2.6078724783724407,skempi
5227,2NYY,E892A,A,DC_A,2.859595369498185,skempi
5228,2NYY,K895A,A,DC_A,-0.1411559443387933,skempi
5229,2NYY,F925A,A,DC_A,4.087754642220148,skempi
5230,2NYY,N926A,A,DC_A,0.10006427297887123,skempi
5231,2NYY,S927A,A,DC_A,0.0,skempi
5232,2NYY,I928A,A,DC_A,-0.009555884320981534,skempi
5233,2NYY,K1028A,A,DC_A,-0.029142857751850212,skempi
5234,2NYY,D1030A,A,DC_A,0.009404197196364095,skempi
5235,2NYY,R1033A,A,DC_A,0.8260336022190984,skempi
5236,2NYY,D1034A,A,DC_A,2.5480273141102887,skempi
5237,2NYY,T1035A,A,DC_A,1.6426256886072093,skempi
5238,2NYY,H1036A,A,DC_A,7.372184258780626,skempi
5239,2NYY,R1266A,A,DC_A,0.3016909718268703,skempi
5240,2NZ9,S874A,A,DC_A,-0.12034162223493895,skempi
5241,2NZ9,K875A,A,DC_A,0.5445982101278322,skempi
5242,2NZ9,Q887A,A,DC_A,0.09997596373709604,skempi
5243,2NZ9,F889A,A,DC_A,-0.049968080701129125,skempi
5244,2NZ9,N890A,A,DC_A,2.175600370200467,skempi
5245,2NZ9,L891A,A,DC_A,2.2963977998861718,skempi
5246,2NZ9,E892A,A,DC_A,2.7903274720001683,skempi
5247,2NZ9,K895A,A,DC_A,-0.3019140545683729,skempi
5248,2NZ9,F925A,A,DC_A,3.3645154458029047,skempi
5249,2NZ9,N926A,A,DC_A,-0.15326409078816638,skempi
5250,2NZ9,S927A,A,DC_A,-0.07911093845297934,skempi
5251,2NZ9,I928A,A,DC_A,0.06978079312643892,skempi
5252,2NZ9,K1028A,A,DC_A,-0.008777226962797258,skempi
5253,2NZ9,D1030A,A,DC_A,-0.03130663291639735,skempi
5254,2NZ9,R1033A,A,DC_A,0.29297750994391336,skempi
5255,2NZ9,D1034A,A,DC_A,2.35646604788983,skempi
5256,2NZ9,T1035A,A,DC_A,2.3874665831586324,skempi
5257,2NZ9,H1036A,A,DC_A,7.473180871828898,skempi
5258,2NZ9,R1266A,A,DC_A,0.3929699749130293,skempi
5259,2NYY,M33Q,D,DC_A,-0.06030135915510292,skempi
5260,2NYY,K29R,D,DC_A,0.0719004804814869,skempi
5261,2NYY,Y30D,D,DC_A,0.06509061258876336,skempi
5262,2NYY,Y30Q,D,DC_A,0.12990402686445354,skempi
5263,2NYY,Y56Q,D,DC_A,0.5234318662101778,skempi
5264,2NYY,S28Q,C,DC_A,0.41636226385102937,skempi
5265,2NYY,D30Y,C,DC_A,0.6457566222857416,skempi
5266,2NYY,S31N,C,DC_A,-0.3559296653948305,skempi
5267,2NYY,H34R,C,DC_A,0.10161181931045782,skempi
5268,2NYY,V36I,D,DC_A,-0.21470792768911906,skempi
5269,2NYY,E5Q,D,DC_A,-0.2497744919601015,skempi
5303,3NGB,T33Y,H,HL_G,0.08423155791633441,skempi
5304,3NGB,G55S,H,HL_G,0.7433762411880362,skempi
5305,3NGB,A57G,H,HL_G,-0.05605542289749721,skempi
5306,3NGB,V58T,H,HL_G,0.13793396988922346,skempi
5307,3NGB,P63K,H,HL_G,0.2326273892544037,skempi
5308,3NGB,V74T,H,HL_G,0.16501310181056006,skempi
5309,3NGB,Y75S,H,HL_G,0.3327198190362317,skempi
5310,3NGB,I30T,H,HL_G,0.07342666299369505,skempi
5311,3NGB,K52N,H,HL_G,0.17504835905537774,skempi
5312,3NGB,R54N,H,HL_G,0.046471257079241816,skempi
5313,3NGB,R62Q,H,HL_G,0.09659315059047556,skempi
5314,3NGB,Y26S,L,HL_G,0.6515603415894287,skempi
5757,2BDN,L27R,H,HL_A,0.6508750297909227,skempi
5758,2BDN,L27K,H,HL_A,0.874403745487216,skempi
5759,2BDN,N28D,H,HL_A,0.13220183963658982,skempi
5760,2BDN,N28Q,H,HL_A,1.400088283551094,skempi
5761,2BDN,D31E,H,HL_A,1.0857165235767834,skempi
5762,2BDN,Y30K,L,HL_A,0.6750601014249842,skempi
5763,2BDN,N31R,L,HL_A,-0.9175975064810996,skempi
5764,2BDN,N31K,L,HL_A,3.4913340400691286,skempi
5765,2BDN,S53D,L,HL_A,-0.1606449967817234,skempi
5766,2BDN,S53E,L,HL_A,-0.8517016583164594,skempi
5767,2BDN,T56D,L,HL_A,-0.4256560077162366,skempi
5768,2BDN,T56E,L,HL_A,-0.6891110046670139,skempi
5877,3W2D,Y45F,A,A_HL,0.8783374138327141,skempi
5878,3W2D,Y45L,A,A_HL,2.365815219973225,skempi
5880,3W2D,K67R,A,A_HL,-0.4283118631373313,skempi
5881,3W2D,K67N,A,A_HL,4.624007723697226,skempi
5925,4KRL,R30A,B,A_B,1.7210599256916463,skempi
5926,4KRL,D112A,B,A_B,0.6499725894279376,skempi
5928,4KRO,R15A,B,A_B,1.5840085202286858,skempi
5929,4KRO,D92A,B,A_B,1.5048975817757064,skempi
5931,4KRP,E105A,B,A_B,1.6067642739589925,skempi
5938,4NM8,I18M,B,ABCDEF_HL,0.10801676800252837,skempi
5939,4NM8,D19N,B,ABCDEF_HL,0.6508750297909209,skempi
5940,4NM8,R25M,B,ABCDEF_HL,3.3870644028381527,skempi
5941,4NM8,T32E,B,ABCDEF_HL,-0.5428582617883944,skempi
5942,4NM8,T32I,B,ABCDEF_HL,-0.049399599624010186,skempi
5943,4NM8,T32R,B,ABCDEF_HL,1.2015804524425509,skempi
5944,4NM8,Q34T,B,ABCDEF_HL,2.2935007183981297,skempi
5945,4NM8,Q34R,B,ABCDEF_HL,2.9276858562462245,skempi
5946,4NM8,L38Y,B,ABCDEF_HL,-0.6052793082985453,skempi
6166,4U6H,N21A,E,AB_E,-0.34823537564165363,skempi
6167,4U6H,Q25A,E,AB_E,0.11888775160656273,skempi
6208,4ZS6,Y160A,A,HL_A,-0.11029982278829742,skempi
6209,4ZS6,E156A,A,HL_A,3.0400271104839627,skempi
6212,5C6T,Y182A,A,HL_A,3.2097913012927477,skempi
6213,5C6T,N183A,A,HL_A,0.28412402275310633,skempi
6214,5C6T,T185A,A,HL_A,0.3380204332161369,skempi
6215,5C6T,N186A,A,HL_A,0.3632349612060857,skempi
6217,5C6T,N188A,A,HL_A,-0.36675100703781816,skempi
6219,5C6T,F192A,A,HL_A,1.9980957682340923,skempi
6220,5C6T,E194A,A,HL_A,1.0911602248202357,skempi
6223,5C6T,F199A,A,HL_A,2.7594142305590257,skempi
6224,5C6T,F200A,A,HL_A,0.4106564221518028,skempi
6225,5C6T,I201A,A,HL_A,0.8860081814520999,skempi
6227,5C6T,R31S,H,HL_A,0.3116848982999674,skempi
6228,5C6T,S32A,H,HL_A,-0.8687343052493208,skempi
6229,5C6T,N97A,H,HL_A,1.526579438772545,skempi
6230,5C6T,Y98A,H,HL_A,1.7174486567104632,skempi
6231,5C6T,F99A,H,HL_A,1.460683590607907,skempi
6233,5C6T,Y104A,H,HL_A,0.3632349612060857,skempi
6234,5C6T,Y47A,L,HL_A,0.5519035059390891,skempi
6235,5C6T,R48A,L,HL_A,0.12301635356696396,skempi
6693,3NGB,I30A,H,HL_G,-0.002699102544262644,skempi
6694,3NGB,T33A,H,HL_G,0.6958054485926706,skempi
6695,3NGB,W47A,H,HL_G,1.1828623079752827,skempi
6696,3NGB,W50A,H,HL_G,1.2710461953176164,skempi
6697,3NGB,K52A,H,HL_G,0.6128783811082492,skempi
6698,3NGB,R54A,H,HL_G,-0.25521819320355554,skempi
6699,3NGB,G55A,H,HL_G,-1.256154338089468,skempi
6700,3NGB,G56A,H,HL_G,1.2452833544854318,skempi
6701,3NGB,V58A,H,HL_G,1.3366102305451335,skempi
6702,3NGB,N59A,H,HL_G,1.738742016649816,skempi
6703,3NGB,Y60A,H,HL_G,0.539617859997934,skempi
6704,3NGB,R62A,H,HL_G,0.9798502188563614,skempi
6705,3NGB,P63A,H,HL_G,-0.041837517783339,skempi
6706,3NGB,Q65A,H,HL_G,-0.3349212876116265,skempi
6707,3NGB,M70A,H,HL_G,0.5220298675967392,skempi
6708,3NGB,R72A,H,HL_G,1.6168254443226449,skempi
6709,3NGB,V74A,H,HL_G,1.0704406722186979,skempi
6710,3NGB,Y75A,H,HL_G,-0.1961208692045897,skempi
6711,3NGB,D103A,H,HL_G,0.05890980952240455,skempi
6712,3NGB,Y104A,H,HL_G,1.400721583433679,skempi
6713,3NGB,N105A,H,HL_G,1.1006083808049354,skempi
6714,3NGB,W106A,H,HL_G,4.390828486190056,skempi
6715,3NGB,V1A,L,HL_G,-0.7609419933903165,skempi
6716,3NGB,Q25A,L,HL_G,-0.2269045196090964,skempi
6717,3NGB,Y26A,L,HL_G,0.9694560578001976,skempi
6718,3NGB,S28A,L,HL_G,-0.14238751144211825,skempi
6719,3NGB,Y87A,L,HL_G,1.990299764364384,skempi
6720,3NGB,E88A,L,HL_G,1.2987502962933757,skempi
6721,3NGB,F89A,L,HL_G,0.8450668850101408,skempi
6722,3SE8,R30A,H,HL_G,-0.03886324013717335,skempi
6723,3SE8,W47A,H,HL_G,1.4514539256047474,skempi
6724,3SE8,W50A,H,HL_G,1.312107875562848,skempi
6725,3SE8,K52A,H,HL_G,1.093563684440019,skempi
6726,3SE8,L54A,H,HL_G,0.053896410463028836,skempi
6727,3SE8,W55A,H,HL_G,0.7488812548813506,skempi
6728,3SE8,G56A,H,HL_G,0.3513617785893945,skempi
6729,3SE8,V58A,H,HL_G,1.2296135894602127,skempi
6730,3SE8,S59A,H,HL_G,1.132356213592594,skempi
6731,3SE8,Y60A,H,HL_G,0.8421027663381118,skempi
6732,3SE8,R62A,H,HL_G,1.1867965738876354,skempi
6733,3SE8,Q63A,H,HL_G,1.0965259505301574,skempi
6734,3SE8,Q65A,H,HL_G,0.5409744701098607,skempi
6735,3SE8,R72A,H,HL_G,2.601988909516935,skempi
6736,3SE8,Q76A,H,HL_G,0.09534351506337656,skempi
6737,3SE8,P78A,H,HL_G,0.018515631396162743,skempi
6738,3SE8,P81A,H,HL_G,-0.0697807931264407,skempi
6739,3SE8,D110A,H,HL_G,-0.3830955466049417,skempi
6740,3SE8,Y111A,H,HL_G,0.8165920863881109,skempi
6741,3SE8,D114A,H,HL_G,-0.2402186076391235,skempi
6742,3SE8,F115A,H,HL_G,1.0504572606591989,skempi
6743,3SE8,E1A,L,HL_G,-0.5475790197038872,skempi
6744,3SE8,Q27A,L,HL_G,-0.21265773209226246,skempi
6745,3SE8,N30A,L,HL_G,0.19122773654718728,skempi
6746,3SE8,D49A,L,HL_G,0.8421027663381118,skempi
6747,3SE8,F90A,L,HL_G,-0.8502186738531581,skempi
6748,3SE8,E91A,L,HL_G,1.4891824469305437,skempi
6749,3SE8,F92A,L,HL_G,0.8189571673084117,skempi
6750,3SE9,L34A,H,HL_G,0.5569091650304259,skempi
6751,3SE9,W48A,H,HL_G,1.0414464104003471,skempi
6752,3SE9,W51A,H,HL_G,1.2552056557670657,skempi
6753,3SE9,V55A,H,HL_G,-0.8454979159376634,skempi
6754,3SE9,T56A,H,HL_G,-0.8454979159376634,skempi
6755,3SE9,G57A,H,HL_G,0.4451779523606589,skempi
6756,3SE9,V59A,H,HL_G,0.9675655871822268,skempi
6757,3SE9,N60A,H,HL_G,1.4973201113719696,skempi
6758,3SE9,G62A,H,HL_G,0.04559572149238278,skempi
6759,3SE9,P64A,H,HL_G,-0.4348414937858607,skempi
6760,3SE9,R67A,H,HL_G,1.4459420978307185,skempi
6761,3SE9,R74A,H,HL_G,2.636224873053399,skempi
6762,3SE9,R76A,H,HL_G,-0.2284865018140856,skempi
6763,3SE9,D77A,H,HL_G,-0.7541710398779635,skempi
6764,3SE9,Y104A,H,HL_G,0.456252143644182,skempi
6765,3SE9,T105A,H,HL_G,-0.4348414937858607,skempi
6766,3SE9,G106A,H,HL_G,-0.30263965414927085,skempi
6767,3SE9,G107A,H,HL_G,-0.6052793082985417,skempi
6768,3SE9,G109A,H,HL_G,0.18216992033771892,skempi
6769,3SE9,V3A,L,HL_G,-0.48639155669197903,skempi
6770,3SE9,Y28A,L,HL_G,1.0997674268188184,skempi
6771,3SE9,G29A,L,HL_G,0.456252143644182,skempi
6772,3SE9,L89A,L,HL_G,0.9487560078843504,skempi
6773,3SE9,E90A,L,HL_G,0.4106564221518028,skempi
6774,3SE9,F91A,L,HL_G,0.02323638931165739,skempi
301,1DVF,Y32A,A,AB_CD,2.0312787124933203,skempi
302,1DVF,Y49A,A,AB_CD,1.6294518424961115,skempi
351,1VFB,W92A,A,AB_C,2.728342212183993,skempi
348,1VFB,Y32A,A,AB_C,1.3399860344579366,skempi
350,1VFB,Y50A,A,AB_C,0.3880121887952335,skempi
314,1DVF,D100A,B,AB_CD,2.7907632586941453,skempi
309,1DVF,D54A,B,AB_CD,4.283173300123528,skempi
311,1DVF,D58A,B,AB_CD,1.6007212686744317,skempi
312,1DVF,E98A,B,AB_CD,4.188523633616564,skempi
310,1DVF,N56A,B,AB_CD,1.1629593933905724,skempi
308,1DVF,W52A,B,AB_CD,4.134849323243763,skempi
2129,1VFB,D100A,B,AB_C,2.9410751714979577,skempi
356,1VFB,D54A,B,AB_C,0.6389058957635854,skempi
355,1VFB,W52A,B,AB_C,0.3644679522520473,skempi
363,1VFB,Y101F,B,AB_C,0.9535146839401936,skempi
354,1VFB,Y32A,B,AB_C,0.4603521737358616,skempi
1198,1DQJ,D101A,C,AB_C,1.3012762874784318,skempi
1186,1DQJ,K97A,C,AB_C,3.521281768082892,skempi
1184,1DQJ,R21A,C,AB_C,1.1690744478418438,skempi
1185,1DQJ,W63A,C,AB_C,1.3468720089708146,skempi
1183,1DQJ,Y20A,C,AB_C,3.2871795656095006,skempi
4919,1MHP,F99W,H,HL_A,0.0,skempi
4994,1MHP,F99Y,H,HL_A,0.7550068528316541,skempi
4920,1MHP,G100F,H,HL_A,0.574082888754937,skempi
4916,1MHP,G100M,H,HL_A,0.10217975543039516,skempi
4921,1MHP,G54Y,H,HL_A,0.0,skempi
4912,1MHP,K64D,H,HL_A,-0.12269474748809372,skempi
4910,1MHP,K64E,H,HL_A,-0.15529884487896872,skempi
4913,1MHP,K64N,H,HL_A,-0.07257538313706212,skempi
4911,1MHP,K64Q,H,HL_A,-0.15529884487896872,skempi
4909,1MHP,L60D,H,HL_A,-0.12269474748809372,skempi
4908,1MHP,T50V,H,HL_A,-0.2633156128815006,skempi
5043,2B2X,E64K,H,HL_A,-0.15706361263918822,skempi
5044,2B2X,V50T,H,HL_A,0.090166342909475,skempi
4605,3N85,W100F,H,A_LH,-0.01519190888498301,skempi
4730,4I77,D54A,H,HL_Z,2.124706322369894,skempi
4732,4I77,W52A,H,HL_Z,2.114776727082344,skempi
4731,4I77,W52F,H,HL_Z,2.0995631440498994,skempi
4729,4I77,Y103A,H,HL_Z,1.6923214401912734,skempi
4728,4I77,Y103F,H,HL_Z,0.0,skempi
4725,4I77,Y100A,H,HL_Z,0.0,skempi
4724,4I77,Y100F,H,HL_Z,0.0,skempi
4727,4I77,Y101A,H,HL_Z,0.9415455499128615,skempi
4726,4I77,Y101F,H,HL_Z,0.0,skempi
2015,1JRH,E45A,I,LH_I,-0.435012945670648,skempi
2009,1JRH,G40A,I,LH_I,4.527354812061853,skempi
2003,1JRH,K37A,I,LH_I,3.5787567703119554,skempi
2011,1JRH,K42A,I,LH_I,2.9847933964335143,skempi
2023,1JRH,K88A,I,LH_I,-0.04264084263014212,skempi
2005,1JRH,N38A,I,LH_I,-0.2931166847416975,skempi
2006,1JRH,N38Q,I,LH_I,0.3635777161961205,skempi
2013,1JRH,N43A,I,LH_I,3.8939919532961365,skempi
2018,1JRH,N69A,I,LH_I,-0.3992470905018664,skempi
2022,1JRH,R74A,I,LH_I,-0.2464223500179159,skempi
2014,1JRH,S44A,I,LH_I,0.29768186803148033,skempi
2010,1JRH,V41A,I,LH_I,1.8835296080448367,skempi
2016,1JRH,W46F,I,LH_I,-0.6570787721697204,skempi
2017,1JRH,W46Y,I,LH_I,0.016232576610399008,skempi
2019,1JRH,W72A,I,LH_I,4.529326367903755,skempi
2020,1JRH,W72F,I,LH_I,1.1089529128884426,skempi
2021,1JRH,W72Y,I,LH_I,1.135563584568832,skempi
2007,1JRH,Y39A,I,LH_I,3.4007633249081803,skempi
2008,1JRH,Y39F,I,LH_I,0.7907074512410901,skempi
4907,1MHP,L48K,L,HL_A,0.9249572530973856,skempi
4918,1MHP,N51E,L,HL_A,-0.17744916242222786,skempi
4915,1MHP,N51Y,L,HL_A,-0.1032960100870408,skempi
4917,1MHP,S23R,L,HL_A,-0.06708604686278186,skempi
4905,1MHP,S27Q,L,HL_A,-0.5400962428755989,skempi
4747,4I77,N95A,L,HL_Z,0.9991104054325765,skempi
4734,4I77,Y32A,L,HL_Z,0.0,skempi
4733,4I77,Y32F,L,HL_Z,0.0,skempi
7045,1YQV,R45K,Y,HL_Y,1.6343395118041002,skempi
2264,3HFM,D101A,Y,HL_Y,0.9535146839401952,skempi
2212,3HFM,D101E,Y,HL_Y,1.974171172306031,skempi
2213,3HFM,D101F,Y,HL_Y,2.1704843648311662,skempi
2206,3HFM,D101G,Y,HL_Y,0.19934364406223185,skempi
2214,3HFM,D101K,Y,HL_Y,1.974171172306031,skempi
2208,3HFM,D101N,Y,HL_Y,1.3409347167803392,skempi
2210,3HFM,D101Q,Y,HL_Y,1.9302657571920443,skempi
2211,3HFM,D101R,Y,HL_Y,2.1230629038854527,skempi
2209,3HFM,D101S,Y,HL_Y,1.7124064817336482,skempi
2225,3HFM,G102V,Y,HL_Y,0.2402186076391217,skempi
2261,3HFM,K96A,Y,HL_Y,6.489310046761164,skempi
2236,3HFM,K97A,Y,HL_Y,5.558081548266152,skempi
2239,3HFM,K97M,Y,HL_Y,0.8012278027612254,skempi
2227,3HFM,R21A,Y,HL_Y,0.8213128443036073,skempi
2217,3HFM,R21E,Y,HL_Y,2.2935007183981315,skempi
2218,3HFM,R21G,Y,HL_Y,2.2702643290864746,skempi
2220,3HFM,R21H,Y,HL_Y,2.015046135882919,skempi
2221,3HFM,R21K,Y,HL_Y,1.61938929929555,skempi
2219,3HFM,R21N,Y,HL_Y,2.1704843648311662,skempi
2216,3HFM,R21Q,Y,HL_Y,2.2419506554920154,skempi
2215,3HFM,R21W,Y,HL_Y,1.974171172306031,skempi
2254,3HFM,Y20A,Y,HL_Y,4.273437282352708,skempi
2250,3HFM,Y20F,Y,HL_Y,-0.5046222869123014,skempi
1,1AK4,A488G,D,A_D,2.49,ab-bind
2,1AK4,A488V,D,A_D,0.6,ab-bind
3,1AK4,A492G,D,A_D,0.41,ab-bind
4,1AK4,A492V,D,A_D,0.19,ab-bind
5,1AK4,G489A,D,A_D,1.91,ab-bind
6,1AK4,G489V,D,A_D,2.86,ab-bind
7,1AK4,H487A,D,A_D,0.84,ab-bind
8,1AK4,H487Q,D,A_D,0.8,ab-bind
9,1AK4,H487R,D,A_D,1.48,ab-bind
10,1AK4,I491A,D,A_D,0.07,ab-bind
11,1AK4,I491V,D,A_D,-0.17,ab-bind
12,1AK4,P485A,D,A_D,0.92,ab-bind
13,1AK4,P490A,D,A_D,2.0,ab-bind
14,1AK4,P490V,D,A_D,2.86,ab-bind
15,1AK4,P493A,D,A_D,0.51,ab-bind
16,1AK4,V486A,D,A_D,0.82,ab-bind
17,1BJ1,F17A,V,HL_VW,0.0,ab-bind
18,1BJ1,Y21A,V,HL_VW,0.0,ab-bind
19,1BJ1,E93A,W,HL_VW,0.82,ab-bind
20,1BJ1,G88A,W,HL_VW,2.76,ab-bind
21,1BJ1,G92A,W,HL_VW,3.69,ab-bind
22,1BJ1,H86A,W,HL_VW,0.0,ab-bind
23,1BJ1,H90A,W,HL_VW,0.0,ab-bind
24,1BJ1,I80A,W,HL_VW,0.82,ab-bind
25,1BJ1,I83A,W,HL_VW,3.69,ab-bind
26,1BJ1,I91A,W,HL_VW,0.41,ab-bind
27,1BJ1,K48A,W,HL_VW,0.41,ab-bind
28,1BJ1,K84A,W,HL_VW,0.65,ab-bind
29,1BJ1,M81A,W,HL_VW,3.69,ab-bind
30,1BJ1,M94A,W,HL_VW,1.42,ab-bind
31,1BJ1,Q79A,W,HL_VW,0.0,ab-bind
32,1BJ1,Q87A,W,HL_VW,0.0,ab-bind
33,1BJ1,Q89A,W,HL_VW,1.75,ab-bind
34,1BJ1,R82A,W,HL_VW,3.69,ab-bind
35,1BJ1,Y45A,W,HL_VW,0.82,ab-bind
36,1CZ8,F17A,V,HL_VW,0.0,ab-bind
37,1CZ8,Y21A,V,HL_VW,0.0,ab-bind
38,1CZ8,E93A,W,HL_VW,1.15,ab-bind
39,1CZ8,G88A,W,HL_VW,2.67,ab-bind
40,1CZ8,G92A,W,HL_VW,4.1,ab-bind
41,1CZ8,H86A,W,HL_VW,0.0,ab-bind
42,1CZ8,H90A,W,HL_VW,0.0,ab-bind
43,1CZ8,I80A,W,HL_VW,0.95,ab-bind
44,1CZ8,I83A,W,HL_VW,1.3,ab-bind
45,1CZ8,I91A,W,HL_VW,1.06,ab-bind
46,1CZ8,K48A,W,HL_VW,0.0,ab-bind
47,1CZ8,K84A,W,HL_VW,1.36,ab-bind
48,1CZ8,M81A,W,HL_VW,4.1,ab-bind
49,1CZ8,M94A,W,HL_VW,1.91,ab-bind
50,1CZ8,Q79A,W,HL_VW,0.65,ab-bind
51,1CZ8,Q87A,W,HL_VW,0.0,ab-bind
52,1CZ8,Q89A,W,HL_VW,1.06,ab-bind
53,1CZ8,R82A,W,HL_VW,0.82,ab-bind
54,1CZ8,Y45A,W,HL_VW,1.94,ab-bind
128,1FFW,A90V,A,A_B,0.09,ab-bind
129,1FFW,D13K,A,A_B,0.05,ab-bind
130,1FFW,E117K,A,A_B,0.71,ab-bind
131,1FFW,E93K,A,A_B,0.82,ab-bind
132,1FFW,F111V,A,A_B,1.26,ab-bind
133,1FFW,T112I,A,A_B,0.56,ab-bind
134,1FFW,T87I,A,A_B,-0.32,ab-bind
135,1FFW,V108M,A,A_B,1.13,ab-bind
136,1FFW,Y106W,A,A_B,0.71,ab-bind
174,1JTG,K234A,A,A_B,0.82,ab-bind
175,1JTG,R243A,A,A_B,0.56,ab-bind
176,1JTG,S130A,A,A_B,0.5,ab-bind
177,1JTG,S235A,A,A_B,1.32,ab-bind
178,1JTG,D49A,B,A_B,1.98,ab-bind
179,1KTZ,D118A,B,A_B,0.9,ab-bind
180,1KTZ,D32A,B,A_B,1.4,ab-bind
181,1KTZ,D32N,B,A_B,1.7,ab-bind
182,1KTZ,E119A,B,A_B,1.4,ab-bind
183,1KTZ,E119Q,B,A_B,1.7,ab-bind
184,1KTZ,E55A,B,A_B,1.3,ab-bind
185,1KTZ,E75A,B,A_B,1.0,ab-bind
186,1KTZ,F110A,B,A_B,0.9,ab-bind
187,1KTZ,F30A,B,A_B,2.9,ab-bind
188,1KTZ,H79A,B,A_B,0.4,ab-bind
189,1KTZ,I125A,B,A_B,0.5,ab-bind
190,1KTZ,I50A,B,A_B,1.9,ab-bind
191,1KTZ,I53A,B,A_B,1.2,ab-bind
192,1KTZ,L27A,B,A_B,1.9,ab-bind
193,1KTZ,M112A,B,A_B,0.8,ab-bind
194,1KTZ,N47A,B,A_B,0.3,ab-bind
195,1KTZ,S49A,B,A_B,0.5,ab-bind
196,1KTZ,S52A,B,A_B,0.4,ab-bind
197,1KTZ,S52L,B,A_B,3.7,ab-bind
198,1KTZ,T51A,B,A_B,1.3,ab-bind
199,1KTZ,V62A,B,A_B,0.7,ab-bind
200,1KTZ,V77A,B,A_B,0.5,ab-bind
229,1MHP,G100I,H,A_HL,8.0,ab-bind
233,1MHP,G100V,H,A_HL,8.0,ab-bind
234,1MHP,G102S,H,A_HL,8.0,ab-bind
237,1MHP,G53Q,H,A_HL,8.0,ab-bind
239,1MHP,G53W,H,A_HL,8.0,ab-bind
241,1MHP,G54M,H,A_HL,8.0,ab-bind
242,1MHP,G54N,H,A_HL,8.0,ab-bind
245,1MHP,H56Y,H,A_HL,8.0,ab-bind
254,1MHP,S35V,H,A_HL,8.0,ab-bind
256,1MHP,S52T,H,A_HL,8.0,ab-bind
258,1MHP,T33Q,H,A_HL,8.0,ab-bind
260,1MHP,T50E,H,A_HL,8.0,ab-bind
261,1MHP,T50Q,H,A_HL,8.0,ab-bind
275,1MHP,L49Y,L,A_HL,8.0,ab-bind
276,1MHP,N30K,L,A_HL,8.0,ab-bind
285,1MHP,N93D,L,A_HL,8.0,ab-bind
288,1MHP,S91K,L,A_HL,8.0,ab-bind
292,1MHP,S91W,L,A_HL,8.0,ab-bind
325,1N8Z,D31A,H,C_HL,0.25,ab-bind
326,1N8Z,D98A,H,C_HL,1.21,ab-bind
327,1N8Z,D98W,H,C_HL,-0.69,ab-bind
328,1N8Z,F100A,H,C_HL,1.17,ab-bind
329,1N8Z,K30A,H,C_HL,0.61,ab-bind
330,1N8Z,N54A,H,C_HL,-0.15,ab-bind
332,1N8Z,T32A,H,C_HL,0.38,ab-bind
333,1N8Z,T53A,H,C_HL,0.78,ab-bind
334,1N8Z,W95A,H,C_HL,8.0,ab-bind
335,1N8Z,Y100aA,H,C_HL,8.0,ab-bind
337,1N8Z,Y100aF,H,C_HL,0.82,ab-bind
338,1N8Z,Y102V,H,C_HL,0.22,ab-bind
339,1N8Z,Y33A,H,C_HL,-0.09,ab-bind
340,1N8Z,Y52A,H,C_HL,0.23,ab-bind
341,1N8Z,Y56A,H,C_HL,0.87,ab-bind
342,1N8Z,D28N,L,C_HL,-0.28,ab-bind
343,1N8Z,F53N,L,C_HL,1.21,ab-bind
344,1N8Z,H91A,L,C_HL,8.0,ab-bind
347,1N8Z,N30A,L,C_HL,1.12,ab-bind
349,1N8Z,R66G,L,C_HL,0.22,ab-bind
350,1N8Z,S50A,L,C_HL,-0.07,ab-bind
351,1N8Z,S52A,L,C_HL,-0.31,ab-bind
352,1N8Z,T31A,L,C_HL,0.8,ab-bind
353,1N8Z,T93A,L,C_HL,0.82,ab-bind
354,1N8Z,T94A,L,C_HL,-0.12,ab-bind
356,1N8Z,Y49A,L,C_HL,1.05,ab-bind
357,1N8Z,Y92A,L,C_HL,1.36,ab-bind
358,1N8Z,Y92F,L,C_HL,-0.21,ab-bind
645,1VFB,Y101A,H,C_HL,4.0,ab-bind
789,3BDY,D31A,H,HL_V,0.2,ab-bind
790,3BDY,D98A,H,HL_V,0.0,ab-bind
791,3BDY,F100A,H,HL_V,0.7,ab-bind
792,3BDY,G96A,H,HL_V,0.2,ab-bind
793,3BDY,G97A,H,HL_V,-0.1,ab-bind
794,3BDY,G99A,H,HL_V,0.8,ab-bind
795,3BDY,K30A,H,HL_V,0.2,ab-bind
796,3BDY,N54A,H,HL_V,-0.2,ab-bind
797,3BDY,R50A,H,HL_V,-0.3,ab-bind
798,3BDY,R58A,H,HL_V,-0.2,ab-bind
799,3BDY,T32A,H,HL_V,-0.4,ab-bind
800,3BDY,T53A,H,HL_V,-0.5,ab-bind
801,3BDY,W95A,H,HL_V,2.0,ab-bind
802,3BDY,Y100aA,H,HL_V,0.5,ab-bind
803,3BDY,Y33A,H,HL_V,0.3,ab-bind
804,3BDY,Y52A,H,HL_V,0.4,ab-bind
805,3BDY,Y56A,H,HL_V,0.2,ab-bind
806,3BDY,D27aA,L,HL_V,0.0,ab-bind
807,3BDY,G31A,L,HL_V,1.2,ab-bind
808,3BDY,G51A,L,HL_V,1.0,ab-bind
809,3BDY,H91A,L,HL_V,2.0,ab-bind
810,3BDY,I27bA,L,HL_V,1.1,ab-bind
811,3BDY,I29A,L,HL_V,0.8,ab-bind
812,3BDY,P27cA,L,HL_V,0.2,ab-bind
813,3BDY,R27dA,L,HL_V,-0.2,ab-bind
814,3BDY,S28A,L,HL_V,1.0,ab-bind
815,3BDY,S30A,L,HL_V,1.3,ab-bind
816,3BDY,S52A,L,HL_V,0.1,ab-bind
817,3BDY,T93A,L,HL_V,-0.3,ab-bind
818,3BDY,T94A,L,HL_V,0.0,ab-bind
819,3BDY,W50A,L,HL_V,1.3,ab-bind
820,3BDY,Y32A,L,HL_V,1.7,ab-bind
821,3BDY,Y53A,L,HL_V,0.7,ab-bind
822,3BDY,Y92A,L,HL_V,1.4,ab-bind
823,3BE1,D31A,H,A_HL,0.4,ab-bind
824,3BE1,D98A,H,A_HL,-0.1,ab-bind
825,3BE1,F100A,H,A_HL,1.9,ab-bind
826,3BE1,G96A,H,A_HL,0.1,ab-bind
827,3BE1,G97A,H,A_HL,0.3,ab-bind
828,3BE1,G99A,H,A_HL,1.8,ab-bind
829,3BE1,K30A,H,A_HL,-0.3,ab-bind
830,3BE1,N54A,H,A_HL,-0.8,ab-bind
831,3BE1,R50A,H,A_HL,2.4,ab-bind
832,3BE1,R58A,H,A_HL,2.5,ab-bind
833,3BE1,T32A,H,A_HL,-0.4,ab-bind
834,3BE1,T53A,H,A_HL,0.1,ab-bind
835,3BE1,W95A,H,A_HL,1.8,ab-bind
836,3BE1,Y100aA,H,A_HL,1.2,ab-bind
837,3BE1,Y33A,H,A_HL,2.4,ab-bind
838,3BE1,Y52A,H,A_HL,-0.8,ab-bind
839,3BE1,Y56A,H,A_HL,1.8,ab-bind
840,3BE1,D27aA,L,A_HL,0.0,ab-bind
841,3BE1,G31A,L,A_HL,0.3,ab-bind
842,3BE1,G51A,L,A_HL,-0.3,ab-bind
843,3BE1,H91A,L,A_HL,0.9,ab-bind
844,3BE1,I27bA,L,A_HL,-0.2,ab-bind
845,3BE1,I29A,L,A_HL,0.9,ab-bind
846,3BE1,P27cA,L,A_HL,0.1,ab-bind
847,3BE1,R27dA,L,A_HL,-0.2,ab-bind
848,3BE1,S28A,L,A_HL,0.3,ab-bind
849,3BE1,S30A,L,A_HL,-0.2,ab-bind
850,3BE1,S52A,L,A_HL,0.3,ab-bind
851,3BE1,T93A,L,A_HL,-0.4,ab-bind
852,3BE1,T94A,L,A_HL,1.4,ab-bind
853,3BE1,W50A,L,A_HL,1.4,ab-bind
854,3BE1,Y32A,L,A_HL,-0.8,ab-bind
855,3BE1,Y53A,L,A_HL,0.9,ab-bind
856,3BE1,Y92A,L,A_HL,0.5,ab-bind
857,3BN9,D217A,A,A_HL,0.57,ab-bind
858,3BN9,D60aA,A,A_HL,0.42,ab-bind
859,3BN9,D60bA,A,A_HL,0.31,ab-bind
860,3BN9,D96A,A,A_HL,6.7,ab-bind
861,3BN9,E169A,A,A_HL,0.37,ab-bind
862,3BN9,F60eA,A,A_HL,-0.05,ab-bind
863,3BN9,F94A,A,A_HL,0.64,ab-bind
864,3BN9,F97A,A,A_HL,6.7,ab-bind
865,3BN9,H143A,A,A_HL,0.09,ab-bind
866,3BN9,I41A,A,A_HL,0.0,ab-bind
867,3BN9,I60A,A,A_HL,0.84,ab-bind
868,3BN9,K224A,A,A_HL,0.79,ab-bind
869,3BN9,L153A,A,A_HL,0.34,ab-bind
870,3BN9,N95A,A,A_HL,0.77,ab-bind
871,3BN9,Q145A,A,A_HL,0.13,ab-bind
872,3BN9,Q174A,A,A_HL,-0.03,ab-bind
873,3BN9,Q175A,A,A_HL,2.51,ab-bind
874,3BN9,Q221aA,A,A_HL,0.71,ab-bind
875,3BN9,Q38A,A,A_HL,-0.42,ab-bind
876,3BN9,R222A,A,A_HL,-0.09,ab-bind
877,3BN9,R60cA,A,A_HL,-0.05,ab-bind
878,3BN9,R60fA,A,A_HL,-0.07,ab-bind
879,3BN9,R87A,A,A_HL,-0.16,ab-bind
880,3BN9,T150A,A,A_HL,0.29,ab-bind
881,3BN9,T98A,A,A_HL,1.13,ab-bind
882,3BN9,Y146A,A,A_HL,1.09,ab-bind
883,3BN9,Y60gA,A,A_HL,0.02,ab-bind
918,3HFM,C95A,H,HL_Y,5.52,ab-bind
919,3HFM,C95F,H,HL_Y,3.25,ab-bind
940,3K2M,E52A,D,A_D,2.5,ab-bind
941,3K2M,M88A,D,A_D,4.0,ab-bind
942,3K2M,R38A,D,A_D,2.5,ab-bind
943,3K2M,W80A,D,A_D,4.0,ab-bind
944,3K2M,Y35A,D,A_D,1.0,ab-bind
945,3K2M,Y36A,D,A_D,3.7,ab-bind
946,3K2M,Y87A,D,A_D,4.0,ab-bind
