,clash,covalent,vdw_clash,vdw,proximal,hbond,weak_hbond,xbond,ionic,metal_complex,aromatic,hydrophobic,carbonyl,polar,weak_polar,ddG(kcal/mol)
1AK4.mut.0.A488G.WT,0,0,7,5,313,8,4,0,0,0,0,30,0,7,4,-2.49
1AK4.mut.1.A488V.WT,0,0,9,4,311,8,4,0,0,0,0,29,0,7,3,-0.6
1AK4.mut.2.A492G.WT,0,0,9,5,311,8,4,0,0,0,0,32,0,7,3,-0.41
1AK4.mut.3.A492V.WT,0,0,7,5,309,8,4,0,0,0,0,27,0,7,3,-0.19
1AK4.mut.4.G489A.WT,0,0,6,6,305,8,4,0,0,0,0,30,0,7,3,-1.91
1AK4.mut.5.G489V.WT,0,0,5,6,307,8,4,0,0,0,0,30,0,7,3,-2.86
1AK4.mut.6.H487A_Repair.clean,0,0,9,5,310,7,4,0,0,0,0,31,0,7,3,-0.84
1AK4.mut.7.H487Q.WT,0,0,8,5,306,7,4,0,0,0,0,30,0,6,3,-0.8
1AK4.mut.8.H487R.WT,0,0,10,4,326,7,4,0,0,0,0,30,0,7,3,-1.48
1AK4.mut.9.I491A.WT,0,0,7,5,312,8,4,0,0,0,0,30,0,7,3,-0.07
1AK4.mut.10.I491V.WT,0,0,7,5,312,8,4,0,0,0,0,30,0,7,3,0.17
1AK4.mut.11.P485A.WT,0,0,7,6,314,8,4,0,0,0,0,30,0,7,3,-0.92
1AK4.mut.12.P490A.WT,0,0,7,7,306,8,5,0,0,0,0,31,0,7,5,-2.0
1AK4.mut.13.P490V.WT,0,0,8,8,305,8,4,0,0,0,0,31,0,7,3,-2.86
1AK4.mut.14.P493A.WT,0,0,7,3,308,8,4,0,0,0,0,29,0,7,3,-0.51
1AK4.mut.15.V486A.WT,0,0,7,5,310,8,4,0,0,0,0,30,0,7,3,-0.82
1BJ1.mut.16.F17A.WT,0,0,15,10,745,11,10,0,0,0,11,28,1,13,14,0.0
1BJ1.mut.17.Y21A.WT,0,0,15,10,750,11,10,0,0,0,11,28,1,13,14,0.0
1BJ1.mut.18.E93A.WT,0,0,14,10,734,11,9,0,0,0,11,26,1,13,14,-0.82
1BJ1.mut.19.G88A.WT,0,0,15,11,752,11,10,0,0,0,11,28,1,13,14,-2.76
1BJ1.mut.20.G92A.WT,0,0,14,8,752,11,10,0,0,0,11,28,1,13,13,-3.69
1BJ1.mut.21.H86A_Repair.clean,0,0,16,8,746,11,10,0,0,0,15,25,1,12,11,0.0
1BJ1.mut.22.H90A_Repair.clean,0,0,16,4,726,11,10,0,0,0,9,29,1,12,10,0.0
1BJ1.mut.23.I80A.WT,0,0,16,10,753,11,11,0,0,0,11,28,1,13,14,-0.82
1BJ1.mut.24.I83A.WT,0,0,16,10,752,11,10,0,0,0,11,28,1,13,14,-3.69
1BJ1.mut.25.I91A.WT,0,0,17,9,745,11,10,0,0,0,11,27,1,13,16,-0.41
1BJ1.mut.26.K48A_Repair.clean,0,2,24,10,732,11,11,0,0,0,15,26,1,13,13,-0.41
1BJ1.mut.27.K84A.WT,0,0,15,10,747,11,10,0,0,0,11,28,1,13,14,-0.65
1BJ1.mut.28.M81A.WT,0,0,15,10,746,11,10,0,0,0,11,26,1,13,14,-3.69
1BJ1.mut.29.M94A.WT,0,0,15,10,745,10,9,0,0,0,11,27,1,13,13,-1.42
1BJ1.mut.30.Q79A.WT,0,0,15,10,753,11,10,0,0,0,11,28,1,13,14,0.0
1BJ1.mut.31.Q87A_Repair.clean,0,0,21,10,741,11,10,0,0,0,17,30,1,12,13,0.0
1BJ1.mut.32.Q89A_Repair.clean,0,0,18,10,735,11,10,0,0,0,15,28,1,12,13,-1.75
1BJ1.mut.33.R82A.WT,0,0,14,10,717,10,11,0,0,0,11,27,1,11,13,-3.69
1BJ1.mut.34.Y45A.WT,0,0,15,10,739,11,9,0,0,0,11,28,1,13,13,-0.82
1CZ8.mut.35.F17A.WT,0,0,27,14,824,14,15,0,0,0,15,41,1,16,20,0.0
1CZ8.mut.36.Y21A.WT,0,0,27,15,825,14,15,0,0,0,16,41,1,16,20,0.0
1CZ8.mut.37.E93A.WT,0,0,26,15,806,13,14,0,0,0,16,37,1,15,19,-1.15
1CZ8.mut.38.G88A.WT,0,0,27,14,823,14,15,0,0,0,16,41,1,16,21,-2.67
1CZ8.mut.39.G92A.WT,0,0,25,13,821,14,15,0,0,0,16,41,1,17,19,-4.1
1CZ8.mut.40.H86A_Repair.clean,0,0,35,17,847,14,11,0,0,0,20,43,1,18,24,0.0
1CZ8.mut.41.H90A_Repair.clean,0,0,29,13,849,14,11,0,0,0,17,38,1,18,24,0.0
1CZ8.mut.42.I80A.WT,0,0,28,15,828,14,15,0,0,0,16,41,1,16,21,-0.95
1CZ8.mut.43.I83A.WT,0,0,28,15,826,14,15,0,0,0,16,42,1,16,20,-1.3
1CZ8.mut.44.I91A.WT,0,0,28,15,820,14,12,0,0,0,16,40,1,16,18,-1.06
1CZ8.mut.45.K48A_Repair.clean,0,2,38,17,843,14,12,0,0,0,20,37,1,19,27,0.0
1CZ8.mut.46.K84A.WT,0,0,27,15,826,14,15,0,0,0,16,41,1,16,20,-1.36
1CZ8.mut.47.M81A.WT,0,0,27,15,823,14,15,0,0,0,16,38,1,16,20,-4.1
1CZ8.mut.48.M94A.WT,0,0,27,15,817,13,14,0,0,0,16,40,1,16,20,-1.91
1CZ8.mut.49.Q79A.WT,0,0,25,15,833,13,15,0,0,0,16,41,1,15,19,-0.65
1CZ8.mut.50.Q87A_Repair.clean,0,0,35,19,839,14,12,0,0,0,20,41,1,17,24,0.0
1CZ8.mut.51.Q89A_Repair.clean,0,0,30,16,801,12,12,0,0,0,21,41,1,16,25,-1.06
1CZ8.mut.52.R82A.WT,0,0,27,14,802,13,14,0,0,0,16,39,1,14,19,-0.82
1CZ8.mut.53.Y45A.WT,0,0,27,15,811,14,13,0,0,0,16,41,1,16,20,-1.94
1DQJ.mut.54.D101A.WT,0,0,23,6,584,13,7,0,1,0,4,26,0,20,13,-1.3
1DQJ.mut.55.K96A.WT,0,0,29,7,600,15,8,0,1,0,4,27,0,21,20,-6.1
1DQJ.mut.56.K97A.WT,0,0,18,8,575,12,7,0,1,0,4,24,0,18,15,-3.5
1DQJ.mut.57.L75A.WT,0,0,23,11,591,13,8,0,1,0,4,33,0,19,17,-1.5
1DQJ.mut.58.N93A.WT,0,0,20,8,574,13,7,0,1,0,4,26,0,19,17,-0.6
1DQJ.mut.59.R21A_Repair.clean,0,0,21,14,454,12,6,0,1,0,5,29,0,17,19,-1.3
1DQJ.mut.60.S100A.WT,0,0,23,7,584,14,5,0,1,0,4,26,0,21,15,-0.8
1DQJ.mut.61.T89A.WT,0,0,20,7,586,13,7,0,1,0,4,26,0,19,16,-0.8
1DQJ.mut.62.W62A.WT,0,0,27,10,619,13,7,0,1,0,13,38,0,19,16,-0.8
1DQJ.mut.63.W63A.WT,0,0,20,7,563,13,7,0,1,0,1,20,0,19,15,-1.3
1DQJ.mut.64.Y20A.WT,0,0,23,10,596,13,7,0,1,0,4,28,0,20,18,-3.3
1DQJ.mut.65.D32A.WT,0,0,20,7,580,13,7,0,1,0,4,26,0,19,15,-2.0
1DQJ.mut.66.W98A.WT,0,0,20,7,551,13,6,0,1,0,4,19,0,19,15,-4.9
1DQJ.mut.67.Y33A.WT,0,0,17,7,519,12,6,0,1,0,4,22,0,18,14,-5.5
1DQJ.mut.68.Y50A.WT,0,0,18,7,563,11,6,0,1,0,4,26,0,16,15,-6.9
1DQJ.mut.69.Y53A_Repair.clean,0,0,21,11,501,11,7,0,1,0,1,24,0,17,22,-1.2
1DQJ.mut.70.N31A.WT,0,0,19,5,573,13,7,0,1,0,4,26,0,18,16,-2.0
1DQJ.mut.71.N32A.WT,0,0,19,7,559,13,6,0,1,0,4,26,0,19,16,-4.1
1DQJ.mut.72.S91A.WT,0,0,20,7,587,13,7,0,1,0,4,26,0,20,16,-1.4
1DQJ.mut.73.Y50A.WT,0,0,33,8,579,14,7,0,1,0,4,23,0,23,19,-2.7
1DQJ.mut.74.Y96A.WT,0,0,20,7,573,13,7,0,1,0,4,26,0,18,16,-1.1
1DVF.mut.75.H30A.WT,0,0,13,4,485,12,5,0,4,0,3,16,1,14,9,-1.67
1DVF.mut.76.S93A.WT,0,0,13,4,492,12,5,0,4,0,3,16,1,14,9,-1.17
1DVF.mut.77.W92A.WT,0,0,12,4,473,12,5,0,4,0,3,16,1,14,8,-0.34
1DVF.mut.78.Y32A.WT,0,0,13,4,472,12,5,0,4,0,3,16,1,14,8,-2.05
1DVF.mut.79.Y49A.WT,0,0,12,4,485,11,5,0,4,0,3,16,1,13,9,-1.64
1DVF.mut.80.Y49A.WT,0,0,12,4,485,11,5,0,4,0,3,16,1,13,9,-1.75
1DVF.mut.81.Y50A.WT,0,0,13,3,488,12,5,0,4,0,3,16,1,14,9,-0.69
1DVF.mut.82.D100A.WT,0,0,13,4,491,12,5,0,3,0,3,16,1,14,9,-2.82
1DVF.mut.83.D54A.WT,0,0,14,4,463,12,5,0,4,0,3,15,1,13,9,-4.32
1DVF.mut.84.D58A.WT,0,0,13,4,484,10,5,0,4,0,3,16,1,12,9,-1.62
1DVF.mut.85.E98A.WT,0,0,13,4,493,12,5,0,4,0,3,17,1,14,8,-4.23
1DVF.mut.86.N56A.WT,0,0,19,4,481,13,5,0,4,0,3,16,1,16,9,-1.17
1DVF.mut.87.R99A.WT,0,0,17,6,498,14,5,0,8,0,3,16,1,16,9,-1.89
1DVF.mut.88.T30A.WT,0,0,13,4,491,12,6,0,4,0,3,16,0,14,10,-0.92
1DVF.mut.89.W52A_Repair.clean,0,0,19,8,499,14,6,0,7,0,5,17,1,17,8,-4.17
1DVF.mut.90.Y101F.WT,0,0,15,3,483,12,5,0,4,0,3,15,1,14,8,-2.03
1DVF.mut.91.Y32A.WT,0,0,13,4,485,12,5,0,4,0,3,16,1,14,9,-1.85
1DVF.mut.92.Y49A.WT,0,0,12,4,480,12,5,0,4,0,3,16,1,13,9,-1.88
1DVF.mut.93.D52A.WT,0,0,13,4,492,12,5,0,4,0,3,16,1,14,9,-1.7
1DVF.mut.94.H33A.WT,0,0,12,4,480,12,5,0,0,0,3,16,1,13,9,-1.88
1DVF.mut.95.I101A.WT,0,0,15,4,491,12,4,0,4,0,3,17,1,14,9,-2.71
1DVF.mut.96.K30A.WT,0,0,13,4,492,11,5,0,4,0,3,16,1,14,9,-1.01
1DVF.mut.97.N55A.WT,0,0,12,4,488,11,5,0,4,0,3,16,1,13,9,-1.88
1DVF.mut.98.Q104A.WT,0,0,13,5,483,10,5,0,4,0,3,17,1,12,9,-1.64
1DVF.mut.99.R106A_Repair.clean,0,0,14,6,476,12,8,0,7,0,3,16,1,16,7,-4.13
1DVF.mut.100.Y102A_Repair.clean,0,0,21,6,449,11,8,0,5,0,8,18,1,16,12,-4.79
1FFW.mut.101.A90V.WT,0,0,10,5,259,6,6,0,4,0,2,23,0,8,6,-0.09
1FFW.mut.102.D13K.WT,0,0,10,5,261,6,6,0,4,0,2,23,0,8,6,-0.05
1FFW.mut.103.E117K.WT,0,0,10,5,261,6,6,0,4,0,2,23,0,8,6,-0.71
1FFW.mut.104.E93K.WT,0,0,10,5,261,6,6,0,4,0,2,23,0,8,6,-0.82
1FFW.mut.105.F111V.WT,0,0,10,5,261,6,6,0,4,0,2,23,0,8,6,-1.26
1FFW.mut.106.T112I.WT,0,0,10,5,261,6,6,0,4,0,2,23,0,8,6,-0.56
1FFW.mut.107.T87I.WT,0,0,10,5,261,6,6,0,4,0,2,23,0,8,6,0.32
1FFW.mut.108.V108M.WT,0,0,10,5,261,6,6,0,4,0,2,23,0,8,6,-1.13
1FFW.mut.109.Y106W.WT,0,0,11,4,253,6,6,0,4,0,0,19,0,7,6,-0.71
1JRH.mut.110.E45Q.WT,0,0,13,11,572,16,14,0,5,0,9,33,0,21,15,-0.11
1JRH.mut.111.T14V.WT,0,0,13,11,572,16,14,0,5,0,9,33,0,21,15,0.02
1JTG.mut.112.K234A.WT,0,0,17,8,680,11,8,0,6,0,3,54,0,20,18,-0.82
1JTG.mut.113.R243A.WT,0,0,16,9,672,11,8,0,5,0,3,54,0,20,18,-0.56
1JTG.mut.114.S130A.WT,0,0,16,9,681,12,8,0,7,0,3,54,0,20,18,-0.5
1JTG.mut.115.S235A.WT,0,0,16,7,683,10,8,0,7,0,3,54,0,20,19,-1.32
1JTG.mut.116.D49A_Repair.clean,0,0,27,16,641,11,10,0,1,0,4,64,0,20,19,-1.98
1KTZ.mut.117.D118A.WT,0,0,10,2,278,7,4,0,12,0,0,24,1,10,5,-0.9
1KTZ.mut.118.D32A.WT,0,0,7,2,251,6,2,0,6,0,0,24,1,7,4,-1.4
1KTZ.mut.119.D32N.WT,0,0,7,2,254,6,2,0,6,0,0,24,1,7,4,-1.7
1KTZ.mut.120.E119A.WT,0,0,7,2,248,6,1,0,8,0,0,24,1,8,3,-1.4
1KTZ.mut.121.E119Q.WT,0,0,8,3,262,8,1,0,10,0,0,24,1,11,3,-1.7
1KTZ.mut.122.E55A.WT,0,0,9,2,262,7,2,0,12,0,0,24,1,10,4,-1.3
1KTZ.mut.123.E75A.WT,0,0,9,2,265,7,2,0,12,0,0,24,1,10,4,-1.0
1KTZ.mut.124.F110A.WT,0,0,9,2,265,7,2,0,12,0,0,24,1,10,4,-0.9
1KTZ.mut.125.F30A.WT,0,0,15,6,248,7,2,0,12,0,0,28,1,10,4,-2.9
1KTZ.mut.126.H79A.WT,0,0,9,2,265,7,2,0,12,0,0,24,1,10,4,-0.4
1KTZ.mut.127.I125A.WT,0,0,9,2,265,7,2,0,12,0,0,24,1,10,4,-0.5
1KTZ.mut.128.I50A.WT,0,0,16,2,260,7,2,0,12,0,0,28,1,10,4,-1.9
1KTZ.mut.129.I53A.WT,0,0,9,3,253,7,3,0,12,0,0,19,0,10,5,-1.2
1KTZ.mut.130.L27A.WT,0,0,9,3,266,7,3,0,12,0,0,23,1,10,4,-1.9
1KTZ.mut.131.M112A.WT,0,0,9,2,265,7,2,0,12,0,0,24,1,10,4,-0.8
1KTZ.mut.132.N47A.WT,0,0,9,2,265,7,2,0,12,0,0,24,1,10,4,-0.3
1KTZ.mut.133.S49A.WT,0,0,9,1,266,6,2,0,12,0,0,24,1,9,4,-0.5
1KTZ.mut.134.S52A.WT,0,0,12,2,267,7,2,0,12,0,0,24,1,12,5,-0.4
1KTZ.mut.135.S52L.WT,0,0,14,4,261,6,2,0,12,0,0,24,1,11,6,-3.7
1KTZ.mut.136.T51A.WT,0,0,10,2,272,7,3,0,12,0,0,24,1,11,5,-1.3
1KTZ.mut.137.V62A.WT,0,0,9,2,265,7,2,0,12,0,0,24,1,10,4,-0.7
1KTZ.mut.138.V77A.WT,0,0,9,2,268,7,2,0,12,0,0,24,1,10,4,-0.5
1MHP.mut.139.F99W.WT,0,0,21,15,560,4,8,0,2,0,9,17,0,14,12,0.0
1MHP.mut.140.F99Y.WT,0,0,21,15,560,4,8,0,2,0,9,17,0,14,12,-0.76
1MHP.mut.141.G100F.WT,0,0,21,17,559,4,8,0,2,0,9,17,0,14,13,-0.57
1MHP.mut.142.G100I.WT,0,0,21,16,562,4,8,0,2,0,9,17,0,14,13,-8.0
1MHP.mut.143.G100L.WT,0,0,21,17,561,4,8,0,2,0,9,17,0,14,14,-2.73
1MHP.mut.144.G100M.WT,0,0,21,17,561,4,8,0,2,0,9,17,0,14,14,-0.1
1MHP.mut.145.G100S.WT,0,0,21,17,559,4,8,0,2,0,9,17,0,14,14,-0.56
1MHP.mut.146.G100V.WT,0,0,21,17,562,4,8,0,2,0,9,17,0,14,14,-8.0
1MHP.mut.147.G102S.WT,0,0,21,15,559,4,8,0,2,0,9,17,0,14,12,-8.0
1MHP.mut.148.G53A.WT,0,0,21,14,559,4,7,0,2,0,9,17,0,14,11,-0.51
1MHP.mut.149.G53N.WT,0,0,21,14,559,4,7,0,2,0,9,17,0,14,11,-1.26
1MHP.mut.150.G53Q.WT,0,0,21,14,556,4,7,0,2,0,9,17,0,14,11,-8.0
1MHP.mut.151.G53S.WT,0,0,21,14,559,4,7,0,2,0,9,17,0,14,11,-0.68
1MHP.mut.152.G53W.WT,0,0,21,14,557,4,7,0,2,0,9,17,0,14,11,-8.0
1MHP.mut.153.G54I.WT,0,0,21,15,563,4,8,0,2,0,9,17,0,14,12,-1.36
1MHP.mut.154.G54M.WT,0,0,21,15,561,4,8,0,2,0,9,17,0,14,12,-8.0
1MHP.mut.155.G54N.WT,0,0,21,15,560,4,8,0,2,0,9,17,0,14,12,-8.0
1MHP.mut.156.G54T.WT,0,0,21,15,562,4,8,0,2,0,9,17,0,14,12,-1.17
1MHP.mut.157.G54Y.WT,0,0,21,15,561,4,8,0,2,0,9,17,0,14,12,0.0
1MHP.mut.158.H56Y.WT,0,0,20,14,539,4,8,0,2,0,9,17,0,12,12,-8.0
1MHP.mut.159.K64D.WT,0,0,21,15,560,4,8,0,2,0,9,17,0,14,12,0.12
1MHP.mut.160.K64E.WT,0,0,21,15,560,4,8,0,2,0,9,17,0,14,12,0.16
1MHP.mut.161.K64N.WT,0,0,21,15,560,4,8,0,2,0,9,17,0,14,12,0.07
1MHP.mut.162.K64Q.WT,0,0,21,15,560,4,8,0,2,0,9,17,0,14,12,0.16
1MHP.mut.163.L60D.WT,0,0,21,15,560,4,8,0,2,0,9,17,0,14,12,0.12
1MHP.mut.164.R31Q.WT,0,0,21,15,565,5,8,0,2,0,9,17,0,14,12,-1.31
1MHP.mut.165.S35A.WT,0,0,21,15,560,4,8,0,2,0,9,17,0,14,12,-1.58
1MHP.mut.166.S35Q.WT,0,0,21,15,560,4,8,0,2,0,9,17,0,14,12,-2.73
1MHP.mut.167.S35V.WT,0,0,21,15,560,4,8,0,2,0,9,17,0,14,12,-8.0
1MHP.mut.168.S52M.WT,0,0,21,15,564,5,8,0,2,0,9,17,0,15,12,-2.08
1MHP.mut.169.S52T.WT,0,0,22,17,563,5,8,0,2,0,9,17,0,16,14,-8.0
1MHP.mut.170.T33N.WT,0,0,21,15,552,4,8,0,2,0,9,16,0,14,12,-2.73
1MHP.mut.171.T33Q.WT,0,0,21,15,548,4,8,0,2,0,9,16,0,14,12,-8.0
1MHP.mut.172.T33V.WT,0,0,21,15,556,4,8,0,2,0,9,16,0,14,12,-0.43
1MHP.mut.173.T50E.WT,0,0,21,15,562,4,8,0,2,0,9,17,0,14,12,-8.0
1MHP.mut.174.T50Q.WT,0,0,21,15,562,4,8,0,2,0,9,18,0,14,12,-8.0
1MHP.mut.175.T50V.WT,0,0,21,15,561,4,8,0,2,0,9,17,0,14,12,0.26
1MHP.mut.176.Y58E.WT,0,0,21,15,561,3,8,0,2,0,9,16,0,12,11,-2.08
1MHP.mut.177.Y58Q.WT,0,0,20,15,554,3,8,0,2,0,9,15,0,12,10,-2.08
1MHP.mut.178.Y58W.WT,0,0,19,15,545,3,8,0,2,0,9,13,0,12,10,-0.82
1MHP.mut.179.Y59E.WT,0,0,21,15,560,4,8,0,2,0,9,17,0,14,12,-0.54
1MHP.mut.180.G92Q.WT,0,0,21,15,563,4,8,0,2,0,9,17,0,14,12,-1.58
1MHP.mut.181.G92S.WT,0,0,21,15,563,4,8,0,2,0,9,17,0,14,12,-0.51
1MHP.mut.182.H31K.WT,0,0,21,15,568,4,8,0,4,0,9,17,0,14,12,-1.17
1MHP.mut.183.H31R.WT,0,0,21,15,560,4,8,0,2,0,9,17,0,14,12,-1.12
1MHP.mut.184.H31W.WT,0,0,21,15,564,5,8,0,2,0,9,17,0,15,12,-1.26
1MHP.mut.185.L49F.WT,0,0,21,15,562,4,8,0,2,0,9,17,0,14,12,-0.71
1MHP.mut.186.L49K.WT,0,0,21,15,561,4,8,0,2,0,9,17,0,14,13,-0.93
1MHP.mut.187.L49W.WT,0,0,21,15,562,4,9,0,2,0,9,17,0,14,13,-1.91
1MHP.mut.188.L49Y.WT,0,0,21,15,561,4,9,0,2,0,9,17,0,14,12,-8.0
1MHP.mut.189.N30K.WT,0,0,22,14,559,4,9,0,2,0,9,16,0,14,15,-8.0
1MHP.mut.190.N30V.WT,0,0,24,14,542,4,8,0,2,0,9,17,0,15,12,-1.05
1MHP.mut.191.N30W.WT,0,0,20,14,562,5,7,0,2,0,9,15,0,15,11,-1.58
1MHP.mut.192.N30Y.WT,0,0,21,13,563,5,9,0,2,0,9,15,0,15,13,-1.91
1MHP.mut.193.N52D.WT,0,0,21,15,560,4,8,0,2,0,9,17,0,14,12,-0.5
1MHP.mut.194.N52E.WT,0,0,21,15,560,4,8,0,2,0,9,17,0,14,12,0.18
1MHP.mut.195.N52K.WT,0,0,21,15,560,4,8,0,2,0,9,17,0,14,12,-0.66
1MHP.mut.196.N52R.WT,0,0,21,15,560,4,8,0,2,0,9,17,0,14,12,-0.85
1MHP.mut.197.N52Y.WT,0,0,21,15,560,4,8,0,2,0,9,17,0,14,12,0.1
1MHP.mut.198.N93D.WT,0,0,21,15,558,4,8,0,2,0,9,17,0,15,12,-8.0
1MHP.mut.199.S24R.WT,0,0,21,15,560,4,8,0,2,0,9,17,0,14,12,0.07
1MHP.mut.200.S28Q.WT,0,0,21,15,565,4,8,0,2,0,9,17,0,14,12,0.67
1MHP.mut.201.S91K.WT,0,0,22,15,561,4,7,0,2,0,9,17,0,14,12,-8.0
1MHP.mut.202.S91Q.WT,0,0,21,16,558,4,7,0,2,0,9,17,0,14,12,-1.78
1MHP.mut.203.S91R.WT,0,0,22,15,560,4,7,0,2,0,9,17,0,14,12,-2.73
1MHP.mut.204.S91T.WT,0,0,22,16,565,4,7,0,2,0,9,17,0,14,12,-2.32
1MHP.mut.205.S91W.WT,0,0,22,16,560,4,7,0,2,0,9,17,0,14,12,-8.0
1MHP.mut.206.W90Q.WT,0,0,24,14,562,6,8,0,2,0,6,17,0,15,11,-2.08
1MLC.mut.207.K65D.WT,0,0,12,4,438,8,4,0,11,0,2,18,1,13,5,-0.02
1MLC.mut.208.S57A.WT,0,0,13,4,441,8,4,0,11,0,2,18,1,13,5,0.38
1MLC.mut.209.S57V.WT,0,0,12,4,440,8,4,0,11,0,2,18,1,13,5,0.49
1MLC.mut.210.T28D.WT,0,0,12,4,438,8,4,0,11,0,2,18,1,13,5,0.15
1MLC.mut.211.T31A.WT,0,0,12,4,434,8,4,0,11,0,2,18,1,13,5,-0.45
1MLC.mut.212.T31V.WT,0,0,12,4,438,8,4,0,11,0,2,20,1,13,5,-0.53
1MLC.mut.213.T31W.WT,0,0,12,4,434,8,4,0,11,0,2,18,1,13,5,-0.13
1MLC.mut.214.T58D.WT,0,0,12,4,436,8,4,0,11,0,2,18,1,13,5,0.56
1MLC.mut.215.N32G.WT,0,0,12,4,430,8,4,0,11,0,2,18,1,13,5,0.85
1MLC.mut.216.N32Y.WT,0,0,12,4,439,8,5,0,11,0,2,18,1,13,5,0.0
1MLC.mut.217.N92A.WT,0,0,15,5,443,8,4,0,11,0,2,18,1,13,4,1.25
1N8Z.mut.218.D31A.WT,0,0,9,7,387,5,2,0,6,0,10,45,1,6,10,-0.25
1N8Z.mut.219.D98A.WT,0,0,9,7,387,5,2,0,6,0,10,45,1,6,10,-1.21
1N8Z.mut.220.D98W.WT,0,0,9,7,387,5,2,0,6,0,10,45,1,6,10,0.69
1N8Z.mut.221.F100A.WT,0,0,9,7,387,5,2,0,6,0,10,45,1,6,10,-1.17
1N8Z.mut.222.K30A.WT,0,0,9,7,387,5,2,0,6,0,10,45,1,6,10,-0.61
1N8Z.mut.223.N54A.WT,0,0,9,7,387,5,2,0,6,0,10,45,1,6,10,0.15
1N8Z.mut.224.R50A.WT,0,0,8,6,376,2,2,0,2,0,10,45,1,4,10,-8.0
1N8Z.mut.225.T32A.WT,0,0,9,7,387,5,2,0,6,0,10,45,1,6,10,-0.38
1N8Z.mut.226.T53A.WT,0,0,9,7,387,5,2,0,6,0,10,45,1,6,10,-0.78
1N8Z.mut.227.W95A.WT,0,0,9,7,378,5,2,0,6,0,10,41,1,6,10,-8.0
1N8Z.mut.228.Y100AA.WT,0,0,13,6,372,5,1,0,6,0,2,38,1,6,9,-8.0
1N8Z.mut.229.Y100AF.WT,0,0,13,6,402,5,2,0,6,0,7,41,1,6,12,0.05
1N8Z.mut.230.Y100AF.WT,0,0,13,6,402,5,2,0,6,0,7,41,1,6,12,-0.82
1N8Z.mut.231.Y102V.WT,0,0,9,7,387,5,2,0,6,0,10,45,1,6,10,-0.22
1N8Z.mut.232.Y33A.WT,0,0,9,7,366,5,2,0,6,0,8,42,1,6,9,0.09
1N8Z.mut.233.Y52A.WT,0,0,9,7,385,5,2,0,6,0,10,45,1,6,10,-0.23
1N8Z.mut.234.Y56A_Repair.clean,0,0,15,13,366,9,4,0,7,0,11,52,1,10,13,-0.87
1N8Z.mut.235.D28N.WT,0,0,9,7,384,5,2,0,6,0,10,45,1,6,10,0.28
1N8Z.mut.236.F53N.WT,0,0,9,7,375,5,2,0,6,0,10,43,1,6,10,-1.21
1N8Z.mut.237.H91A_Repair.clean,0,1,25,16,384,7,5,0,7,0,10,51,0,9,16,-8.0
1N8Z.mut.238.H91F.WT,0,0,8,6,380,5,3,0,6,0,10,45,0,5,8,0.43
1N8Z.mut.239.H91F.WT,0,0,8,6,380,5,3,0,6,0,10,45,0,5,8,-0.03
1N8Z.mut.240.N30A.WT,0,0,9,6,380,6,2,0,6,0,10,45,1,7,11,-1.12
1N8Z.mut.241.N30S.WT,0,0,9,7,379,6,2,0,6,0,10,45,1,7,11,-0.06
1N8Z.mut.242.R66G.WT,0,0,9,7,387,5,2,0,6,0,10,45,1,6,10,-0.22
1N8Z.mut.243.S50A.WT,0,0,11,7,388,5,2,0,6,0,10,45,1,6,12,0.07
1N8Z.mut.244.S52A.WT,0,0,9,7,387,5,2,0,6,0,10,45,1,6,10,0.31
1N8Z.mut.245.T31A.WT,0,0,9,7,390,5,2,0,6,0,10,45,1,6,10,-0.8
1N8Z.mut.246.T93A.WT,0,0,9,7,387,5,2,0,6,0,10,45,1,6,10,-0.82
1N8Z.mut.247.T94A.WT,0,0,9,7,384,5,2,0,6,0,10,46,1,5,10,0.12
1N8Z.mut.248.T94S.WT,0,0,9,7,384,5,2,0,6,0,10,46,1,5,11,-0.31
1N8Z.mut.249.Y49A.WT,0,0,9,7,388,5,2,0,6,0,10,45,1,6,10,-1.05
1N8Z.mut.250.Y92A.WT,0,0,11,6,386,5,2,0,6,0,10,42,1,6,11,-1.36
1N8Z.mut.251.Y92F.WT,0,0,10,6,389,5,2,0,6,0,10,45,1,6,11,0.21
1VFB.mut.252.D119A.WT,0,0,12,3,403,13,5,0,0,0,0,20,0,17,4,-1.0
1VFB.mut.253.D18A.WT,0,0,12,5,404,13,6,0,0,0,0,20,0,17,4,-0.3
1VFB.mut.254.I124A.WT,0,0,12,3,406,13,6,0,0,0,0,20,0,17,4,-1.2
1VFB.mut.255.K116A.WT,0,0,12,4,406,13,6,0,0,0,0,20,0,17,6,-0.7
1VFB.mut.256.L129A.WT,0,0,12,3,399,12,6,0,0,0,0,20,0,16,4,-0.2
1VFB.mut.257.N19A.WT,0,0,12,3,401,12,6,0,0,0,0,20,0,17,4,-0.3
1VFB.mut.258.Q121A.WT,0,0,15,3,403,13,6,0,0,0,0,20,0,17,4,-2.9
1VFB.mut.259.R125A.WT,0,0,14,3,396,14,6,0,0,0,0,19,0,18,4,-1.8
1VFB.mut.260.S24A.WT,0,0,12,3,399,14,5,0,0,0,0,20,0,17,4,-0.8
1VFB.mut.261.T118A.WT,0,0,12,3,401,13,6,0,0,0,0,19,0,18,4,-0.8
1VFB.mut.262.V120A.WT,0,0,12,4,402,14,6,0,0,0,0,19,0,17,4,-0.9
1VFB.mut.263.Y23A.WT,0,0,12,3,410,12,6,0,0,0,0,20,0,17,4,-0.4
1VFB.mut.264.D100A.WT,0,0,12,3,401,12,6,0,0,0,0,20,0,16,5,-2.9
1VFB.mut.265.D54A.WT,0,0,12,3,392,13,6,0,0,0,0,20,0,17,4,-1.0
1VFB.mut.266.D58E.WT,0,0,12,3,404,13,6,0,0,0,0,20,0,17,4,-0.08
1VFB.mut.267.D58N.WT,0,0,12,3,404,13,6,0,0,0,0,20,0,17,4,0.13
1VFB.mut.268.G31A.WT,0,0,13,3,403,13,5,0,0,0,0,20,0,18,5,-0.3
1VFB.mut.269.G31E.WT,0,0,13,3,403,13,5,0,0,0,0,20,0,18,5,0.51
1VFB.mut.270.G31W.WT,0,0,13,3,403,13,5,0,0,0,0,20,0,18,5,-0.01
1VFB.mut.271.R99W.WT,0,0,12,4,408,13,6,0,0,0,0,20,0,17,4,-0.71
1VFB.mut.272.R99Y.WT,0,0,11,3,404,13,6,0,0,0,0,20,0,17,4,-1.26
1VFB.mut.273.S28D.WT,0,0,12,3,404,13,6,0,0,0,0,20,0,17,4,0.0
1VFB.mut.274.S28E.WT,0,0,12,3,404,13,6,0,0,0,0,20,0,17,4,0.1
1VFB.mut.275.S28N.WT,0,0,12,3,404,13,6,0,0,0,0,20,0,17,4,-0.15
1VFB.mut.276.S28Q.WT,0,0,12,3,404,13,6,0,0,0,0,20,0,17,4,-0.08
1VFB.mut.277.W52A_Repair.clean,0,0,12,8,395,16,6,0,0,0,0,19,0,19,5,-0.9
1VFB.mut.278.Y101A.WT,0,0,10,1,349,11,5,0,0,0,0,17,0,14,2,-4.0
1VFB.mut.279.Y101F.WT,0,0,13,2,401,13,5,0,0,0,0,21,0,16,3,-1.6
1VFB.mut.280.Y32A.WT,0,0,12,3,394,12,6,0,0,0,0,20,0,16,4,-1.1
1VFB.mut.281.Y32E.WT,0,0,12,3,402,12,6,0,0,0,0,20,0,16,4,-1.91
1VFB.mut.282.L46D.WT,0,0,12,3,404,13,6,0,0,0,0,20,0,17,4,-8.0
1VFB.mut.283.L46E.WT,0,0,12,3,404,13,6,0,0,0,0,20,0,17,4,-8.0
1VFB.mut.284.N31W.WT,0,0,12,3,404,13,6,0,0,0,0,20,0,17,4,-0.17
1VFB.mut.285.T52F.WT,0,0,12,3,405,13,6,0,0,0,0,20,0,17,4,-0.47
1VFB.mut.286.T53R.WT,0,0,11,3,404,12,6,0,0,0,0,20,0,16,4,-1.67
1VFB.mut.287.W92A.WT,0,0,12,3,414,13,6,0,0,0,0,17,0,17,4,-3.3
1VFB.mut.288.Y32A.WT,0,0,12,3,373,13,5,0,0,0,0,20,0,17,4,-1.7
1VFB.mut.289.Y32W.WT,0,0,12,4,399,13,6,0,0,0,0,20,0,17,5,-8.0
1VFB.mut.290.Y50A.WT,0,0,12,3,409,14,6,0,0,0,0,21,0,16,4,-0.5
1VFB.mut.291.Y50K.WT,0,0,12,3,403,13,6,0,0,0,0,19,0,17,4,-1.67
1VFB.mut.292.Y50R.WT,0,0,11,3,403,13,6,0,0,0,0,18,0,17,4,-0.85
1YY9.mut.293.N56A.WT,0,0,16,7,491,11,7,0,3,0,18,45,1,12,11,0.06
1YY9.mut.294.T61E.WT,0,0,16,8,500,11,8,0,3,0,18,45,1,12,12,0.06
1YY9.mut.295.N93A.WT,0,0,17,8,510,12,8,0,3,0,18,45,1,13,11,0.74
1YY9.mut.296.S26D.WT,0,0,16,8,500,11,8,0,3,0,18,45,1,12,12,0.2
1YY9.mut.297.T31E.WT,0,0,16,8,500,11,8,0,3,0,18,45,1,12,12,0.52
2JEL.mut.298.A82S.WT,0,0,11,5,458,10,8,0,2,0,2,32,0,10,11,0.0
2JEL.mut.299.D69E.WT,0,0,11,5,458,10,8,0,2,0,2,32,0,10,11,-0.96
2JEL.mut.300.E5D.WT,0,0,11,5,458,10,8,0,2,0,2,32,0,10,11,-0.41
2JEL.mut.301.E5Q.WT,0,0,11,5,458,10,8,0,2,0,2,32,0,10,11,-0.72
2JEL.mut.302.E66K.WT,0,0,8,5,433,9,6,0,1,0,2,32,0,8,8,-4.13
2JEL.mut.303.E68A.WT,0,0,11,5,457,10,7,0,2,0,2,33,0,10,10,-0.41
2JEL.mut.304.E70A.WT,0,0,11,4,432,8,7,0,2,0,2,31,0,9,11,-2.75
2JEL.mut.305.E70K.WT,0,0,12,4,451,8,8,0,2,0,2,32,0,9,12,-4.13
2JEL.mut.306.E75R.WT,0,0,11,4,452,10,8,0,2,0,2,32,0,10,10,-2.75
2JEL.mut.307.E83A.WT,0,0,11,5,458,10,8,0,2,0,2,32,0,10,11,0.0
2JEL.mut.308.E85A.WT,0,0,11,5,458,10,8,0,2,0,2,32,0,10,11,0.0
2JEL.mut.309.E85D.WT,0,0,11,5,458,10,8,0,2,0,2,32,0,10,11,0.0
2JEL.mut.310.E85K.WT,0,0,11,5,458,10,8,0,2,0,2,32,0,10,11,0.0
2JEL.mut.311.E85Q.WT,0,0,11,5,458,10,8,0,2,0,2,32,0,10,11,0.0
2JEL.mut.312.F2W.WT,0,0,13,5,463,10,8,0,2,0,5,35,0,10,11,-2.64
2JEL.mut.313.F2Y.WT,0,0,11,5,451,10,8,0,2,0,1,27,0,10,11,0.0
2JEL.mut.314.H76A.WT,0,0,11,4,451,9,8,0,2,0,2,32,0,9,11,0.41
2JEL.mut.315.H76D.WT,0,0,11,4,451,9,8,0,2,0,2,32,0,9,11,0.66
2JEL.mut.316.K24E.WT,0,0,11,5,458,10,8,0,2,0,2,32,0,10,11,0.0
2JEL.mut.317.K27E.WT,0,0,11,5,458,10,8,0,2,0,2,32,0,10,11,0.0
2JEL.mut.318.K72E.WT,0,0,12,5,459,10,7,0,2,0,2,32,0,10,11,-0.41
2JEL.mut.319.K72R.WT,0,0,12,6,460,10,7,0,2,0,2,32,0,10,11,0.0
2JEL.mut.320.K79E.WT,0,0,11,5,458,10,8,0,2,0,2,32,0,10,11,-0.41
2JEL.mut.321.N12D.WT,0,0,11,5,458,10,8,0,2,0,2,32,0,10,11,0.0
2JEL.mut.322.N38T.WT,0,0,11,5,458,10,8,0,2,0,2,32,0,10,11,0.0
2JEL.mut.323.P11E.WT,0,0,11,5,458,10,8,0,2,0,2,32,0,10,11,0.0
2JEL.mut.324.Q3K.WT,0,0,10,5,454,8,8,0,2,0,2,32,0,10,11,-4.13
2JEL.mut.325.Q4K.WT,0,0,11,5,458,10,8,0,2,0,2,32,0,10,11,-1.38
2JEL.mut.326.Q57E.WT,0,0,11,5,458,10,8,0,2,0,2,32,0,10,11,0.41
2JEL.mut.327.Q71E.WT,0,0,5,5,435,8,8,0,2,0,2,33,0,9,11,-2.75
2JEL.mut.328.R17G.WT,0,0,11,5,458,10,8,0,2,0,2,32,0,10,11,0.0
2JEL.mut.329.R17K.WT,0,0,11,5,458,10,8,0,2,0,2,32,0,10,11,0.0
2JEL.mut.330.S41C.WT,0,0,11,5,458,10,8,0,2,0,2,32,0,9,10,-1.51
2JEL.mut.331.S43C.WT,0,0,11,5,458,10,8,0,2,0,2,32,0,10,11,0.0
2JEL.mut.332.S46C.WT,0,0,11,5,458,10,8,0,2,0,2,32,0,10,11,0.0
2JEL.mut.333.S64T.WT,0,0,11,5,459,10,8,0,2,0,2,32,0,10,11,-4.13
2JEL.mut.334.T34Q.WT,0,0,11,6,458,10,8,0,2,0,2,32,0,10,10,0.0
2JEL.mut.335.T36Q.WT,0,0,11,5,454,10,8,0,2,0,2,32,0,10,11,-0.41
2JEL.mut.336.T62A.WT,0,0,11,5,458,10,8,0,2,0,2,32,0,10,11,0.0
2JEL.mut.337.T62N.WT,0,0,11,5,458,10,8,0,2,0,2,32,0,10,11,0.0
2JEL.mut.338.T7N.WT,0,0,11,5,458,10,8,0,2,0,2,32,0,10,11,-0.41
2JEL.mut.339.T7S.WT,0,0,11,5,458,10,8,0,2,0,2,32,0,10,11,0.0
2JEL.mut.340.V6F.WT,0,0,11,5,458,10,8,0,2,0,2,32,0,10,11,0.0
2NYY.mut.341.D1058A.WT,0,0,30,15,649,20,8,0,6,0,15,32,1,26,16,-0.01
2NYY.mut.342.D1062A.WT,0,0,25,18,648,20,9,0,6,0,15,32,1,26,15,-2.53
2NYY.mut.343.E920A_Repair.clean,0,0,24,21,594,17,7,0,8,0,16,34,1,27,15,-2.84
2NYY.mut.344.F917A_Repair.clean,0,0,24,27,623,20,9,0,9,0,16,30,1,29,19,-0.42
2NYY.mut.345.F953A_Repair.clean,0,0,29,24,635,21,9,0,8,0,17,35,1,29,19,-4.06
2NYY.mut.346.H1064A.WT,0,0,32,18,623,19,9,0,4,0,25,33,1,23,16,-7.32
2NYY.mut.347.I956A.WT,0,0,26,19,644,20,9,0,6,0,15,31,1,26,15,0.01
2NYY.mut.348.K1056A.WT,0,0,26,19,642,20,8,0,6,0,15,32,1,25,15,0.03
2NYY.mut.349.K903A.WT,0,0,26,20,652,21,8,0,6,0,15,32,1,26,15,-0.29
2NYY.mut.350.K923A.WT,0,0,26,19,646,20,8,0,6,0,15,32,1,26,15,0.14
2NYY.mut.351.L919A.WT,0,0,31,19,632,20,10,0,6,0,15,25,1,26,19,-2.59
2NYY.mut.352.N918A.WT,0,0,27,20,644,21,8,0,6,0,15,32,1,27,15,-0.89
2NYY.mut.353.N954A_Repair.clean,0,0,26,22,629,19,10,0,8,0,16,35,1,29,19,-0.1
2NYY.mut.354.Q915A.WT,0,0,26,19,646,20,8,0,6,0,15,32,1,26,15,-0.52
2NYY.mut.355.R1061A.WT,0,0,25,18,633,20,8,0,6,0,15,32,1,26,16,-0.82
2NYY.mut.356.R1294A.WT,0,0,27,19,626,20,8,0,5,0,15,32,1,26,15,-0.3
2NYY.mut.357.S902A.WT,0,0,26,19,645,20,8,0,6,0,15,32,1,26,15,0.23
2NYY.mut.358.S955A.WT,0,0,25,19,644,18,9,0,6,0,15,32,1,24,15,0.0
2NYY.mut.359.T1063A.WT,0,0,26,19,641,20,8,0,6,0,15,33,1,26,15,-1.62
2NYY.mut.360.K30R.WT,0,0,26,19,646,20,8,0,6,0,15,32,1,26,15,-0.07
2NYY.mut.361.M34Q.WT,0,0,26,19,646,20,8,0,6,0,15,32,1,26,15,0.06
2NYY.mut.362.Y31D.WT,0,0,26,19,632,20,8,0,6,0,15,32,1,26,15,-0.07
2NYY.mut.363.Y31Q_Repair.clean,0,0,27,25,628,20,8,0,8,0,16,37,1,29,18,-0.13
2NYY.mut.364.Y57Q.WT,0,0,35,15,647,21,7,0,6,0,15,32,1,26,16,-0.52
2NYY.mut.365.D30Y.WT,0,0,26,19,644,20,8,0,6,0,15,32,1,26,15,-0.65
2NYY.mut.366.H34R.WT,0,0,26,19,648,20,8,0,7,0,15,32,1,26,15,-0.1
2NYY.mut.367.S28Q.WT,0,0,26,19,645,20,8,0,6,0,15,32,1,26,15,-0.42
2NYY.mut.368.S31N.WT,0,0,26,18,646,20,7,0,6,0,15,32,1,27,15,0.36
2NZ9.mut.369.D1058A.WT,0,0,30,14,672,19,12,0,7,0,26,41,1,29,17,0.03
2NZ9.mut.370.D1062A.WT,0,0,28,14,673,19,13,0,7,0,26,41,1,29,17,-2.34
2NZ9.mut.371.E920A.WT,0,0,25,8,627,15,11,0,7,0,26,39,1,24,12,-2.77
2NZ9.mut.372.F917A_Repair.clean,0,0,37,15,617,23,9,0,6,0,28,36,1,34,18,0.05
2NZ9.mut.373.F953A_Repair.clean,0,0,44,14,618,23,9,0,6,0,32,40,1,35,18,-3.34
2NZ9.mut.374.H1064A.WT,0,0,42,12,659,19,13,0,5,0,41,42,1,27,21,-7.42
2NZ9.mut.375.I956A.WT,0,0,28,14,673,19,13,0,7,0,26,40,1,29,16,-0.07
2NZ9.mut.376.K1056A.WT,0,0,28,14,671,19,11,0,7,0,26,41,1,29,16,0.01
2NZ9.mut.377.K903A.WT,0,0,28,15,679,20,12,0,7,0,26,41,1,29,16,-0.54
2NZ9.mut.378.K923A.WT,0,0,28,14,675,19,12,0,7,0,26,41,1,29,16,0.3
2NZ9.mut.379.L919A.WT,0,0,35,14,663,19,13,0,7,0,26,34,1,29,23,-2.28
2NZ9.mut.380.N918A.WT,0,0,30,14,679,21,12,0,7,0,26,41,1,29,15,-2.16
2NZ9.mut.381.N954A_Repair.clean,0,0,50,12,601,23,8,0,6,0,28,37,1,33,20,0.15
2NZ9.mut.382.Q915A.WT,0,0,28,14,675,19,12,0,7,0,26,41,1,29,16,-0.1
2NZ9.mut.383.R1061A.WT,0,0,26,15,660,18,12,0,7,0,26,40,1,29,17,-0.29
2NZ9.mut.384.R1294A.WT,0,0,30,13,659,20,12,0,6,0,26,41,1,29,16,-0.39
2NZ9.mut.385.S902A.WT,0,0,28,14,674,19,12,0,7,0,26,41,1,29,16,0.12
2NZ9.mut.386.S955A.WT,0,0,26,13,674,20,12,0,7,0,26,41,1,27,16,0.08
2NZ9.mut.387.T1063A.WT,0,0,28,14,669,19,11,0,7,0,26,42,1,29,16,-2.37
3BDY.mut.388.D31A.WT,0,0,12,4,514,8,7,0,0,0,10,20,2,11,6,-0.2
3BDY.mut.389.D98A.WT,0,0,12,4,515,8,7,0,0,0,10,20,2,11,6,0.0
3BDY.mut.390.F100A.WT,0,0,12,5,515,8,7,0,0,0,10,20,2,11,6,-0.7
3BDY.mut.391.G96A.WT,0,0,12,4,514,8,7,0,0,0,10,20,2,11,6,-0.2
3BDY.mut.392.G97A.WT,0,0,12,4,514,8,7,0,0,0,10,20,2,11,6,0.1
3BDY.mut.393.G99A.WT,0,0,14,4,513,8,7,0,0,0,10,20,2,11,6,-0.8
3BDY.mut.394.K30A.WT,0,0,12,4,514,8,7,0,0,0,10,20,2,11,6,-0.2
3BDY.mut.395.N54A.WT,0,0,12,4,514,8,7,0,0,0,10,20,2,11,6,0.2
3BDY.mut.396.R50A.WT,0,0,12,4,525,8,7,0,0,0,10,20,2,12,6,0.3
3BDY.mut.397.R58A.WT,0,0,12,4,515,8,7,0,0,0,10,20,2,11,6,0.2
3BDY.mut.398.T32A.WT,0,0,12,4,514,8,7,0,0,0,10,20,2,11,6,0.4
3BDY.mut.399.T53A.WT,0,0,12,4,514,8,7,0,0,0,10,20,2,11,6,0.5
3BDY.mut.400.W95A.WT,0,0,13,4,504,8,7,0,0,0,10,20,2,11,6,-2.0
3BDY.mut.401.Y100AA.WT,0,0,15,4,459,7,7,0,0,0,10,17,2,10,8,-0.5
3BDY.mut.402.Y33A.WT,0,0,11,2,489,8,7,0,0,0,6,19,2,10,4,-0.3
3BDY.mut.403.Y52A.WT,0,0,12,4,502,8,7,0,0,0,7,20,2,11,6,-0.4
3BDY.mut.404.Y56A.WT,0,0,12,4,514,8,7,0,0,0,10,20,2,11,6,-0.2
3BDY.mut.405.D27AA.WT,0,0,12,4,514,8,7,0,0,0,10,20,2,11,6,0.0
3BDY.mut.406.G31A.WT,0,0,12,4,509,8,6,0,0,0,10,20,2,11,6,-1.2
3BDY.mut.407.G51A.WT,0,0,12,4,514,8,7,0,0,0,10,20,2,11,6,-1.0
3BDY.mut.408.H91A.WT,0,0,27,5,541,8,8,0,0,0,10,20,1,10,10,-2.0
3BDY.mut.409.I27BA.WT,0,0,12,4,514,8,7,0,0,0,10,20,2,11,6,-1.1
3BDY.mut.410.I29A.WT,0,0,14,4,517,8,6,0,0,0,10,21,3,11,7,-0.8
3BDY.mut.411.P27CA.WT,0,0,12,4,514,8,7,0,0,0,10,20,2,11,6,-0.2
3BDY.mut.412.R27DA.WT,0,0,12,4,514,8,7,0,0,0,10,20,2,11,6,0.2
3BDY.mut.413.S28A.WT,0,0,12,4,518,9,7,0,0,0,10,20,2,13,10,-1.0
3BDY.mut.414.S30A.WT,0,0,12,4,503,8,7,0,0,0,10,20,2,11,6,-1.3
3BDY.mut.415.S52A.WT,0,0,12,4,514,8,7,0,0,0,10,20,2,11,6,-0.1
3BDY.mut.416.T93A.WT,0,0,12,4,513,8,7,0,0,0,10,20,2,11,6,0.3
3BDY.mut.417.T94A.WT,0,0,12,4,502,7,6,0,0,0,10,20,2,10,5,0.0
3BDY.mut.418.W50A_Repair.clean,0,0,15,4,499,9,8,0,0,0,13,20,2,12,7,-1.3
3BDY.mut.419.Y32A.WT,0,0,12,4,512,8,7,0,0,0,10,18,2,11,6,-1.7
3BDY.mut.420.Y53A.WT,0,0,12,4,511,8,7,0,0,0,10,19,2,11,6,-0.7
3BDY.mut.421.Y92A.WT,0,0,19,5,527,8,9,0,0,0,17,21,2,11,9,-1.4
3BE1.mut.422.D31A.WT,0,0,13,8,427,10,4,0,6,0,9,47,1,14,9,-0.4
3BE1.mut.423.D98A.WT,0,0,13,8,428,10,4,0,6,0,9,47,1,14,9,0.1
3BE1.mut.424.F100A.WT,0,0,13,8,428,10,4,0,6,0,9,47,1,14,9,-1.9
3BE1.mut.425.G96A.WT,0,0,13,8,427,10,4,0,6,0,9,47,1,14,9,-0.1
3BE1.mut.426.G97A.WT,0,0,13,8,427,10,4,0,6,0,9,47,1,14,9,-0.3
3BE1.mut.427.G99A.WT,0,0,13,8,427,10,4,0,6,0,9,47,1,14,9,-1.8
3BE1.mut.428.K30A.WT,0,0,13,8,427,10,4,0,6,0,9,47,1,14,9,0.3
3BE1.mut.429.N54A.WT,0,0,13,8,427,10,4,0,6,0,9,47,1,14,9,0.8
3BE1.mut.430.R50A.WT,0,0,13,7,411,5,4,0,0,0,9,47,1,9,9,-2.4
3BE1.mut.431.R58A.WT,0,0,13,7,408,10,4,0,6,0,9,47,1,14,8,-2.5
3BE1.mut.432.T32A.WT,0,0,13,8,427,10,4,0,6,0,9,47,1,14,9,0.4
3BE1.mut.433.T53A.WT,0,0,13,8,427,10,4,0,6,0,9,47,1,14,9,-0.1
3BE1.mut.434.W95A.WT,0,0,13,8,414,10,4,0,6,0,7,43,1,14,9,-1.8
3BE1.mut.435.Y100AA.WT,0,0,13,8,387,10,3,0,6,0,5,40,1,14,8,-1.2
3BE1.mut.436.Y33A.WT,0,0,13,5,410,10,4,0,6,0,6,43,1,14,7,-2.4
3BE1.mut.437.Y52A.WT,0,0,13,8,427,10,4,0,6,0,9,47,1,14,9,0.8
3BE1.mut.438.Y56A_Repair.clean,0,0,10,6,367,8,6,0,4,0,8,40,1,12,12,-1.8
3BE1.mut.439.D27AA.WT,0,0,13,8,427,10,4,0,6,0,9,47,1,14,9,0.0
3BE1.mut.440.G31A.WT,0,0,13,8,427,10,4,0,6,0,9,47,1,14,9,-0.3
3BE1.mut.441.G51A.WT,0,0,13,8,427,10,4,0,6,0,9,47,1,14,9,0.3
3BE1.mut.442.H91A_Repair.clean,0,0,8,6,348,7,7,0,4,0,8,41,0,9,13,-0.9
3BE1.mut.443.I27BA.WT,0,0,13,8,427,10,4,0,6,0,9,47,1,14,9,0.2
3BE1.mut.444.I29A.WT,0,0,13,8,427,10,4,0,6,0,9,47,1,14,9,-0.9
3BE1.mut.445.P27CA.WT,0,0,13,8,427,10,4,0,6,0,9,47,1,14,9,-0.1
3BE1.mut.446.R27DA_Repair.clean,0,0,10,4,365,8,6,0,4,0,8,40,1,9,12,0.2
3BE1.mut.447.S28A.WT,0,0,13,8,427,10,4,0,6,0,9,47,1,14,9,-0.3
3BE1.mut.448.S30A.WT,0,0,13,8,427,10,4,0,6,0,9,47,1,14,9,0.2
3BE1.mut.449.S52A.WT,0,0,13,8,427,10,4,0,6,0,9,47,1,14,9,-0.3
3BE1.mut.450.T93A.WT,0,0,13,8,424,10,4,0,6,0,9,47,1,14,9,0.4
3BE1.mut.451.T94A.WT,0,0,12,7,425,10,4,0,6,0,9,48,1,13,7,-1.4
3BE1.mut.452.W50A.WT,0,0,29,12,475,10,5,0,6,0,9,56,1,14,11,-1.4
3BE1.mut.453.Y32A.WT,0,0,12,7,388,8,4,0,6,0,9,39,1,11,11,0.8
3BE1.mut.454.Y53A.WT,0,0,13,8,409,9,4,0,6,0,9,46,1,13,9,-0.9
3BE1.mut.455.Y92A.WT,0,0,15,8,431,10,4,0,6,0,9,47,1,14,11,-0.5
3BN9.mut.456.D217A.WT,0,0,21,11,734,10,8,0,0,0,8,45,0,19,15,-0.57
3BN9.mut.457.D60AA.WT,0,0,20,12,734,10,8,0,0,0,8,45,0,19,15,-0.42
3BN9.mut.458.D60BA.WT,0,0,21,12,740,11,8,0,0,0,8,45,0,18,17,-0.31
3BN9.mut.459.D96A.WT,0,0,14,12,720,8,8,0,0,0,8,45,0,15,13,-6.7
3BN9.mut.460.E169A.WT,0,0,20,12,734,10,8,0,0,0,8,45,0,19,15,-0.37
3BN9.mut.461.F60EA.WT,0,0,20,12,734,10,8,0,0,0,8,45,0,19,15,0.05
3BN9.mut.462.F94A.WT,0,0,20,12,733,10,8,0,0,0,8,45,0,19,15,-0.64
3BN9.mut.463.F97A.WT,0,0,31,12,732,10,7,0,0,0,4,45,1,19,15,-6.7
3BN9.mut.464.H143A.WT,0,0,20,12,732,10,8,0,0,0,8,45,0,19,15,-0.09
3BN9.mut.465.I41A.WT,0,0,20,12,735,10,8,0,0,0,8,45,0,19,15,0.0
3BN9.mut.466.I60A.WT,0,0,21,13,739,10,8,0,0,0,8,45,0,19,15,-0.84
3BN9.mut.467.K224A.WT,0,0,20,12,741,10,8,0,0,0,8,45,0,19,15,-0.79
3BN9.mut.468.L153A.WT,0,0,20,12,734,10,8,0,0,0,8,45,0,19,15,-0.34
3BN9.mut.469.N95A.WT,0,0,21,12,736,10,8,0,0,0,8,45,0,20,15,-0.77
3BN9.mut.470.Q145A.WT,0,0,20,12,734,10,8,0,0,0,8,45,0,19,15,-0.13
3BN9.mut.471.Q174A_Repair.clean,0,0,28,13,669,15,12,0,0,0,4,36,0,21,21,0.03
3BN9.mut.472.Q175A.WT,0,0,19,12,706,9,8,0,0,0,8,43,0,18,15,-2.51
3BN9.mut.473.Q221AA.WT,0,0,19,13,731,10,8,0,0,0,8,44,0,19,14,-0.71
3BN9.mut.474.Q38A.WT,0,0,20,12,734,10,8,0,0,0,8,45,0,19,15,0.42
3BN9.mut.475.R222A.WT,0,0,20,12,734,10,8,0,0,0,8,45,0,19,15,0.09
3BN9.mut.476.R60CA.WT,0,0,18,12,705,10,8,0,0,0,8,45,0,18,15,0.05
3BN9.mut.477.R60FA.WT,0,0,20,12,734,10,8,0,0,0,8,45,0,19,15,0.07
3BN9.mut.478.R87A.WT,0,0,20,12,734,10,8,0,0,0,8,45,0,19,15,0.16
3BN9.mut.479.T150A.WT,0,0,20,12,734,10,8,0,0,0,8,45,0,19,15,-0.29
3BN9.mut.480.T98A.WT,0,0,20,13,726,10,8,0,0,0,8,44,0,19,16,-1.13
3BN9.mut.481.Y146A.WT,0,0,27,11,731,10,7,0,0,0,10,50,0,20,16,-1.09
3BN9.mut.482.Y60GA.WT,0,0,20,12,734,10,8,0,0,0,8,45,0,19,15,-0.02
3BN9.mut.483.P100H.WT,0,0,21,11,734,10,8,0,0,0,8,45,0,19,15,-8.0
3BN9.mut.484.Q100AV_Repair.clean,0,0,26,10,673,15,10,0,0,0,4,40,0,21,21,-1.36
3BN9.mut.485.S30G.WT,0,0,19,11,736,9,8,0,0,0,8,45,0,19,16,-1.36
3BN9.mut.486.S30N.WT,0,0,19,12,734,10,8,0,0,0,8,45,0,19,17,-1.36
3BN9.mut.487.T28R.WT,0,0,18,12,732,10,9,0,0,0,8,43,0,18,15,-0.3
3BN9.mut.488.T98Q.WT,0,0,21,12,736,10,8,0,0,0,8,45,0,19,16,0.0
3BN9.mut.489.T98R.WT,0,0,21,12,736,10,8,0,0,0,8,45,0,19,16,0.06
3BN9.mut.490.Y99S_Repair.clean,0,0,29,11,700,15,11,0,0,0,7,42,0,21,20,-0.41
3HFM.mut.491.C95A.WT,0,0,26,10,527,13,7,0,1,0,3,18,0,18,15,-5.52
3HFM.mut.492.C95F.WT,0,0,26,10,527,13,7,0,1,0,3,18,0,18,15,-3.25
3HFM.mut.493.D32A.WT,0,0,26,10,524,13,7,0,1,0,3,18,0,18,15,-1.9
3HFM.mut.494.D32N.WT,0,0,26,10,533,13,8,0,0,0,3,18,0,18,15,-0.17
3HFM.mut.495.S31A.WT,0,0,30,9,533,12,7,0,1,0,3,18,0,17,17,-0.17
3HFM.mut.496.Y33A.WT,0,0,24,10,454,11,4,0,1,0,3,13,0,16,13,-6.0
3HFM.mut.497.Y50A.WT,0,0,22,10,508,11,7,0,1,0,3,18,0,15,15,-8.0
3HFM.mut.498.N31A.WT,0,0,25,9,512,12,7,0,1,0,3,18,0,17,14,-5.22
3HFM.mut.499.N31D.WT,0,0,25,9,507,12,7,0,1,0,3,18,0,17,14,-1.34
3HFM.mut.500.N31E.WT,0,0,27,9,512,12,7,0,1,0,3,18,0,17,14,-5.67
3HFM.mut.501.N32A.WT,0,0,26,10,510,12,7,0,1,0,3,18,0,17,15,-5.11
3HFM.mut.502.Q53A.WT,0,0,26,9,525,12,7,0,1,0,3,18,0,17,15,-0.95
3HFM.mut.503.Y50A.WT,0,0,26,9,520,14,7,0,1,0,3,12,0,20,14,-4.57
3HFM.mut.504.Y50F.WT,0,0,26,10,527,13,7,0,1,0,3,17,0,18,15,-2.36
3HFM.mut.505.Y50L.WT,0,0,29,8,528,13,8,0,1,0,3,17,0,18,18,-4.4
3HFM.mut.506.Y96A.WT,0,0,25,10,509,13,7,0,1,0,3,18,0,17,15,-2.71
3HFM.mut.507.Y96F.WT,0,0,25,10,523,13,7,0,1,0,3,18,0,17,15,-1.4
3HFM.mut.508.K96A.WT,0,0,37,11,535,13,8,0,1,0,3,18,0,18,18,-6.83
3HFM.mut.509.K97A.WT,0,0,26,10,509,13,7,0,1,0,3,15,0,18,15,-6.18
3HFM.mut.510.K97M.WT,0,0,25,11,504,13,7,0,0,0,3,15,0,18,15,-1.09
3HFM.mut.511.R21A_Repair.clean,0,0,15,12,454,10,4,0,1,0,0,6,0,16,14,-1.03
3HFM.mut.512.Y20A.WT,0,0,27,10,506,12,6,0,1,0,3,18,0,17,14,-4.87
3K2M.mut.513.E52A.WT,0,0,9,6,384,7,3,0,7,0,1,32,0,14,7,-2.5
3K2M.mut.514.M88A.WT,0,0,15,5,387,8,1,0,7,0,1,32,0,16,10,-4.0
3K2M.mut.515.R38A.WT,0,0,22,7,400,11,3,0,7,0,1,33,0,16,9,-2.5
3K2M.mut.516.W80A.WT,0,0,11,6,385,8,3,0,7,0,6,36,0,14,8,-4.0
3K2M.mut.517.Y35A_Repair.clean,0,0,11,6,382,6,3,0,3,0,4,32,0,14,10,-1.0
3K2M.mut.518.Y36A.WT,0,0,10,6,336,8,3,0,7,0,1,23,0,12,7,-3.7
3K2M.mut.519.Y87A_Repair.clean,0,0,18,14,391,11,7,0,8,0,0,33,1,18,11,-4.0
3NGB.mut.520.A56G.WT,0,0,18,9,498,16,8,0,7,0,0,16,0,17,7,0.06
3NGB.mut.521.G54S.WT,0,0,16,10,500,16,8,0,7,0,0,16,0,17,8,-0.73
3NGB.mut.522.I30T.WT,0,0,18,9,497,16,8,0,7,0,0,16,0,17,7,-0.08
3NGB.mut.523.K52N.WT,0,0,17,9,494,15,8,0,7,0,0,16,0,16,7,-0.18
3NGB.mut.524.P62K.WT,0,0,18,9,492,16,8,0,7,0,0,16,0,17,7,-0.23
3NGB.mut.525.R53N.WT,0,0,19,9,528,17,8,0,7,0,0,16,0,18,6,-0.05
3NGB.mut.526.R61Q.WT,0,0,15,7,438,13,7,0,7,0,0,15,0,14,6,-0.1
3NGB.mut.527.T33Y.WT,0,0,18,9,498,16,8,0,7,0,0,16,0,17,7,-0.08
3NGB.mut.528.V57T.WT,0,0,18,9,490,16,8,0,7,0,0,16,0,17,7,-0.14
3NGB.mut.529.V73T.WT,0,0,18,9,499,16,8,0,7,0,0,16,0,17,7,-0.16
3NGB.mut.530.Y74S.WT,0,0,18,9,494,16,8,0,7,0,0,16,0,17,7,-0.33
3NPS.mut.531.D214A.WT,0,0,18,14,635,12,7,0,5,0,11,38,0,19,7,-1.48
3NPS.mut.532.D46A.WT,0,0,18,14,634,12,7,0,5,0,11,38,0,19,7,-0.34
3NPS.mut.533.D47A.WT,0,0,18,14,634,12,7,0,5,0,11,38,0,19,7,-1.08
3NPS.mut.534.D91A.WT,0,0,18,15,635,12,7,0,7,0,11,38,0,19,6,-1.52
3NPS.mut.535.E163A.WT,0,0,18,14,634,12,7,0,5,0,11,38,0,19,7,-0.62
3NPS.mut.536.F50A.WT,0,0,18,14,634,12,7,0,5,0,11,38,0,19,7,-0.22
3NPS.mut.537.F89A.WT,0,0,18,14,634,12,7,0,5,0,11,38,0,19,7,-1.61
3NPS.mut.538.F92A.WT,0,0,21,12,624,12,7,0,5,0,11,36,0,19,7,-0.47
3NPS.mut.539.H138A.WT,0,0,17,14,632,11,7,0,5,0,7,38,0,18,7,-1.89
3NPS.mut.540.I26A.WT,0,0,18,14,635,12,7,0,5,0,11,38,0,19,7,-0.65
3NPS.mut.541.I45A.WT,0,0,18,14,634,12,7,0,5,0,11,38,0,19,7,0.34
3NPS.mut.542.K221A.WT,0,0,18,14,635,11,7,0,5,0,11,38,0,19,7,0.1
3NPS.mut.543.L147A.WT,0,0,18,14,634,12,7,0,5,0,11,38,0,19,7,-0.3
3NPS.mut.544.N90A.WT,0,0,18,14,634,12,7,0,5,0,11,38,0,19,7,-0.26
3NPS.mut.545.Q140A.WT,0,0,18,14,635,12,7,0,5,0,11,38,0,19,7,-0.3
3NPS.mut.546.Q168A.WT,0,0,18,14,635,12,7,0,5,0,11,38,0,19,7,0.06
3NPS.mut.547.Q169A.WT,0,0,17,14,629,12,7,0,5,0,11,38,0,19,7,-0.75
3NPS.mut.548.Q218A.WT,0,0,18,14,632,12,7,0,5,0,11,38,0,19,7,0.04
3NPS.mut.549.Q23A.WT,0,0,18,14,634,12,7,0,5,0,11,38,0,19,7,-0.03
3NPS.mut.550.R219A.WT,0,0,18,14,634,12,7,0,5,0,11,38,0,19,7,0.08
3NPS.mut.551.R48A.WT,0,0,17,14,625,11,6,0,7,0,11,38,0,18,7,1.07
3NPS.mut.552.R51A.WT,0,0,18,14,634,12,7,0,5,0,11,38,0,19,7,-0.14
3NPS.mut.553.R82A.WT,0,0,18,14,634,12,7,0,5,0,11,38,0,19,7,0.15
3NPS.mut.554.T144A.WT,0,0,18,14,634,12,7,0,5,0,11,38,0,19,7,-0.18
3NPS.mut.555.T93A.WT,0,0,18,14,635,12,7,0,5,0,11,38,0,20,8,-0.73
3NPS.mut.556.Y141A.WT,0,0,20,12,629,12,6,0,5,0,9,37,0,20,6,-1.79
3NPS.mut.557.Y52A.WT,0,0,18,14,634,12,7,0,5,0,11,38,0,19,7,-0.46
HM_1KTZ.mut.558.D118A.WT,0,0,10,2,278,7,4,0,12,0,0,24,1,10,5,0.8
HM_1KTZ.mut.559.D32A.WT,0,0,7,2,251,6,2,0,6,0,0,24,1,7,4,1.5
HM_1KTZ.mut.560.D32N.WT,0,0,7,3,266,7,2,0,10,0,0,24,1,10,4,2.0
HM_1KTZ.mut.561.E119A.WT,0,0,7,2,248,6,1,0,8,0,0,24,1,8,3,1.5
HM_1KTZ.mut.562.E119Q.WT,0,0,7,2,252,6,1,0,10,0,0,24,1,9,3,1.6
HM_1KTZ.mut.563.E55A.WT,0,0,9,2,262,7,2,0,12,0,0,24,1,10,4,1.2
HM_1KTZ.mut.564.E75A.WT,0,0,9,2,265,7,2,0,12,0,0,24,1,10,4,1.1
HM_1KTZ.mut.565.F110A.WT,0,0,9,2,265,7,2,0,12,0,0,24,1,10,4,0.9
HM_1KTZ.mut.566.F30A.WT,0,0,15,6,248,7,2,0,12,0,0,28,1,10,4,3.0
HM_1KTZ.mut.567.H79A.WT,0,0,9,2,265,7,2,0,12,0,0,24,1,10,4,0.3
HM_1KTZ.mut.568.I125A.WT,0,0,9,2,265,7,2,0,12,0,0,24,1,10,4,0.5
HM_1KTZ.mut.569.I50A.WT,0,0,16,2,260,7,2,0,12,0,0,28,1,10,4,1.9
HM_1KTZ.mut.570.I53A.WT,0,0,9,3,253,7,3,0,12,0,0,19,0,10,5,1.4
HM_1KTZ.mut.571.L27A.WT,0,0,9,3,266,7,3,0,12,0,0,23,1,10,4,1.8
HM_1KTZ.mut.572.M112A.WT,0,0,9,2,265,7,2,0,12,0,0,24,1,10,4,0.9
HM_1KTZ.mut.573.N47A.WT,0,0,9,2,265,7,2,0,12,0,0,24,1,10,4,0.3
HM_1KTZ.mut.574.S49A.WT,0,0,9,1,266,6,2,0,12,0,0,24,1,9,4,0.3
HM_1KTZ.mut.575.S52A.WT,0,0,12,2,267,7,2,0,12,0,0,24,1,12,5,0.2
HM_1KTZ.mut.576.S52L.WT,0,0,14,4,261,6,2,0,12,0,0,24,1,11,6,4.0
HM_1KTZ.mut.577.T51A.WT,0,0,10,2,272,7,3,0,12,0,0,24,1,11,5,1.5
HM_1KTZ.mut.578.V62A.WT,0,0,9,2,265,7,2,0,12,0,0,24,1,10,4,0.7
HM_1KTZ.mut.579.V77A.WT,0,0,9,2,268,7,2,0,12,0,0,24,1,10,4,0.4
HM_1YY9.mut.580.A98W.WT,0,0,12,12,544,14,6,0,2,0,16,45,1,17,11,-0.23
HM_1YY9.mut.581.G33D.WT,0,0,12,12,544,14,6,0,2,0,16,45,1,17,11,-0.89
HM_1YY9.mut.582.I51G.WT,0,0,12,12,544,14,6,0,2,0,16,45,1,17,11,-0.51
HM_1YY9.mut.583.R97D.WT,0,0,12,12,544,14,6,0,2,0,16,45,1,17,11,-0.99
HM_1YY9.mut.584.T100Y.WT,0,0,13,12,544,14,6,0,2,0,16,45,1,17,11,-0.45
HM_1YY9.mut.585.T57G.WT,0,0,12,12,543,14,6,0,2,0,16,45,1,17,11,-0.46
HM_1YY9.mut.586.T57P.WT,0,0,12,12,544,14,6,0,2,0,16,45,1,17,11,-0.48
HM_1YY9.mut.587.V50L.WT,0,0,12,12,544,14,6,0,2,0,16,45,1,17,11,-0.6
HM_1YY9.mut.588.V50Q.WT,0,0,12,12,544,14,6,0,2,0,16,45,1,17,11,-0.64
HM_1YY9.mut.589.Y32R.WT,0,0,12,12,544,14,6,0,2,0,16,45,1,17,11,-0.13
HM_1YY9.mut.590.A25V.WT,0,0,12,12,544,14,6,0,2,0,16,45,1,17,11,-0.62
HM_1YY9.mut.591.G30Y.WT,0,0,12,12,544,14,6,0,2,0,16,45,1,17,11,-0.92
HM_1YY9.mut.592.Q27Y.WT,0,0,18,10,543,14,6,0,2,0,16,45,1,17,11,-0.83
HM_1YY9.mut.593.T97C.WT,0,0,12,12,544,14,6,0,2,0,16,45,1,17,11,-0.51
HM_1YY9.mut.594.T97D.WT,0,0,12,12,544,14,6,0,2,0,16,45,1,17,11,-0.66
HM_1YY9.mut.595.T97S.WT,0,0,12,12,544,14,6,0,2,0,16,45,1,17,11,-0.7
HM_2NYY.mut.596.D1062A_Repair.clean,0,0,31,24,621,16,8,0,7,0,6,41,1,27,22,-0.14
HM_2NYY.mut.597.D902A_Repair.clean,0,0,26,19,595,14,8,0,6,0,7,35,1,26,21,-0.49
HM_2NYY.mut.598.E920A_Repair.clean,0,0,24,17,579,13,8,0,7,0,7,45,1,23,15,0.5
HM_2NYY.mut.599.F953A_Repair.clean,0,0,31,22,618,15,9,0,4,0,8,41,1,24,22,1.53
HM_2NYY.mut.600.I917A_Repair.clean,0,0,23,21,574,16,8,0,6,0,7,34,1,27,17,0.95
HM_2NYY.mut.601.K915A_Repair.clean,0,0,24,26,651,16,10,0,7,0,7,43,1,28,22,-0.31
HM_2NYY.mut.602.K955A_Repair.clean,0,0,29,21,638,15,10,0,7,0,7,41,1,28,21,-0.5
HM_2NYY.mut.603.L919A_Repair.clean,0,0,25,20,584,15,10,0,5,0,7,33,1,25,19,0.41
HM_2NYY.mut.604.N918A_Repair.clean,0,0,24,23,593,16,9,0,6,0,7,43,1,25,16,0.3
HM_2NYY.mut.605.N957A_Repair.clean,0,0,29,23,635,16,8,0,7,0,7,41,1,28,22,0.01
HM_2NYY.mut.606.P1063A_Repair.clean,0,0,25,18,615,14,11,0,5,0,7,40,1,23,17,0.24
HM_2NYY.mut.607.R1061A_Repair.clean,0,0,27,24,634,14,10,0,6,0,7,43,1,27,23,0.58
HM_2NYY.mut.608.R1064A_Repair.clean,0,0,27,25,604,14,9,0,6,0,8,45,1,25,21,4.44
HM_2NYY.mut.609.R903A_Repair.clean,0,1,32,27,596,15,11,0,6,0,7,34,1,27,22,-0.02
HM_2NYY.mut.610.S954A_Repair.clean,0,0,27,19,590,14,7,0,3,0,7,41,1,23,21,-0.66
HM_2NYY.mut.611.T923A_Repair.clean,0,0,28,22,649,16,11,0,7,0,7,44,1,28,22,0.62
HM_2NYY.mut.612.K30R_Repair.clean,0,0,29,18,633,16,9,0,7,0,7,40,1,29,21,0.51
HM_2NYY.mut.613.M34Q_Repair.clean,0,0,29,22,650,16,11,0,7,0,7,44,1,28,24,-0.01
HM_2NYY.mut.614.Y31D_Repair.clean,0,0,25,21,572,14,9,0,5,0,7,34,1,26,21,0.97
HM_2NYY.mut.615.Y31Q_Repair.clean,0,0,27,19,620,16,7,0,6,0,7,44,1,27,19,1.33
HM_2NYY.mut.616.Y57Q_Repair.clean,0,0,26,19,637,14,12,0,7,0,7,44,1,27,19,1.19
HM_2NYY.mut.617.D30Y_Repair.clean,0,0,29,18,618,15,9,0,4,0,7,42,1,24,22,0.6
HM_2NYY.mut.618.H34R_Repair.clean,0,0,29,18,624,15,9,0,5,0,7,42,1,24,22,0.63
HM_2NYY.mut.619.S28Q_Repair.clean,0,0,29,21,637,15,10,0,7,0,7,41,1,28,21,0.7
HM_2NYY.mut.620.S31N_Repair.clean,0,0,33,15,630,15,9,0,4,0,3,41,1,25,25,1.2
HM_2NZ9.mut.621.D1062A_Repair.clean,0,1,40,16,585,19,7,0,6,0,12,45,1,29,20,-0.14
HM_2NZ9.mut.622.D902A_Repair.clean,0,0,40,12,580,17,8,0,2,0,11,41,1,27,20,-0.49
HM_2NZ9.mut.623.E920A_Repair.clean,0,0,35,12,577,13,8,0,6,0,10,41,1,24,16,0.5
HM_2NZ9.mut.624.F953A_Repair.clean,0,0,38,12,594,19,7,0,6,0,13,46,1,28,20,1.53
HM_2NZ9.mut.625.I917A_Repair.clean,0,0,35,10,583,20,9,0,6,0,11,42,1,29,19,0.95
HM_2NZ9.mut.626.K915A_Repair.clean,0,1,39,12,587,18,6,0,6,0,11,42,1,28,18,-0.31
HM_2NZ9.mut.627.K955A_Repair.clean,0,1,41,14,588,19,7,0,6,0,12,44,1,29,18,-0.5
HM_2NZ9.mut.628.L919A_Repair.clean,0,0,42,12,587,16,8,0,6,0,11,44,1,29,19,0.41
HM_2NZ9.mut.629.N918A_Repair.clean,0,0,41,12,591,19,8,0,4,0,11,43,1,28,18,0.3
HM_2NZ9.mut.630.N957A_Repair.clean,0,1,40,15,590,19,6,0,6,0,12,43,1,29,19,0.01
HM_2NZ9.mut.631.P1063A_Repair.clean,0,0,43,9,586,16,8,0,6,0,11,47,1,28,19,0.24
HM_2NZ9.mut.632.R1061A_Repair.clean,0,0,41,11,608,17,10,0,4,0,11,49,1,28,21,0.58
HM_2NZ9.mut.633.R1064A_Repair.clean,0,0,41,13,600,20,6,0,6,0,11,46,1,32,20,4.44
HM_2NZ9.mut.634.R903A_Repair.clean,0,0,38,9,577,17,10,0,4,0,11,38,1,27,19,-0.02
HM_2NZ9.mut.635.S954A_Repair.clean,0,1,39,13,590,18,7,0,6,0,11,44,1,28,19,-0.66
HM_2NZ9.mut.636.T923A_Repair.clean,0,1,40,13,588,17,7,0,6,0,11,44,1,28,18,0.62
HM_3BN9.mut.637.P100H.WT,0,0,20,9,666,9,9,0,0,0,4,36,0,17,15,1.36
HM_3BN9.mut.638.Q100AV_Repair.clean,0,0,20,12,590,12,9,0,2,0,4,36,0,19,19,0.41
HM_3BN9.mut.639.S30G.WT,0,0,19,8,668,8,9,0,0,0,4,36,0,17,16,0.71
HM_3BN9.mut.640.S30N.WT,0,0,19,9,666,9,9,0,0,0,4,36,0,17,17,0.71
HM_3BN9.mut.641.T28R.WT,0,0,18,11,665,9,9,0,0,0,4,35,0,17,15,-0.24
HM_3BN9.mut.642.T98Q.WT,0,0,22,9,666,9,8,0,0,0,4,37,0,17,16,-0.16
HM_3BN9.mut.643.T98R.WT,0,0,22,9,666,9,8,0,0,0,4,37,0,17,16,-1.57
HM_3BN9.mut.644.Y99S.WT,0,0,25,11,662,10,8,0,0,0,4,38,0,17,16,0.54
1AK4.mut.0.A488G,0,0,7,4,296,8,3,0,0,0,0,29,0,7,3,2.49
1AK4.mut.1.A488V,0,0,13,4,337,8,6,0,0,0,0,33,0,7,4,0.6
1AK4.mut.2.A492G,0,0,7,5,305,8,4,0,0,0,0,25,0,7,3,0.41
1AK4.mut.3.A492V,0,0,10,5,318,8,4,0,0,0,0,35,0,7,3,0.19
1AK4.mut.4.G489A,0,0,8,6,311,8,4,0,0,0,0,30,0,7,3,1.91
1AK4.mut.5.G489V,0,0,8,7,323,8,4,0,0,0,0,30,0,7,3,2.86
1AK4.mut.6.H487A,0,0,7,4,283,6,4,0,0,0,0,30,0,5,3,0.84
1AK4.mut.7.H487Q,0,0,7,4,295,7,4,0,0,0,0,30,0,6,3,0.8
1AK4.mut.8.H487R,0,0,7,4,297,6,4,0,0,0,0,30,0,5,3,1.48
1AK4.mut.9.I491A,0,0,7,5,312,8,4,0,0,0,0,30,0,7,3,0.07
1AK4.mut.10.I491V,0,0,7,5,312,8,4,0,0,0,0,30,0,7,3,-0.17
1AK4.mut.11.P485A,0,0,7,6,309,8,4,0,0,0,0,29,0,7,3,0.92
1AK4.mut.12.P490A,0,0,6,6,274,8,4,0,0,0,0,19,0,7,5,2.0
1AK4.mut.13.P490V,0,0,14,7,301,8,5,0,0,0,0,42,0,7,4,2.86
1AK4.mut.14.P493A,0,0,7,3,300,8,4,0,0,0,0,28,0,7,3,0.51
1AK4.mut.15.V486A,0,0,7,5,309,8,4,0,0,0,0,29,0,7,3,0.82
1BJ1.mut.16.F17A,0,0,15,10,739,11,10,0,0,0,11,28,1,13,14,-0.0
1BJ1.mut.17.Y21A,0,0,15,10,746,11,10,0,0,0,11,28,1,13,14,-0.0
1BJ1.mut.18.E93A,0,0,14,10,732,11,9,0,0,0,11,26,1,13,14,0.82
1BJ1.mut.19.G88A,0,0,22,11,767,11,11,0,0,0,11,39,1,13,14,2.76
1BJ1.mut.20.G92A,0,0,20,10,766,11,11,0,0,0,11,33,1,13,14,3.69
1BJ1.mut.21.H86A,0,0,16,10,754,11,10,0,0,0,11,29,1,13,14,-0.0
1BJ1.mut.22.H90A,0,0,14,7,685,10,10,0,0,0,0,28,1,11,11,-0.0
1BJ1.mut.23.I80A,0,0,15,10,751,11,10,0,0,0,11,28,1,13,13,0.82
1BJ1.mut.24.I83A,0,0,15,10,745,11,10,0,0,0,11,28,1,13,14,3.69
1BJ1.mut.25.I91A,0,0,15,9,728,11,10,0,0,0,11,23,1,13,15,0.41
1BJ1.mut.26.K48A,0,0,15,10,741,11,10,0,0,0,11,25,1,13,14,0.41
1BJ1.mut.27.K84A,0,0,15,10,746,11,10,0,0,0,11,28,1,13,14,0.65
1BJ1.mut.28.M81A,0,0,15,10,729,11,10,0,0,0,11,22,1,13,14,3.69
1BJ1.mut.29.M94A,0,0,15,10,745,10,9,0,0,0,11,27,1,13,13,1.42
1BJ1.mut.30.Q79A,0,0,15,10,744,11,10,0,0,0,11,28,1,13,14,-0.0
1BJ1.mut.31.Q87A,0,0,15,10,724,11,10,0,0,0,11,26,1,13,15,-0.0
1BJ1.mut.32.Q89A,0,0,13,8,668,10,10,0,0,0,11,28,1,12,14,1.75
1BJ1.mut.33.R82A,0,0,14,10,704,10,10,0,0,0,11,27,1,11,12,3.69
1BJ1.mut.34.Y45A,0,0,15,10,739,11,9,0,0,0,11,28,1,13,13,0.82
1CZ8.mut.35.F17A,0,0,27,14,814,14,15,0,0,0,14,41,1,16,20,-0.0
1CZ8.mut.36.Y21A,0,0,27,15,822,14,15,0,0,0,16,41,1,16,20,-0.0
1CZ8.mut.37.E93A,0,0,26,15,803,13,14,0,0,0,16,37,1,15,19,1.15
1CZ8.mut.38.G88A,0,0,34,16,837,14,16,0,0,0,16,54,1,16,22,2.67
1CZ8.mut.39.G92A,0,0,31,16,836,14,15,0,0,0,16,51,1,17,20,4.1
1CZ8.mut.40.H86A,0,0,30,15,825,14,15,0,0,0,16,42,1,16,20,-0.0
1CZ8.mut.41.H90A,0,0,24,12,752,12,14,0,0,0,2,42,1,14,17,-0.0
1CZ8.mut.42.I80A,0,0,27,15,825,14,15,0,0,0,16,41,1,16,20,0.95
1CZ8.mut.43.I83A,0,0,27,15,820,14,15,0,0,0,16,41,1,16,20,1.3
1CZ8.mut.44.I91A,0,0,25,15,802,14,12,0,0,0,16,33,1,16,17,1.06
1CZ8.mut.45.K48A,0,0,27,15,817,14,15,0,0,0,16,37,1,16,20,-0.0
1CZ8.mut.46.K84A,0,0,27,15,825,14,15,0,0,0,16,41,1,16,20,1.36
1CZ8.mut.47.M81A,0,0,27,15,800,14,15,0,0,0,16,34,1,16,20,4.1
1CZ8.mut.48.M94A,0,0,27,15,817,13,14,0,0,0,16,40,1,16,20,1.91
1CZ8.mut.49.Q79A,0,0,25,15,819,13,15,0,0,0,16,40,1,15,19,0.65
1CZ8.mut.50.Q87A,0,0,27,15,801,14,16,0,0,0,16,39,1,15,21,-0.0
1CZ8.mut.51.Q89A,0,0,25,13,739,12,14,0,0,0,16,41,1,15,20,1.06
1CZ8.mut.52.R82A,0,0,26,14,784,13,14,0,0,0,16,39,1,14,18,0.82
1CZ8.mut.53.Y45A,0,0,27,15,811,14,13,0,0,0,16,41,1,16,20,1.94
1DQJ.mut.54.D101A,0,0,13,6,538,10,7,0,1,0,4,26,0,14,10,1.3
1DQJ.mut.55.K96A,0,0,18,7,558,13,7,0,1,0,4,24,0,19,16,6.1
1DQJ.mut.56.K97A,0,0,18,8,542,12,7,0,0,0,4,18,0,18,15,3.5
1DQJ.mut.57.L75A,0,0,20,7,564,13,7,0,1,0,4,24,0,19,16,1.5
1DQJ.mut.58.N93A,0,0,19,7,557,12,7,0,1,0,4,26,0,18,16,0.6
1DQJ.mut.59.R21A,0,0,19,6,529,11,7,0,1,0,4,26,0,16,15,1.3
1DQJ.mut.60.S100A,0,0,21,7,571,13,6,0,1,0,4,29,0,19,14,0.8
1DQJ.mut.61.T89A,0,0,20,7,582,13,7,0,1,0,4,26,0,19,16,0.8
1DQJ.mut.62.W62A,0,0,20,7,575,13,7,0,1,0,3,23,0,19,16,0.8
1DQJ.mut.63.W63A,0,0,20,7,563,13,7,0,1,0,1,20,0,19,15,1.3
1DQJ.mut.64.Y20A,0,0,20,7,547,13,6,0,1,0,4,26,0,19,16,3.3
1DQJ.mut.65.D32A,0,0,19,7,572,12,7,0,0,0,4,26,0,18,15,2.0
1DQJ.mut.66.W98A,0,0,20,7,543,13,6,0,1,0,4,19,0,19,15,4.9
1DQJ.mut.67.Y33A,0,0,17,7,519,12,6,0,1,0,4,22,0,18,14,5.5
1DQJ.mut.68.Y50A,0,0,18,7,563,11,6,0,1,0,4,26,0,16,15,6.9
1DQJ.mut.69.Y53A,0,0,18,6,529,11,7,0,1,0,0,15,0,18,13,1.2
1DQJ.mut.70.N31A,0,0,19,5,564,13,7,0,1,0,4,26,0,18,16,2.0
1DQJ.mut.71.N32A,0,0,19,7,554,13,6,0,1,0,4,26,0,19,16,4.1
1DQJ.mut.72.S91A,0,0,20,7,583,13,7,0,1,0,4,27,0,19,16,1.4
1DQJ.mut.73.Y50A,0,0,20,7,544,13,7,0,1,0,4,23,0,19,16,2.7
1DQJ.mut.74.Y96A,0,0,20,7,573,13,7,0,1,0,4,26,0,18,16,1.1
1DVF.mut.75.H30A,0,0,13,4,485,12,5,0,4,0,3,16,1,14,9,1.67
1DVF.mut.76.S93A,0,0,13,4,491,12,5,0,4,0,3,16,1,14,9,1.17
1DVF.mut.77.W92A,0,0,12,4,459,12,5,0,4,0,3,15,1,14,8,0.34
1DVF.mut.78.Y32A,0,0,13,4,472,12,5,0,4,0,3,16,1,14,8,2.05
1DVF.mut.79.Y49A,0,0,12,4,485,11,5,0,4,0,3,16,1,13,9,1.64
1DVF.mut.80.Y49A,0,0,12,4,485,11,5,0,4,0,3,16,1,13,9,1.75
1DVF.mut.81.Y50A,0,0,13,3,480,12,5,0,4,0,3,16,1,13,9,0.69
1DVF.mut.82.D100A,0,0,12,4,479,12,5,0,0,0,3,16,1,13,9,2.82
1DVF.mut.83.D54A,0,0,12,4,454,12,5,0,4,0,3,15,1,12,9,4.32
1DVF.mut.84.D58A,0,0,13,4,484,10,5,0,4,0,3,16,1,12,9,1.62
1DVF.mut.85.E98A,0,0,12,4,479,11,5,0,4,0,3,16,1,13,8,4.23
1DVF.mut.86.N56A,0,0,12,4,467,11,5,0,4,0,3,16,1,14,9,1.17
1DVF.mut.87.R99A,0,0,13,4,475,11,5,0,4,0,3,16,1,13,9,1.89
1DVF.mut.88.T30A,0,0,12,3,485,12,4,0,4,0,3,17,0,14,8,0.92
1DVF.mut.89.W52A,0,0,12,4,413,12,5,0,4,0,0,7,1,14,8,4.17
1DVF.mut.90.Y101F,0,0,13,3,475,11,5,0,4,0,3,16,1,13,6,2.03
1DVF.mut.91.Y32A,0,0,13,4,485,12,5,0,4,0,3,16,1,14,9,1.85
1DVF.mut.92.Y49A,0,0,12,4,480,12,5,0,4,0,3,16,1,13,9,1.88
1DVF.mut.93.D52A,0,0,13,4,485,12,5,0,4,0,3,16,1,14,9,1.7
1DVF.mut.94.H33A,0,0,12,4,480,12,5,0,0,0,3,16,1,13,9,1.88
1DVF.mut.95.I101A,0,0,12,4,474,12,3,0,4,0,3,15,1,14,8,2.71
1DVF.mut.96.K30A,0,0,13,4,491,11,5,0,4,0,3,16,1,14,9,1.01
1DVF.mut.97.N55A,0,0,12,4,480,11,5,0,4,0,3,16,1,13,9,1.88
1DVF.mut.98.Q104A,0,0,11,5,447,10,5,0,4,0,3,14,1,12,9,1.64
1DVF.mut.99.R106A,0,0,12,4,440,11,4,0,4,0,3,16,1,13,7,4.13
1DVF.mut.100.Y102A,0,0,12,3,394,11,3,0,4,0,0,10,1,13,7,4.79
1FFW.mut.101.A90V,0,0,10,6,268,6,5,0,4,0,2,23,0,8,6,0.09
1FFW.mut.102.D13K,0,0,10,5,261,6,6,0,4,0,2,23,0,8,6,0.05
1FFW.mut.103.E117K,0,0,10,5,261,6,6,0,4,0,2,23,0,8,6,0.71
1FFW.mut.104.E93K,0,0,10,5,261,6,6,0,4,0,2,23,0,8,6,0.82
1FFW.mut.105.F111V,0,0,10,5,261,6,6,0,4,0,2,23,0,8,6,1.26
1FFW.mut.106.T112I,0,0,10,5,261,6,6,0,4,0,2,23,0,8,6,0.56
1FFW.mut.107.T87I,0,0,10,5,261,6,6,0,4,0,2,23,0,8,6,-0.32
1FFW.mut.108.V108M,0,0,10,5,261,6,6,0,4,0,2,23,0,8,6,1.13
1FFW.mut.109.Y106W,0,0,13,5,264,6,6,0,4,0,2,26,0,6,9,0.71
1JRH.mut.110.E45Q,0,0,13,11,572,16,14,0,5,0,9,33,0,21,15,0.11
1JRH.mut.111.T14V,0,0,13,11,572,16,14,0,5,0,9,33,0,21,15,-0.02
1JTG.mut.112.K234A,0,0,17,8,680,11,8,0,6,0,3,54,0,20,18,0.82
1JTG.mut.113.R243A,0,0,16,9,672,11,8,0,5,0,3,54,0,20,18,0.56
1JTG.mut.114.S130A,0,0,16,9,677,12,8,0,7,0,3,55,0,20,18,0.5
1JTG.mut.115.S235A,0,0,16,7,680,10,8,0,7,0,3,54,0,19,19,1.32
1JTG.mut.116.D49A,0,0,14,6,627,8,9,0,4,0,3,53,0,16,17,1.98
1KTZ.mut.117.D118A,0,0,9,2,266,7,2,0,12,0,0,24,1,10,4,0.9
1KTZ.mut.118.D32A,0,0,7,2,251,6,2,0,6,0,0,24,1,7,4,1.4
1KTZ.mut.119.D32N,0,0,7,2,254,6,2,0,6,0,0,24,1,7,4,1.7
1KTZ.mut.120.E119A,0,0,7,2,243,5,1,0,6,0,0,24,1,8,3,1.4
1KTZ.mut.121.E119Q,0,0,8,3,262,5,1,0,6,0,0,24,1,8,3,1.7
1KTZ.mut.122.E55A,0,0,9,2,261,7,2,0,12,0,0,24,1,10,4,1.3
1KTZ.mut.123.E75A,0,0,9,2,265,7,2,0,12,0,0,24,1,10,4,1.0
1KTZ.mut.124.F110A,0,0,9,2,265,7,2,0,12,0,0,24,1,10,4,0.9
1KTZ.mut.125.F30A,0,0,9,2,216,7,2,0,12,0,0,21,1,10,4,2.9
1KTZ.mut.126.H79A,0,0,9,2,265,7,2,0,12,0,0,24,1,10,4,0.4
1KTZ.mut.127.I125A,0,0,9,2,265,7,2,0,12,0,0,24,1,10,4,0.5
1KTZ.mut.128.I50A,0,0,9,2,246,7,2,0,12,0,0,18,1,10,4,1.9
1KTZ.mut.129.I53A,0,0,8,3,244,7,2,0,12,0,0,16,0,10,4,1.2
1KTZ.mut.130.L27A,0,0,9,2,248,7,2,0,12,0,0,20,1,10,4,1.9
1KTZ.mut.131.M112A,0,0,9,2,265,7,2,0,12,0,0,24,1,10,4,0.8
1KTZ.mut.132.N47A,0,0,9,2,265,7,2,0,12,0,0,24,1,10,4,0.3
1KTZ.mut.133.S49A,0,0,8,1,264,6,2,0,12,0,0,24,1,9,4,0.5
1KTZ.mut.134.S52A,0,0,8,2,255,6,2,0,12,0,0,24,1,8,3,0.4
1KTZ.mut.135.S52L,0,0,10,5,276,6,3,0,12,0,0,27,1,8,6,3.7
1KTZ.mut.136.T51A,0,0,9,2,257,7,2,0,12,0,0,24,1,10,4,1.3
1KTZ.mut.137.V62A,0,0,9,2,265,7,2,0,12,0,0,24,1,10,4,0.7
1KTZ.mut.138.V77A,0,0,9,2,265,7,2,0,12,0,0,24,1,10,4,0.5
1MHP.mut.139.F99W,0,0,21,15,560,4,8,0,2,0,9,17,0,14,12,-0.0
1MHP.mut.140.F99Y,0,0,21,15,560,4,8,0,2,0,9,17,0,14,12,0.76
1MHP.mut.141.G100F,0,0,23,18,598,4,10,0,2,0,11,17,0,14,16,0.57
1MHP.mut.142.G100I,0,0,21,17,577,4,8,0,2,0,9,17,0,14,13,8.0
1MHP.mut.143.G100L,0,0,21,17,569,4,8,0,2,0,9,17,0,14,14,2.73
1MHP.mut.144.G100M,0,0,21,17,576,4,9,0,2,0,9,17,0,14,14,0.1
1MHP.mut.145.G100S,0,0,21,17,560,4,8,0,2,0,9,17,0,14,14,0.56
1MHP.mut.146.G100V,0,0,21,17,566,4,8,0,2,0,9,17,0,14,14,8.0
1MHP.mut.147.G102S,0,0,21,15,559,4,8,0,2,0,9,17,0,14,12,8.0
1MHP.mut.148.G53A,0,0,23,14,565,4,7,0,2,0,9,20,0,14,11,0.51
1MHP.mut.149.G53N,0,0,25,16,601,5,9,0,2,0,9,20,0,15,12,1.26
1MHP.mut.150.G53Q,0,0,25,14,575,4,8,0,2,0,9,22,0,14,11,8.0
1MHP.mut.151.G53S,0,0,23,15,575,4,8,0,2,0,9,17,0,14,12,0.68
1MHP.mut.152.G53W,0,0,27,14,581,4,7,0,2,0,17,23,0,14,11,8.0
1MHP.mut.153.G54I,0,0,21,15,575,4,8,0,2,0,9,18,0,14,12,1.36
1MHP.mut.154.G54M,0,0,21,16,576,5,8,0,2,0,9,18,0,14,12,8.0
1MHP.mut.155.G54N,0,0,25,16,592,6,9,0,2,0,9,17,0,16,13,8.0
1MHP.mut.156.G54T,0,0,22,16,574,5,8,0,2,0,9,17,0,15,12,1.17
1MHP.mut.157.G54Y,0,0,21,16,579,4,8,0,2,0,9,17,0,14,12,-0.0
1MHP.mut.158.H56Y,0,0,20,14,551,4,8,0,2,0,9,17,0,13,13,8.0
1MHP.mut.159.K64D,0,0,21,15,560,4,8,0,2,0,9,17,0,14,12,-0.12
1MHP.mut.160.K64E,0,0,21,15,560,4,8,0,2,0,9,17,0,14,12,-0.16
1MHP.mut.161.K64N,0,0,21,15,560,4,8,0,2,0,9,17,0,14,12,-0.07
1MHP.mut.162.K64Q,0,0,21,15,560,4,8,0,2,0,9,17,0,14,12,-0.16
1MHP.mut.163.L60D,0,0,21,15,560,4,8,0,2,0,9,17,0,14,12,-0.12
1MHP.mut.164.R31Q,0,0,21,15,560,4,8,0,2,0,9,17,0,14,12,1.31
1MHP.mut.165.S35A,0,0,21,15,560,4,8,0,2,0,9,17,0,14,12,1.58
1MHP.mut.166.S35Q,0,0,21,15,560,4,8,0,2,0,9,17,0,14,12,2.73
1MHP.mut.167.S35V,0,0,21,15,560,4,8,0,2,0,9,17,0,14,12,8.0
1MHP.mut.168.S52M,0,0,26,17,586,5,10,0,2,0,9,20,0,14,15,2.08
1MHP.mut.169.S52T,0,0,24,16,567,4,8,0,2,0,9,17,0,16,14,8.0
1MHP.mut.170.T33N,0,0,21,15,557,4,8,0,2,0,9,16,0,14,12,2.73
1MHP.mut.171.T33Q,0,0,26,16,571,5,8,0,2,0,9,17,0,15,12,8.0
1MHP.mut.172.T33V,0,0,21,15,554,4,8,0,2,0,9,16,0,14,12,0.43
1MHP.mut.173.T50E,0,0,23,15,575,4,9,0,2,0,9,17,0,14,13,8.0
1MHP.mut.174.T50Q,0,0,23,15,569,5,8,0,2,0,9,17,0,15,12,8.0
1MHP.mut.175.T50V,0,0,21,15,561,4,8,0,2,0,9,17,0,14,12,-0.26
1MHP.mut.176.Y58E,0,0,19,13,521,3,8,0,2,0,9,13,0,12,10,2.08
1MHP.mut.177.Y58Q,0,0,19,13,519,3,8,0,2,0,9,13,0,12,10,2.08
1MHP.mut.178.Y58W,0,0,20,16,571,3,9,0,2,0,9,15,0,12,11,0.82
1MHP.mut.179.Y59E,0,0,21,15,560,4,8,0,2,0,9,17,0,14,12,0.54
1MHP.mut.180.G92Q,0,0,21,15,563,4,8,0,2,0,9,17,0,14,12,1.58
1MHP.mut.181.G92S,0,0,21,15,563,4,8,0,2,0,9,17,0,14,12,0.51
1MHP.mut.182.H31K,0,0,21,15,560,4,8,0,2,0,9,17,0,14,12,1.17
1MHP.mut.183.H31R,0,0,21,15,559,4,8,0,2,0,9,17,0,14,12,1.12
1MHP.mut.184.H31W,0,0,21,15,558,4,8,0,2,0,9,17,0,14,12,1.26
1MHP.mut.185.L49F,0,0,25,16,575,4,8,0,2,0,9,19,0,14,16,0.71
1MHP.mut.186.L49K,0,0,21,15,567,4,9,0,3,0,9,17,0,14,13,0.93
1MHP.mut.187.L49W,0,0,24,16,581,4,8,0,2,0,9,20,0,14,15,1.91
1MHP.mut.188.L49Y,0,0,22,16,570,4,8,0,2,0,9,17,0,14,13,8.0
1MHP.mut.189.N30K,0,0,22,15,562,5,8,0,2,0,9,19,0,15,15,8.0
1MHP.mut.190.N30V,0,0,25,15,543,4,9,0,2,0,9,21,0,14,13,1.05
1MHP.mut.191.N30W,0,0,33,13,621,5,7,0,2,0,11,19,0,16,14,1.58
1MHP.mut.192.N30Y,0,0,24,14,607,5,9,0,2,0,10,18,0,15,15,1.91
1MHP.mut.193.N52D,0,0,21,15,560,4,8,0,2,0,9,17,0,14,12,0.5
1MHP.mut.194.N52E,0,0,21,15,560,4,8,0,2,0,9,17,0,14,12,-0.18
1MHP.mut.195.N52K,0,0,21,15,560,4,8,0,2,0,9,17,0,14,12,0.66
1MHP.mut.196.N52R,0,0,21,15,560,4,8,0,2,0,9,17,0,14,12,0.85
1MHP.mut.197.N52Y,0,0,21,15,566,4,8,0,2,0,9,17,0,14,12,-0.1
1MHP.mut.198.N93D,0,0,21,14,559,5,8,0,8,0,9,17,0,17,12,8.0
1MHP.mut.199.S24R,0,0,21,15,560,4,8,0,2,0,9,17,0,14,12,-0.07
1MHP.mut.200.S28Q,0,0,21,15,579,4,8,0,2,0,9,18,0,14,12,-0.67
1MHP.mut.201.S91K,0,0,22,15,564,4,7,0,2,0,9,17,0,14,12,8.0
1MHP.mut.202.S91Q,0,0,21,16,571,5,7,0,2,0,9,17,0,15,12,1.78
1MHP.mut.203.S91R,0,0,22,15,563,4,7,0,2,0,9,17,0,14,12,2.73
1MHP.mut.204.S91T,0,0,22,16,567,4,8,0,2,0,9,17,0,14,12,2.32
1MHP.mut.205.S91W,0,0,23,16,576,4,7,0,2,0,9,17,0,15,12,8.0
1MHP.mut.206.W90Q,0,0,20,15,546,4,8,0,2,0,0,17,0,13,11,2.08
1MLC.mut.207.K65D,0,0,12,4,438,8,4,0,11,0,2,18,1,13,5,0.02
1MLC.mut.208.S57A,0,0,12,4,435,8,4,0,11,0,2,19,1,12,5,-0.38
1MLC.mut.209.S57V,0,0,15,5,448,8,4,0,11,0,2,24,1,12,7,-0.49
1MLC.mut.210.T28D,0,0,12,4,438,8,4,0,11,0,2,18,1,13,5,-0.15
1MLC.mut.211.T31A,0,0,12,4,431,8,4,0,11,0,2,18,1,13,5,0.45
1MLC.mut.212.T31V,0,0,12,4,440,8,4,0,11,0,2,21,1,13,5,0.53
1MLC.mut.213.T31W,0,0,14,5,464,8,4,0,11,0,2,18,1,13,5,0.13
1MLC.mut.214.T58D,0,0,12,4,436,8,4,0,11,0,2,18,1,13,5,-0.56
1MLC.mut.215.N32G,0,0,12,4,430,8,4,0,11,0,2,18,1,13,5,-0.85
1MLC.mut.216.N32Y,0,0,14,5,454,8,4,0,11,0,2,25,1,13,5,-0.0
1MLC.mut.217.N92A,0,0,11,4,419,7,4,0,11,0,2,18,1,12,4,-1.25
1N8Z.mut.218.D31A,0,0,9,7,387,5,2,0,6,0,10,45,1,6,10,0.25
1N8Z.mut.219.D98A,0,0,9,7,387,5,2,0,6,0,10,45,1,6,10,1.21
1N8Z.mut.220.D98W,0,0,10,7,398,5,2,0,6,0,10,50,1,6,10,-0.69
1N8Z.mut.221.F100A,0,0,9,7,387,5,2,0,6,0,10,45,1,6,10,1.17
1N8Z.mut.222.K30A,0,0,9,7,387,5,2,0,6,0,10,45,1,6,10,0.61
1N8Z.mut.223.N54A,0,0,9,7,387,5,2,0,6,0,10,45,1,6,10,-0.15
1N8Z.mut.224.R50A,0,0,8,6,368,2,2,0,2,0,10,45,1,4,10,8.0
1N8Z.mut.225.T32A,0,0,9,7,387,5,2,0,6,0,10,45,1,6,10,0.38
1N8Z.mut.226.T53A,0,0,9,7,387,5,2,0,6,0,10,45,1,6,10,0.78
1N8Z.mut.227.W95A,0,0,9,7,376,5,2,0,6,0,10,41,1,6,10,8.0
1N8Z.mut.228.Y100AA,0,0,9,5,341,5,1,0,6,0,2,34,1,6,9,8.0
1N8Z.mut.229.Y100AF,0,0,13,6,394,5,2,0,6,0,7,43,1,6,13,-0.05
1N8Z.mut.230.Y100AF,0,0,13,6,394,5,2,0,6,0,7,43,1,6,13,0.82
1N8Z.mut.231.Y102V,0,0,9,7,387,5,2,0,6,0,10,45,1,6,10,0.22
1N8Z.mut.232.Y33A,0,0,9,7,366,5,2,0,6,0,8,42,1,6,9,-0.09
1N8Z.mut.233.Y52A,0,0,9,7,385,5,2,0,6,0,10,45,1,6,10,0.23
1N8Z.mut.234.Y56A,0,0,9,7,356,5,2,0,6,0,10,35,1,6,10,0.87
1N8Z.mut.235.D28N,0,0,9,7,384,5,2,0,6,0,10,45,1,6,10,-0.28
1N8Z.mut.236.F53N,0,0,9,7,354,5,3,0,6,0,10,37,1,6,10,1.21
1N8Z.mut.237.H91A,0,0,8,6,378,5,3,0,6,0,10,45,0,5,8,8.0
1N8Z.mut.238.H91F,0,0,8,6,380,5,3,0,6,0,10,45,0,5,8,-0.43
1N8Z.mut.239.H91F,0,0,8,6,380,5,3,0,6,0,10,45,0,5,8,0.03
1N8Z.mut.240.N30A,0,0,8,6,362,5,2,0,6,0,10,45,1,6,10,1.12
1N8Z.mut.241.N30S,0,0,8,6,365,5,2,0,6,0,10,45,1,6,10,0.06
1N8Z.mut.242.R66G,0,0,9,7,387,5,2,0,6,0,10,45,1,6,10,0.22
1N8Z.mut.243.S50A,0,0,9,7,384,5,2,0,6,0,10,46,1,6,10,-0.07
1N8Z.mut.244.S52A,0,0,9,7,387,5,2,0,6,0,10,45,1,6,10,-0.31
1N8Z.mut.245.T31A,0,0,8,7,382,5,2,0,6,0,10,45,1,6,10,0.8
1N8Z.mut.246.T93A,0,0,9,7,387,5,2,0,6,0,10,45,1,6,10,0.82
1N8Z.mut.247.T94A,0,0,8,7,378,5,2,0,6,0,10,45,1,5,9,-0.12
1N8Z.mut.248.T94S,0,0,8,7,378,5,2,0,6,0,10,45,1,5,10,0.31
1N8Z.mut.249.Y49A,0,0,9,7,385,5,2,0,6,0,10,45,1,6,10,1.05
1N8Z.mut.250.Y92A,0,0,9,6,369,4,2,0,6,0,10,39,1,5,11,1.36
1N8Z.mut.251.Y92F,0,0,9,6,387,4,2,0,6,0,10,46,1,5,11,-0.21
1VFB.mut.252.D119A,0,0,11,3,387,12,5,0,0,0,0,20,0,16,4,1.0
1VFB.mut.253.D18A,0,0,11,3,392,13,6,0,0,0,0,20,0,15,4,0.3
1VFB.mut.254.I124A,0,0,12,3,397,13,6,0,0,0,0,18,0,17,4,1.2
1VFB.mut.255.K116A,0,0,12,3,385,12,4,0,0,0,0,20,0,16,4,0.7
1VFB.mut.256.L129A,0,0,12,3,398,12,6,0,0,0,0,20,0,16,4,0.2
1VFB.mut.257.N19A,0,0,11,3,381,12,6,0,0,0,0,20,0,16,4,0.3
1VFB.mut.258.Q121A,0,0,10,2,337,12,6,0,0,0,0,18,0,16,4,2.9
1VFB.mut.259.R125A,0,0,12,3,374,13,6,0,0,0,0,17,0,17,4,1.8
1VFB.mut.260.S24A,0,0,11,3,393,13,6,0,0,0,0,21,0,16,4,0.8
1VFB.mut.261.T118A,0,0,12,3,399,13,6,0,0,0,0,19,0,17,4,0.8
1VFB.mut.262.V120A,0,0,12,4,401,14,6,0,0,0,0,19,0,17,4,0.9
1VFB.mut.263.Y23A,0,0,12,3,400,13,6,0,0,0,0,20,0,17,4,0.4
1VFB.mut.264.D100A,0,0,9,2,372,10,5,0,0,0,0,20,0,13,3,2.9
1VFB.mut.265.D54A,0,0,12,3,392,13,6,0,0,0,0,20,0,17,4,1.0
1VFB.mut.266.D58E,0,0,12,3,404,13,6,0,0,0,0,20,0,17,4,0.08
1VFB.mut.267.D58N,0,0,12,3,404,13,6,0,0,0,0,20,0,17,4,-0.13
1VFB.mut.268.G31A,0,0,13,3,407,13,5,0,0,0,0,22,0,18,5,0.3
1VFB.mut.269.G31E,0,0,14,3,424,14,6,0,1,0,0,23,0,19,6,-0.51
1VFB.mut.270.G31W,0,0,14,4,446,13,5,0,0,0,0,27,0,18,6,0.01
1VFB.mut.271.R99W,0,0,11,3,404,12,6,0,0,0,0,20,0,16,4,0.71
1VFB.mut.272.R99Y,0,0,11,3,404,12,6,0,0,0,0,20,0,17,5,1.26
1VFB.mut.273.S28D,0,0,12,3,404,13,6,0,0,0,0,20,0,17,4,-0.0
1VFB.mut.274.S28E,0,0,12,3,404,13,6,0,0,0,0,20,0,17,4,-0.1
1VFB.mut.275.S28N,0,0,12,3,404,13,6,0,0,0,0,20,0,17,4,0.15
1VFB.mut.276.S28Q,0,0,12,3,404,13,6,0,0,0,0,20,0,17,4,0.08
1VFB.mut.277.W52A,0,0,12,3,356,13,6,0,0,0,0,15,0,17,5,0.9
1VFB.mut.278.Y101A,0,0,10,1,347,11,5,0,0,0,0,17,0,14,2,4.0
1VFB.mut.279.Y101F,0,0,11,1,381,11,6,0,0,0,0,23,0,14,2,1.6
1VFB.mut.280.Y32A,0,0,12,3,394,12,6,0,0,0,0,20,0,16,4,1.1
1VFB.mut.281.Y32E,0,0,12,3,398,12,6,0,1,0,0,20,0,16,4,1.91
1VFB.mut.282.L46D,0,0,12,3,404,13,6,0,0,0,0,20,0,17,4,8.0
1VFB.mut.283.L46E,0,0,12,3,404,13,6,0,0,0,0,20,0,17,4,8.0
1VFB.mut.284.N31W,0,0,12,3,411,13,6,0,0,0,0,20,0,17,4,0.17
1VFB.mut.285.T52F,0,0,12,3,404,13,6,0,0,0,0,20,0,17,4,0.47
1VFB.mut.286.T53R,0,0,11,3,401,12,6,0,0,0,0,20,0,16,4,1.67
1VFB.mut.287.W92A,0,0,12,3,367,13,6,0,0,0,0,11,0,17,4,3.3
1VFB.mut.288.Y32A,0,0,12,3,370,13,5,0,0,0,0,20,0,17,4,1.7
1VFB.mut.289.Y32W,0,0,12,3,402,13,5,0,0,0,0,23,0,17,4,8.0
1VFB.mut.290.Y50A,0,0,11,3,381,13,6,0,0,0,0,18,0,15,4,0.5
1VFB.mut.291.Y50K,0,0,11,3,405,14,6,0,1,0,0,19,0,16,4,1.67
1VFB.mut.292.Y50R,0,0,11,3,417,13,6,0,5,0,0,18,0,15,4,0.85
1YY9.mut.293.N56A,0,0,16,7,486,11,7,0,3,0,18,45,1,12,11,-0.06
1YY9.mut.294.T61E,0,0,16,8,500,11,8,0,3,0,18,45,1,12,12,-0.06
1YY9.mut.295.N93A,0,0,16,8,490,11,8,0,3,0,18,45,1,12,11,-0.74
1YY9.mut.296.S26D,0,0,16,8,500,11,8,0,3,0,18,45,1,12,12,-0.2
1YY9.mut.297.T31E,0,0,16,8,500,11,8,0,3,0,18,45,1,12,12,-0.52
2JEL.mut.298.A82S,0,0,11,5,458,10,8,0,2,0,2,32,0,10,11,-0.0
2JEL.mut.299.D69E,0,0,11,5,458,10,8,0,2,0,2,32,0,10,11,0.96
2JEL.mut.300.E5D,0,0,11,5,458,10,8,0,2,0,2,32,0,10,11,0.41
2JEL.mut.301.E5Q,0,0,11,5,458,10,8,0,2,0,2,32,0,10,11,0.72
2JEL.mut.302.E66K,0,0,8,5,428,8,6,0,0,0,2,32,0,7,8,4.13
2JEL.mut.303.E68A,0,0,11,5,451,10,7,0,2,0,2,32,0,10,10,0.41
2JEL.mut.304.E70A,0,0,11,4,428,8,7,0,2,0,2,31,0,9,11,2.75
2JEL.mut.305.E70K,0,0,11,5,462,9,7,0,2,0,2,33,0,10,12,4.13
2JEL.mut.306.E75R,0,0,12,4,462,10,8,0,2,0,2,32,0,12,10,2.75
2JEL.mut.307.E83A,0,0,11,5,458,10,8,0,2,0,2,32,0,10,11,-0.0
2JEL.mut.308.E85A,0,0,11,5,458,10,8,0,2,0,2,32,0,10,11,-0.0
2JEL.mut.309.E85D,0,0,11,5,458,10,8,0,2,0,2,32,0,10,11,-0.0
2JEL.mut.310.E85K,0,0,11,5,458,10,8,0,2,0,2,32,0,10,11,-0.0
2JEL.mut.311.E85Q,0,0,11,5,458,10,8,0,2,0,2,32,0,10,11,-0.0
2JEL.mut.312.F2W,0,0,13,6,473,10,8,0,2,0,4,26,0,10,11,2.64
2JEL.mut.313.F2Y,0,0,13,5,462,10,9,0,2,0,1,25,0,11,13,-0.0
2JEL.mut.314.H76A,0,0,11,4,451,9,8,0,2,0,2,32,0,9,11,-0.41
2JEL.mut.315.H76D,0,0,11,4,451,9,8,0,2,0,2,32,0,9,11,-0.66
2JEL.mut.316.K24E,0,0,11,5,458,10,8,0,2,0,2,32,0,10,11,-0.0
2JEL.mut.317.K27E,0,0,11,5,458,10,8,0,2,0,2,32,0,10,11,-0.0
2JEL.mut.318.K72E,0,0,12,5,459,10,7,0,2,0,2,30,0,10,11,0.41
2JEL.mut.319.K72R,0,0,12,6,453,10,7,0,2,0,2,30,0,10,11,-0.0
2JEL.mut.320.K79E,0,0,11,5,458,10,8,0,2,0,2,32,0,10,11,0.41
2JEL.mut.321.N12D,0,0,11,5,458,10,8,0,2,0,2,32,0,10,11,-0.0
2JEL.mut.322.N38T,0,0,11,5,458,10,8,0,2,0,2,32,0,10,11,-0.0
2JEL.mut.323.P11E,0,0,11,5,458,10,8,0,2,0,2,32,0,10,11,-0.0
2JEL.mut.324.Q3K,0,0,10,5,465,9,9,0,2,0,2,32,0,10,11,4.13
2JEL.mut.325.Q4K,0,0,11,5,454,10,8,0,2,0,2,37,0,10,11,1.38
2JEL.mut.326.Q57E,0,0,11,5,458,10,8,0,2,0,2,32,0,10,11,-0.41
2JEL.mut.327.Q71E,0,0,5,5,433,8,11,0,2,0,2,33,0,9,12,2.75
2JEL.mut.328.R17G,0,0,11,5,458,10,8,0,2,0,2,32,0,10,11,-0.0
2JEL.mut.329.R17K,0,0,11,5,458,10,8,0,2,0,2,32,0,10,11,-0.0
2JEL.mut.330.S41C,0,0,12,5,455,10,8,0,2,0,2,32,0,10,10,1.51
2JEL.mut.331.S43C,0,0,11,5,458,10,8,0,2,0,2,32,0,10,11,-0.0
2JEL.mut.332.S46C,0,0,11,5,458,10,8,0,2,0,2,32,0,10,11,-0.0
2JEL.mut.333.S64T,0,0,11,5,462,10,8,0,2,0,2,32,0,10,11,4.13
2JEL.mut.334.T34Q,0,0,11,6,466,10,8,0,2,0,2,33,0,10,10,-0.0
2JEL.mut.335.T36Q,0,0,11,5,463,10,8,0,2,0,2,32,0,10,11,0.41
2JEL.mut.336.T62A,0,0,11,5,458,10,8,0,2,0,2,32,0,10,11,-0.0
2JEL.mut.337.T62N,0,0,11,5,460,10,8,0,2,0,2,32,0,10,11,-0.0
2JEL.mut.338.T7N,0,0,11,5,458,10,8,0,2,0,2,32,0,10,11,0.41
2JEL.mut.339.T7S,0,0,11,5,458,10,8,0,2,0,2,32,0,10,11,-0.0
2JEL.mut.340.V6F,0,0,11,5,458,10,8,0,2,0,2,32,0,10,11,-0.0
2NYY.mut.341.D1058A,0,0,26,15,642,19,8,0,6,0,15,32,1,25,15,0.01
2NYY.mut.342.D1062A,0,0,25,18,635,20,8,0,6,0,15,32,1,25,14,2.53
2NYY.mut.343.E920A,0,0,19,19,579,16,7,0,6,0,15,30,1,21,11,2.84
2NYY.mut.344.F917A,0,0,26,18,638,20,9,0,6,0,15,31,1,26,14,0.42
2NYY.mut.345.F953A,0,0,26,17,591,20,8,0,6,0,9,23,1,26,15,4.06
2NYY.mut.346.H1064A,0,0,20,16,573,18,8,0,1,0,6,33,1,22,13,7.32
2NYY.mut.347.I956A,0,0,26,19,639,20,8,0,6,0,15,31,1,26,15,-0.01
2NYY.mut.348.K1056A,0,0,26,19,637,20,8,0,6,0,15,32,1,25,15,-0.03
2NYY.mut.349.K903A,0,0,26,19,640,20,8,0,6,0,15,32,1,26,15,0.29
2NYY.mut.350.K923A,0,0,26,19,646,20,8,0,6,0,15,32,1,26,15,-0.14
2NYY.mut.351.L919A,0,0,26,19,620,20,8,0,6,0,15,22,1,26,15,2.59
2NYY.mut.352.N918A,0,0,26,19,635,20,8,0,6,0,15,32,1,25,15,0.89
2NYY.mut.353.N954A,0,0,25,20,615,18,7,0,6,0,15,32,1,25,15,0.1
2NYY.mut.354.Q915A,0,0,26,19,646,20,8,0,6,0,15,32,1,26,15,0.52
2NYY.mut.355.R1061A,0,0,24,17,607,19,8,0,6,0,15,31,1,25,16,0.82
2NYY.mut.356.R1294A,0,0,26,18,616,19,8,0,5,0,15,32,1,25,15,0.3
2NYY.mut.357.S902A,0,0,26,19,641,20,8,0,6,0,15,33,1,26,15,-0.23
2NYY.mut.358.S955A,0,0,25,19,642,18,9,0,6,0,15,32,1,24,15,-0.0
2NYY.mut.359.T1063A,0,0,26,19,629,20,8,0,6,0,15,32,1,26,15,1.62
2NYY.mut.360.K30R,0,0,26,19,646,20,8,0,6,0,15,32,1,26,15,0.07
2NYY.mut.361.M34Q,0,0,26,19,646,20,8,0,6,0,15,32,1,26,15,-0.06
2NYY.mut.362.Y31D,0,0,26,19,631,20,8,0,6,0,15,32,1,26,15,0.07
2NYY.mut.363.Y31Q,0,0,26,19,639,20,8,0,6,0,15,32,1,26,15,0.13
2NYY.mut.364.Y57Q,0,0,25,15,624,20,7,0,6,0,15,30,1,24,13,0.52
2NYY.mut.365.D30Y,0,0,27,19,674,20,8,0,5,0,15,33,1,26,17,0.65
2NYY.mut.366.H34R,0,0,26,19,649,20,8,0,8,0,15,32,1,27,15,0.1
2NYY.mut.367.S28Q,0,0,26,19,668,20,8,0,6,0,15,33,1,27,15,0.42
2NYY.mut.368.S31N,0,0,31,19,669,21,7,0,6,0,15,32,1,27,18,-0.36
2NZ9.mut.369.D1058A,0,0,26,14,667,18,12,0,7,0,26,41,1,28,16,-0.03
2NZ9.mut.370.D1062A,0,0,27,14,663,18,12,0,7,0,26,41,1,28,16,2.34
2NZ9.mut.371.E920A,0,0,21,7,608,15,10,0,7,0,26,39,1,23,11,2.77
2NZ9.mut.372.F917A,0,0,28,14,664,19,11,0,7,0,24,39,1,29,15,-0.05
2NZ9.mut.373.F953A,0,0,28,15,623,19,12,0,7,0,17,30,1,29,16,3.34
2NZ9.mut.374.H1064A,0,0,24,11,595,18,12,0,2,0,13,42,1,26,15,7.42
2NZ9.mut.375.I956A,0,0,28,14,669,19,12,0,7,0,26,40,1,29,16,0.07
2NZ9.mut.376.K1056A,0,0,28,14,666,19,11,0,7,0,26,41,1,29,16,-0.01
2NZ9.mut.377.K903A,0,0,28,14,668,19,12,0,7,0,26,41,1,29,16,0.54
2NZ9.mut.378.K923A,0,0,28,14,675,19,12,0,7,0,26,41,1,29,16,-0.3
2NZ9.mut.379.L919A,0,0,28,14,644,19,12,0,7,0,26,30,1,29,16,2.28
2NZ9.mut.380.N918A,0,0,27,14,668,19,12,0,7,0,26,41,1,27,15,2.16
2NZ9.mut.381.N954A,0,0,28,14,642,17,12,0,7,0,26,41,1,26,16,-0.15
2NZ9.mut.382.Q915A,0,0,28,14,675,19,12,0,7,0,26,41,1,29,16,0.1
2NZ9.mut.383.R1061A,0,0,26,15,640,17,12,0,7,0,26,39,1,28,17,0.29
2NZ9.mut.384.R1294A,0,0,28,13,645,18,12,0,6,0,26,41,1,28,16,0.39
2NZ9.mut.385.S902A,0,0,28,14,671,19,12,0,7,0,26,41,1,29,16,-0.12
2NZ9.mut.386.S955A,0,0,26,13,673,20,12,0,7,0,26,41,1,27,16,-0.08
2NZ9.mut.387.T1063A,0,0,28,14,658,19,11,0,7,0,26,40,1,29,16,2.37
3BDY.mut.388.D31A,0,0,12,4,514,8,7,0,0,0,10,20,2,11,6,0.2
3BDY.mut.389.D98A,0,0,12,4,514,8,7,0,0,0,10,20,2,11,6,-0.0
3BDY.mut.390.F100A,0,0,12,5,513,8,7,0,0,0,10,20,2,11,6,0.7
3BDY.mut.391.G96A,0,0,12,4,514,8,7,0,0,0,10,20,2,11,6,0.2
3BDY.mut.392.G97A,0,0,12,4,514,8,7,0,0,0,10,20,2,11,6,-0.1
3BDY.mut.393.G99A,0,0,15,4,518,8,7,0,0,0,10,20,2,11,6,0.8
3BDY.mut.394.K30A,0,0,12,4,514,8,7,0,0,0,10,20,2,11,6,0.2
3BDY.mut.395.N54A,0,0,12,4,514,8,7,0,0,0,10,20,2,11,6,-0.2
3BDY.mut.396.R50A,0,0,12,4,512,8,7,0,0,0,10,20,2,11,6,-0.3
3BDY.mut.397.R58A,0,0,12,4,514,8,7,0,0,0,10,20,2,11,6,-0.2
3BDY.mut.398.T32A,0,0,12,4,514,8,7,0,0,0,10,20,2,11,6,-0.4
3BDY.mut.399.T53A,0,0,12,4,514,8,7,0,0,0,10,20,2,11,6,-0.5
3BDY.mut.400.W95A,0,0,12,4,496,8,7,0,0,0,10,20,2,11,6,2.0
3BDY.mut.401.Y100AA,0,0,12,4,436,7,7,0,0,0,10,18,2,10,6,0.5
3BDY.mut.402.Y33A,0,0,11,2,489,8,7,0,0,0,6,19,2,10,4,0.3
3BDY.mut.403.Y52A,0,0,12,4,496,8,7,0,0,0,7,20,2,11,6,0.4
3BDY.mut.404.Y56A,0,0,12,4,514,8,7,0,0,0,10,20,2,11,6,0.2
3BDY.mut.405.D27AA,0,0,12,4,514,8,7,0,0,0,10,20,2,11,6,-0.0
3BDY.mut.406.G31A,0,0,13,5,514,8,6,0,0,0,10,23,2,11,6,1.2
3BDY.mut.407.G51A,0,0,12,4,514,8,7,0,0,0,10,20,2,11,6,1.0
3BDY.mut.408.H91A,0,0,11,4,500,7,7,0,0,0,10,20,1,9,6,2.0
3BDY.mut.409.I27BA,0,0,12,4,514,8,7,0,0,0,10,20,2,11,6,1.1
3BDY.mut.410.I29A,0,0,12,4,502,8,6,0,0,0,10,19,3,11,6,0.8
3BDY.mut.411.P27CA,0,0,12,4,514,8,7,0,0,0,10,20,2,11,6,0.2
3BDY.mut.412.R27DA,0,0,12,4,514,8,7,0,0,0,10,20,2,11,6,-0.2
3BDY.mut.413.S28A,0,0,11,4,508,8,6,0,0,0,10,22,2,11,7,1.0
3BDY.mut.414.S30A,0,0,12,4,503,8,7,0,0,0,10,20,2,11,6,1.3
3BDY.mut.415.S52A,0,0,12,4,514,8,7,0,0,0,10,20,2,11,6,0.1
3BDY.mut.416.T93A,0,0,12,4,506,8,7,0,0,0,10,21,2,10,6,-0.3
3BDY.mut.417.T94A,0,0,11,4,498,7,6,0,0,0,10,18,2,10,5,-0.0
3BDY.mut.418.W50A,0,0,10,3,487,8,7,0,0,0,10,13,2,11,6,1.3
3BDY.mut.419.Y32A,0,0,12,4,508,8,7,0,0,0,10,19,2,11,6,1.7
3BDY.mut.420.Y53A,0,0,12,4,511,8,7,0,0,0,10,19,2,11,6,0.7
3BDY.mut.421.Y92A,0,0,12,5,485,8,8,0,0,0,7,18,2,10,6,1.4
3BE1.mut.422.D31A,0,0,13,8,427,10,4,0,6,0,9,47,1,14,9,0.4
3BE1.mut.423.D98A,0,0,13,8,424,10,4,0,6,0,9,47,1,14,9,-0.1
3BE1.mut.424.F100A,0,0,13,8,428,10,4,0,6,0,9,47,1,14,9,1.9
3BE1.mut.425.G96A,0,0,13,8,427,10,4,0,6,0,9,47,1,14,9,0.1
3BE1.mut.426.G97A,0,0,13,8,429,10,4,0,6,0,9,48,1,14,9,0.3
3BE1.mut.427.G99A,0,0,13,10,435,10,4,0,6,0,9,49,1,14,10,1.8
3BE1.mut.428.K30A,0,0,13,8,427,10,4,0,6,0,9,47,1,14,9,-0.3
3BE1.mut.429.N54A,0,0,13,8,427,10,4,0,6,0,9,47,1,14,9,-0.8
3BE1.mut.430.R50A,0,0,13,7,399,5,4,0,0,0,9,47,1,9,9,2.4
3BE1.mut.431.R58A,0,0,13,7,407,10,4,0,6,0,9,47,1,14,8,2.5
3BE1.mut.432.T32A,0,0,13,8,427,10,4,0,6,0,9,47,1,14,9,-0.4
3BE1.mut.433.T53A,0,0,13,8,427,10,4,0,6,0,9,47,1,14,9,0.1
3BE1.mut.434.W95A,0,0,13,8,414,10,4,0,6,0,7,43,1,14,9,1.8
3BE1.mut.435.Y100AA,0,0,13,8,382,10,3,0,6,0,5,40,1,14,8,1.2
3BE1.mut.436.Y33A,0,0,13,5,410,10,4,0,6,0,6,43,1,14,7,2.4
3BE1.mut.437.Y52A,0,0,13,8,427,10,4,0,6,0,9,47,1,14,9,-0.8
3BE1.mut.438.Y56A,0,0,13,8,397,10,4,0,6,0,9,37,1,14,10,1.8
3BE1.mut.439.D27AA,0,0,13,8,427,10,4,0,6,0,9,47,1,14,9,-0.0
3BE1.mut.440.G31A,0,0,13,8,430,10,4,0,6,0,9,47,1,14,9,0.3
3BE1.mut.441.G51A,0,0,13,8,427,10,4,0,6,0,9,47,1,14,9,-0.3
3BE1.mut.442.H91A,0,0,13,8,420,9,5,0,6,0,9,47,0,13,9,0.9
3BE1.mut.443.I27BA,0,0,13,8,427,10,4,0,6,0,9,47,1,14,9,-0.2
3BE1.mut.444.I29A,0,0,13,8,427,10,4,0,6,0,9,47,1,14,9,0.9
3BE1.mut.445.P27CA,0,0,13,8,427,10,4,0,6,0,9,47,1,14,9,0.1
3BE1.mut.446.R27DA,0,0,8,8,385,10,4,0,6,0,9,47,1,13,9,-0.2
3BE1.mut.447.S28A,0,0,13,8,427,10,4,0,6,0,9,47,1,14,9,0.3
3BE1.mut.448.S30A,0,0,13,8,427,10,4,0,6,0,9,47,1,14,9,-0.2
3BE1.mut.449.S52A,0,0,13,8,427,10,4,0,6,0,9,47,1,14,9,0.3
3BE1.mut.450.T93A,0,0,13,8,424,10,4,0,6,0,9,47,1,14,9,-0.4
3BE1.mut.451.T94A,0,0,11,7,418,10,4,0,6,0,9,47,1,13,6,1.4
3BE1.mut.452.W50A,0,0,13,8,405,10,4,0,6,0,9,44,1,14,9,1.4
3BE1.mut.453.Y32A,0,0,11,7,370,9,3,0,6,0,9,37,1,11,9,-0.8
3BE1.mut.454.Y53A,0,0,13,8,409,9,4,0,6,0,9,46,1,13,9,0.9
3BE1.mut.455.Y92A,0,0,12,7,411,9,4,0,6,0,9,41,1,13,10,0.5
3BN9.mut.456.D217A,0,0,20,11,725,10,7,0,0,0,8,45,0,19,14,0.57
3BN9.mut.457.D60AA,0,0,20,12,734,10,8,0,0,0,8,45,0,19,15,0.42
3BN9.mut.458.D60BA,0,0,19,11,714,10,8,0,0,0,8,45,0,15,16,0.31
3BN9.mut.459.D96A,0,0,14,12,704,7,8,0,0,0,8,45,0,15,13,6.7
3BN9.mut.460.E169A,0,0,20,12,734,10,8,0,0,0,8,45,0,19,15,0.37
3BN9.mut.461.F60EA,0,0,20,12,734,10,8,0,0,0,8,45,0,19,15,-0.05
3BN9.mut.462.F94A,0,0,20,12,733,10,8,0,0,0,8,45,0,19,15,0.64
3BN9.mut.463.F97A,0,0,21,10,669,10,7,0,0,0,4,34,1,19,13,6.7
3BN9.mut.464.H143A,0,0,20,12,732,10,8,0,0,0,8,45,0,19,15,0.09
3BN9.mut.465.I41A,0,0,20,12,733,10,8,0,0,0,8,45,0,19,15,-0.0
3BN9.mut.466.I60A,0,0,20,12,733,10,8,0,0,0,8,45,0,19,15,0.84
3BN9.mut.467.K224A,0,0,20,12,734,10,8,0,0,0,8,45,0,19,15,0.79
3BN9.mut.468.L153A,0,0,20,12,734,10,8,0,0,0,8,45,0,19,15,0.34
3BN9.mut.469.N95A,0,0,17,12,725,9,8,0,0,0,8,45,0,17,15,0.77
3BN9.mut.470.Q145A,0,0,20,12,734,10,8,0,0,0,8,45,0,19,15,0.13
3BN9.mut.471.Q174A,0,0,20,11,710,10,8,0,0,0,8,43,0,19,13,-0.03
3BN9.mut.472.Q175A,0,0,19,12,702,9,8,0,0,0,8,43,0,18,15,2.51
3BN9.mut.473.Q221AA,0,0,18,12,721,10,8,0,0,0,8,44,0,18,14,0.71
3BN9.mut.474.Q38A,0,0,20,12,734,10,8,0,0,0,8,45,0,19,15,-0.42
3BN9.mut.475.R222A,0,0,20,12,734,10,8,0,0,0,8,45,0,19,15,-0.09
3BN9.mut.476.R60CA,0,0,18,12,702,10,8,0,0,0,8,44,0,18,15,-0.05
3BN9.mut.477.R60FA,0,0,20,12,734,10,8,0,0,0,8,45,0,19,15,-0.07
3BN9.mut.478.R87A,0,0,20,12,734,10,8,0,0,0,8,45,0,19,15,-0.16
3BN9.mut.479.T150A,0,0,20,12,734,10,8,0,0,0,8,45,0,19,15,0.29
3BN9.mut.480.T98A,0,0,20,13,725,10,8,0,0,0,8,44,0,19,16,1.13
3BN9.mut.481.Y146A,0,0,17,10,658,9,7,0,0,0,4,34,0,18,12,1.09
3BN9.mut.482.Y60GA,0,0,20,12,734,10,8,0,0,0,8,45,0,19,15,0.02
3BN9.mut.483.P100H,0,0,20,11,737,10,8,0,0,0,8,45,0,20,14,8.0
3BN9.mut.484.Q100AV,0,0,20,12,726,10,8,0,0,0,8,48,0,19,16,1.36
3BN9.mut.485.S30G,0,0,19,11,719,9,7,0,0,0,8,45,0,17,15,1.36
3BN9.mut.486.S30N,0,0,20,12,753,10,9,0,0,0,8,45,0,18,17,1.36
3BN9.mut.487.T28R,0,0,21,14,769,10,8,0,0,0,8,46,0,18,15,0.3
3BN9.mut.488.T98Q,0,0,20,12,742,10,8,0,0,0,8,45,0,19,15,-0.0
3BN9.mut.489.T98R,0,0,20,12,738,10,8,0,0,0,8,45,0,19,15,-0.06
3BN9.mut.490.Y99S,0,0,18,11,689,10,7,0,0,0,4,36,0,18,14,0.41
3HFM.mut.491.C95A,0,0,26,10,527,13,7,0,1,0,3,18,0,18,15,5.52
3HFM.mut.492.C95F,0,0,26,10,527,13,7,0,1,0,3,18,0,18,15,3.25
3HFM.mut.493.D32A,0,0,26,10,522,13,7,0,0,0,3,18,0,18,15,1.9
3HFM.mut.494.D32N,0,0,26,10,533,13,8,0,0,0,3,18,0,18,15,0.17
3HFM.mut.495.S31A,0,0,27,9,530,12,7,0,1,0,3,21,0,17,14,0.17
3HFM.mut.496.Y33A,0,0,24,10,454,11,4,0,1,0,3,13,0,16,13,6.0
3HFM.mut.497.Y50A,0,0,22,10,508,11,7,0,1,0,3,18,0,15,15,8.0
3HFM.mut.498.N31A,0,0,25,9,495,12,7,0,1,0,3,18,0,17,14,5.22
3HFM.mut.499.N31D,0,0,25,9,507,12,7,0,1,0,3,18,0,17,14,1.34
3HFM.mut.500.N31E,0,0,25,9,507,12,8,0,1,0,3,18,0,17,15,5.67
3HFM.mut.501.N32A,0,0,26,10,505,12,7,0,1,0,3,18,0,17,15,5.11
3HFM.mut.502.Q53A,0,0,25,9,514,12,7,0,1,0,3,18,0,17,15,0.95
3HFM.mut.503.Y50A,0,0,24,7,483,13,7,0,1,0,3,12,0,18,13,4.57
3HFM.mut.504.Y50F,0,0,26,10,518,13,7,0,1,0,3,18,0,18,15,2.36
3HFM.mut.505.Y50L,0,0,24,7,496,13,7,0,1,0,3,14,0,18,14,4.4
3HFM.mut.506.Y96A,0,0,25,10,509,13,7,0,1,0,3,18,0,17,15,2.71
3HFM.mut.507.Y96F,0,0,25,10,515,13,7,0,1,0,3,18,0,17,15,1.4
3HFM.mut.508.K96A,0,0,23,9,497,12,7,0,1,0,3,14,0,17,14,6.83
3HFM.mut.509.K97A,0,0,26,10,491,13,7,0,0,0,3,14,0,18,15,6.18
3HFM.mut.510.K97M,0,0,25,11,503,13,7,0,0,0,3,15,0,18,15,1.09
3HFM.mut.511.R21A,0,0,22,9,464,11,7,0,1,0,3,18,0,15,15,1.03
3HFM.mut.512.Y20A,0,0,25,10,487,12,6,0,1,0,3,18,0,17,14,4.87
3K2M.mut.513.E52A,0,0,9,6,373,7,3,0,7,0,1,32,0,14,7,2.5
3K2M.mut.514.M88A,0,0,12,5,373,8,1,0,7,0,1,26,0,15,8,4.0
3K2M.mut.515.R38A,0,0,12,5,366,8,3,0,4,0,1,33,0,14,9,2.5
3K2M.mut.516.W80A,0,0,11,5,356,8,3,0,7,0,1,28,0,14,8,4.0
3K2M.mut.517.Y35A,0,0,12,5,372,7,3,0,7,0,0,32,0,14,9,1.0
3K2M.mut.518.Y36A,0,0,10,6,334,8,3,0,7,0,1,23,0,12,7,3.7
3K2M.mut.519.Y87A,0,0,10,5,302,8,3,0,7,0,1,28,1,14,7,4.0
3NGB.mut.520.A56G,0,0,18,9,495,16,8,0,7,0,0,15,0,17,7,-0.06
3NGB.mut.521.G54S,0,0,17,10,513,16,8,0,7,0,0,16,0,17,8,0.73
3NGB.mut.522.I30T,0,0,18,9,497,16,8,0,7,0,0,16,0,17,7,0.08
3NGB.mut.523.K52N,0,0,17,9,489,15,8,0,7,0,0,16,0,16,7,0.18
3NGB.mut.524.P62K,0,0,18,9,493,16,8,0,7,0,0,16,0,17,7,0.23
3NGB.mut.525.R53N,0,0,19,8,495,17,8,0,7,0,0,16,0,18,6,0.05
3NGB.mut.526.R61Q,0,0,15,7,435,13,7,0,7,0,0,15,0,14,6,0.1
3NGB.mut.527.T33Y,0,0,21,10,510,17,8,0,7,0,0,18,0,17,9,0.08
3NGB.mut.528.V57T,0,0,18,9,494,16,8,0,7,0,0,16,0,17,7,0.14
3NGB.mut.529.V73T,0,0,18,9,499,16,8,0,7,0,0,15,0,17,7,0.16
3NGB.mut.530.Y74S,0,0,18,9,478,16,8,0,7,0,0,16,0,17,7,0.33
3NPS.mut.531.D214A,0,0,18,14,635,12,7,0,5,0,11,38,0,19,7,1.48
3NPS.mut.532.D46A,0,0,18,14,634,12,7,0,5,0,11,38,0,19,7,0.34
3NPS.mut.533.D47A,0,0,18,14,633,12,7,0,5,0,11,38,0,19,7,1.08
3NPS.mut.534.D91A,0,0,15,14,620,12,7,0,2,0,11,38,0,17,6,1.52
3NPS.mut.535.E163A,0,0,18,14,634,12,7,0,5,0,11,38,0,19,7,0.62
3NPS.mut.536.F50A,0,0,18,14,634,12,7,0,5,0,11,38,0,19,7,0.22
3NPS.mut.537.F89A,0,0,18,14,634,12,7,0,5,0,11,38,0,19,7,1.61
3NPS.mut.538.F92A,0,0,18,12,587,12,7,0,5,0,11,22,0,19,7,0.47
3NPS.mut.539.H138A,0,0,17,14,619,11,7,0,5,0,7,38,0,18,7,1.89
3NPS.mut.540.I26A,0,0,18,14,633,12,7,0,5,0,11,38,0,19,7,0.65
3NPS.mut.541.I45A,0,0,18,14,634,12,7,0,5,0,11,38,0,19,7,-0.34
3NPS.mut.542.K221A,0,0,18,14,634,12,7,0,5,0,11,38,0,19,7,-0.1
3NPS.mut.543.L147A,0,0,18,14,634,12,7,0,5,0,11,38,0,19,7,0.3
3NPS.mut.544.N90A,0,0,18,14,634,12,7,0,5,0,11,38,0,19,7,0.26
3NPS.mut.545.Q140A,0,0,18,14,634,12,7,0,5,0,11,38,0,19,7,0.3
3NPS.mut.546.Q168A,0,0,18,14,632,12,7,0,5,0,11,38,0,19,7,-0.06
3NPS.mut.547.Q169A,0,0,17,14,621,12,7,0,5,0,11,38,0,19,7,0.75
3NPS.mut.548.Q218A,0,0,18,14,632,12,7,0,5,0,11,38,0,19,7,-0.04
3NPS.mut.549.Q23A,0,0,18,14,634,12,7,0,5,0,11,38,0,19,7,0.03
3NPS.mut.550.R219A,0,0,18,14,634,12,7,0,5,0,11,38,0,19,7,-0.08
3NPS.mut.551.R48A,0,0,17,14,605,11,6,0,5,0,11,38,0,18,7,-1.07
3NPS.mut.552.R51A,0,0,18,14,634,12,7,0,5,0,11,38,0,19,7,0.14
3NPS.mut.553.R82A,0,0,18,14,634,12,7,0,5,0,11,38,0,19,7,-0.15
3NPS.mut.554.T144A,0,0,18,14,633,12,7,0,5,0,11,38,0,19,7,0.18
3NPS.mut.555.T93A,0,0,18,14,635,12,7,0,5,0,11,38,0,20,8,0.73
3NPS.mut.556.Y141A,0,0,18,12,572,12,4,0,5,0,7,31,0,19,4,1.79
3NPS.mut.557.Y52A,0,0,18,14,634,12,7,0,5,0,11,38,0,19,7,0.46
HM_1KTZ.mut.558.D118A,0,0,9,2,266,7,2,0,12,0,0,24,1,10,4,-0.8
HM_1KTZ.mut.559.D32A,0,0,7,2,251,6,2,0,6,0,0,24,1,7,4,-1.5
HM_1KTZ.mut.560.D32N,0,0,7,3,266,7,2,0,6,0,0,24,1,9,4,-2.0
HM_1KTZ.mut.561.E119A,0,0,7,2,243,5,1,0,6,0,0,24,1,8,3,-1.5
HM_1KTZ.mut.562.E119Q,0,0,7,2,252,5,1,0,6,0,0,24,1,8,3,-1.6
HM_1KTZ.mut.563.E55A,0,0,9,2,261,7,2,0,12,0,0,24,1,10,4,-1.2
HM_1KTZ.mut.564.E75A,0,0,9,2,265,7,2,0,12,0,0,24,1,10,4,-1.1
HM_1KTZ.mut.565.F110A,0,0,9,2,265,7,2,0,12,0,0,24,1,10,4,-0.9
HM_1KTZ.mut.566.F30A,0,0,9,2,216,7,2,0,12,0,0,21,1,10,4,-3.0
HM_1KTZ.mut.567.H79A,0,0,9,2,265,7,2,0,12,0,0,24,1,10,4,-0.3
HM_1KTZ.mut.568.I125A,0,0,9,2,265,7,2,0,12,0,0,24,1,10,4,-0.5
HM_1KTZ.mut.569.I50A,0,0,9,2,246,7,2,0,12,0,0,18,1,10,4,-1.9
HM_1KTZ.mut.570.I53A,0,0,8,3,244,7,2,0,12,0,0,16,0,10,4,-1.4
HM_1KTZ.mut.571.L27A,0,0,9,2,248,7,2,0,12,0,0,20,1,10,4,-1.8
HM_1KTZ.mut.572.M112A,0,0,9,2,265,7,2,0,12,0,0,24,1,10,4,-0.9
HM_1KTZ.mut.573.N47A,0,0,9,2,265,7,2,0,12,0,0,24,1,10,4,-0.3
HM_1KTZ.mut.574.S49A,0,0,8,1,264,6,2,0,12,0,0,24,1,9,4,-0.3
HM_1KTZ.mut.575.S52A,0,0,8,2,255,6,2,0,12,0,0,24,1,8,3,-0.2
HM_1KTZ.mut.576.S52L,0,0,10,5,277,6,3,0,12,0,0,27,1,8,6,-4.0
HM_1KTZ.mut.577.T51A,0,0,9,2,257,7,2,0,12,0,0,24,1,10,4,-1.5
HM_1KTZ.mut.578.V62A,0,0,9,2,265,7,2,0,12,0,0,24,1,10,4,-0.7
HM_1KTZ.mut.579.V77A,0,0,9,2,265,7,2,0,12,0,0,24,1,10,4,-0.4
HM_1YY9.mut.580.A98W,0,0,12,12,544,14,6,0,2,0,16,45,1,17,11,0.23
HM_1YY9.mut.581.G33D,0,0,12,12,544,14,6,0,2,0,16,45,1,17,11,0.89
HM_1YY9.mut.582.I51G,0,0,12,12,544,14,6,0,2,0,16,45,1,17,11,0.51
HM_1YY9.mut.583.R97D,0,0,12,12,544,14,6,0,2,0,16,45,1,17,11,0.99
HM_1YY9.mut.584.T100Y,0,0,12,12,548,14,6,0,2,0,16,45,1,17,11,0.45
HM_1YY9.mut.585.T57G,0,0,12,12,543,14,6,0,2,0,16,45,1,17,11,0.46
HM_1YY9.mut.586.T57P,0,0,12,12,544,14,6,0,2,0,16,45,1,17,11,0.48
HM_1YY9.mut.587.V50L,0,0,12,12,544,14,6,0,2,0,16,45,1,17,11,0.6
HM_1YY9.mut.588.V50Q,0,0,12,12,544,14,6,0,2,0,16,45,1,17,11,0.64
HM_1YY9.mut.589.Y32R,0,0,12,12,544,14,6,0,2,0,16,45,1,17,11,0.13
HM_1YY9.mut.590.A25V,0,0,12,12,544,14,6,0,2,0,16,45,1,17,11,0.62
HM_1YY9.mut.591.G30Y,0,0,12,12,544,14,6,0,2,0,16,45,1,17,11,0.92
HM_1YY9.mut.592.Q27Y,0,0,15,12,549,14,6,0,2,0,16,48,1,17,12,0.83
HM_1YY9.mut.593.T97C,0,0,12,12,544,14,6,0,2,0,16,45,1,17,11,0.51
HM_1YY9.mut.594.T97D,0,0,12,12,544,14,6,0,2,0,16,45,1,17,11,0.66
HM_1YY9.mut.595.T97S,0,0,12,12,544,14,6,0,2,0,16,45,1,17,11,0.7
HM_2NYY.mut.596_Repair.clean,0,0,27,24,636,16,10,0,7,0,7,44,1,27,23,0.14
HM_2NYY.mut.597_Repair.clean,0,0,29,19,638,16,10,0,7,0,7,43,1,27,23,0.49
HM_2NYY.mut.598_Repair.clean,0,0,24,18,570,13,8,0,7,0,7,45,1,24,15,-0.5
HM_2NYY.mut.599_Repair.clean,0,0,30,20,593,16,11,0,7,0,0,35,1,28,24,-1.53
HM_2NYY.mut.600_Repair.clean,0,0,23,19,616,14,9,0,6,0,7,43,1,25,18,-0.95
HM_2NYY.mut.601_Repair.clean,0,0,29,18,619,15,9,0,4,0,7,42,1,24,22,0.31
HM_2NYY.mut.602_Repair.clean,0,0,29,23,636,16,10,0,7,0,7,41,1,28,22,0.5
HM_2NYY.mut.603_Repair.clean,0,0,24,23,612,16,9,0,6,0,7,33,1,26,21,-0.41
HM_2NYY.mut.604_Repair.clean,0,0,23,23,576,15,9,0,6,0,7,43,1,24,16,-0.3
HM_2NYY.mut.605_Repair.clean,0,0,28,18,602,16,8,0,3,0,7,41,1,24,22,-0.01
HM_2NYY.mut.606_Repair.clean,0,0,25,22,617,15,10,0,7,0,7,38,1,27,18,-0.24
HM_2NYY.mut.607_Repair.clean,0,0,28,19,607,14,11,0,7,0,7,42,1,27,22,-0.58
HM_2NYY.mut.608_Repair.clean,0,0,22,18,524,14,8,0,1,0,7,37,1,22,20,-4.44
HM_2NYY.mut.609_Repair.clean,0,0,23,21,566,16,8,0,6,0,7,34,1,27,18,0.02
HM_2NYY.mut.610_Repair.clean,0,0,28,18,602,15,8,0,3,0,7,41,1,24,22,0.66
HM_2NYY.mut.611_Repair.clean,0,0,28,23,650,16,11,0,7,0,7,44,1,28,23,-0.62
HM_2NYY.mut.612_Repair.clean,0,0,28,21,638,16,9,0,6,0,7,43,1,26,23,-0.51
HM_2NYY.mut.613_Repair.clean,0,0,29,22,650,16,11,0,7,0,7,44,1,28,24,0.01
HM_2NYY.mut.614_Repair.clean,0,0,25,22,611,17,13,0,11,0,7,36,1,29,19,-0.97
HM_2NYY.mut.615_Repair.clean,0,0,29,22,612,14,10,0,6,0,7,46,1,24,21,-1.33
HM_2NYY.mut.616_Repair.clean,0,0,30,16,594,13,6,0,7,0,7,39,1,28,16,-1.19
HM_2NYY.mut.617_Repair.clean,0,0,27,21,635,16,12,0,4,0,7,46,1,24,21,-0.6
HM_2NYY.mut.618_Repair.clean,0,0,29,24,633,15,11,0,4,0,7,44,1,26,23,-0.63
HM_2NYY.mut.619_Repair.clean,0,0,29,19,623,14,9,0,4,0,7,42,1,25,21,-0.7
HM_2NYY.mut.620_Repair.clean,0,0,34,20,644,17,11,0,3,0,5,47,1,27,26,-1.2
HM_2NZ9.mut.621_Repair.clean,0,0,34,7,550,17,5,0,2,0,12,45,1,25,18,0.14
HM_2NZ9.mut.622_Repair.clean,0,0,36,7,601,18,7,0,8,0,12,39,1,27,18,0.49
HM_2NZ9.mut.623_Repair.clean,0,0,32,10,529,12,7,0,6,0,11,39,1,23,15,-0.5
HM_2NZ9.mut.624_Repair.clean,0,1,40,13,544,18,7,0,6,0,4,33,1,28,19,-1.53
HM_2NZ9.mut.625_Repair.clean,0,0,36,9,577,20,10,0,6,0,11,41,1,28,19,-0.95
HM_2NZ9.mut.626_Repair.clean,0,0,39,11,577,16,8,0,6,0,11,43,1,28,19,0.31
HM_2NZ9.mut.627_Repair.clean,0,1,41,15,586,19,7,0,6,0,12,44,1,29,18,0.5
HM_2NZ9.mut.628_Repair.clean,0,0,43,9,590,20,10,0,5,0,11,32,1,30,18,-0.41
HM_2NZ9.mut.629_Repair.clean,0,0,39,10,588,18,8,0,4,0,11,44,1,26,19,-0.3
HM_2NZ9.mut.630_Repair.clean,0,1,40,15,590,19,6,0,6,0,12,43,1,29,19,-0.01
HM_2NZ9.mut.631_Repair.clean,0,0,43,9,578,16,8,0,6,0,11,45,1,28,19,-0.24
HM_2NZ9.mut.632_Repair.clean,0,1,40,15,595,17,10,0,6,0,11,47,1,29,21,-0.58
HM_2NZ9.mut.633_Repair.clean,0,0,30,7,495,16,6,0,0,0,11,41,1,22,17,-4.44
HM_2NZ9.mut.634_Repair.clean,0,0,39,8,598,17,10,0,5,0,10,45,1,27,17,0.02
HM_2NZ9.mut.635_Repair.clean,0,1,39,11,593,19,7,0,6,0,12,44,1,28,19,0.66
HM_2NZ9.mut.636_Repair.clean,0,1,40,13,587,17,7,0,6,0,11,44,1,28,18,-0.62
HM_3BN9.mut.637.P100H,0,0,20,9,666,9,9,0,0,0,4,36,0,17,15,-1.36
HM_3BN9.mut.638.Q100AV,0,0,20,9,664,9,9,0,0,0,4,36,0,17,15,-0.41
HM_3BN9.mut.639.S30G,0,0,19,8,651,8,8,0,0,0,4,36,0,15,15,-0.71
HM_3BN9.mut.640.S30N,0,0,20,9,686,9,10,0,0,0,4,36,0,16,17,-0.71
HM_3BN9.mut.641.T28R,0,0,19,9,691,9,8,0,0,0,4,38,0,17,14,0.24
HM_3BN9.mut.642.T98Q,0,0,20,10,670,9,9,0,0,0,4,36,0,17,15,0.16
HM_3BN9.mut.643.T98R,0,0,20,9,669,9,10,0,0,0,4,36,0,17,15,1.57
HM_3BN9.mut.644.Y99S,0,0,15,9,617,9,9,0,0,0,4,34,0,16,11,-0.54
