0,if_phil,if_phob,if_total,sasa_phil_mut,sasa_phob_mut,sasa_total_mut
1AHW_Repair-DC167A,109.60999999999967,381.630000000001,491.22999999999956,7734.47,23469.54,31204.02
1AHW_Repair-LC165A,108.77499999999964,381.1399999999994,489.89999999999964,7688.39,23547.36,31235.76
1AHW_Repair-NC188A,113.56500000000005,377.2399999999998,490.8000000000011,7712.32,23498.2,31210.52
1AHW_Repair-TC156A,124.36999999999989,362.84499999999935,487.21000000000095,7701.35,23510.45,31211.8
1AHW_Repair-TC159A,114.5,375.0149999999994,489.5100000000002,7703.32,23508.74,31212.06
1AHW_Repair-TC186A,120.90000000000009,367.4850000000006,488.375,7723.65,23481.44,31205.09
1AHW_Repair-VC187A,105.83999999999969,382.494999999999,488.3299999999981,7671.93,23545.22,31217.15
1AHW_Repair-YC145A,112.51999999999998,376.15499999999884,488.6700000000001,7705.0,23514.61,31219.61
1AHW_Repair-YC146A,110.14999999999964,382.1200000000008,492.26500000000124,7701.27,23524.92,31226.19
1BJ1_Repair-HH101Y,133.23999999999978,445.1100000000006,578.3449999999975,9199.23,22285.92,31485.15
1BJ1_Repair-HH107A,135.52000000000044,443.34000000000015,578.8599999999988,9227.46,22255.6,31483.06
1BJ1_Repair-NH31H,133.48499999999967,448.10999999999876,581.5900000000001,9201.83,22305.02,31506.85
1BJ1_Repair-SH105T,133.17999999999938,446.6100000000006,579.7849999999999,9201.62,22310.76,31512.39
1BJ1_Repair-TH28D,133.50500000000102,445.7350000000006,579.2350000000006,9200.46,22297.5,31497.96
1BJ1_Repair-TH59A,137.46000000000004,439.5500000000011,577.0049999999992,9225.69,22267.37,31493.06
1BJ1_Repair-YH27A,133.34000000000106,446.3149999999987,579.6499999999996,9284.88,22191.0,31475.88
1BJ1_Repair-YH54A,139.39000000000033,434.2850000000017,573.6600000000017,9246.71,22244.94,31491.66
1BJ1_Repair-YH54W,134.19999999999982,448.5450000000001,582.7399999999998,9197.69,22258.68,31456.37
1BJ1_Repair-YH99A,137.2449999999999,439.8349999999991,577.0700000000015,9221.44,22281.32,31502.76
1CZ8_Repair-LL4M,141.73999999999978,469.7049999999999,611.4449999999997,8778.59,21516.63,30295.22
1DQJ_Repair-DB32A,90.68499999999995,425.8149999999987,516.5,6756.32,19703.61,26459.93
1DQJ_Repair-DC101A,104.46000000000004,408.40999999999985,512.875,6765.3,19693.83,26459.13
1DQJ_Repair-KC96A,81.9350000000004,437.1750000000011,519.1149999999998,6766.57,19650.26,26416.83
1DQJ_Repair-KC97A,85.92999999999984,429.78999999999905,515.7300000000014,6763.63,19652.72,26416.35
1DQJ_Repair-LC75A,74.48999999999978,438.52499999999964,513.0199999999986,6733.84,19745.06,26478.9
1DQJ_Repair-NA31A,86.10500000000002,430.85999999999876,516.9650000000001,6751.38,19710.33,26461.71
1DQJ_Repair-NA32A,83.76499999999987,433.6800000000003,517.4400000000005,6749.64,19713.37,26463.01
1DQJ_Repair-NC93A,83.43499999999995,435.10999999999876,518.5499999999993,6775.72,19679.02,26454.74
1DQJ_Repair-RC21A,99.32999999999993,408.7950000000001,508.1299999999992,6781.58,19645.55,26427.13
1DQJ_Repair-SA91A,83.06999999999971,437.1749999999993,520.25,6755.85,19707.11,26462.96
1DQJ_Repair-SC100A,90.64500000000044,428.52000000000044,519.1700000000001,6761.86,19703.1,26464.96
1DQJ_Repair-TC89A,82.03500000000031,437.8050000000003,519.8449999999993,6778.54,19671.75,26450.29
1DQJ_Repair-WB98A,82.98999999999978,434.0650000000005,517.0550000000003,6783.06,19712.64,26495.71
1DQJ_Repair-WC62A,82.65000000000009,435.09000000000015,517.75,6761.51,19738.04,26499.55
1DQJ_Repair-WC63A,82.10500000000002,439.9499999999989,522.0599999999995,6757.85,19745.33,26503.18
1DQJ_Repair-YA50A,82.74500000000035,433.2499999999982,516.0000000000018,6760.19,19704.74,26464.92
1DQJ_Repair-YA96A,80.26500000000033,440.47500000000036,520.7399999999998,6762.57,19699.93,26462.5
1DQJ_Repair-YB33A,82.14499999999998,435.9449999999997,518.0900000000001,6751.37,19718.59,26469.96
1DQJ_Repair-YB50A,80.30000000000018,440.52999999999884,520.8299999999999,6752.78,19715.2,26467.98
1DQJ_Repair-YB53A,90.08499999999958,422.625,512.7099999999991,6766.31,19696.16,26462.47
1DQJ_Repair-YC20A,89.51999999999998,425.72999999999956,515.255000000001,6755.46,19716.5,26471.96
1DVF_Repair-DB100A,80.75,276.7550000000001,357.505000000001,5803.34,15033.23,20836.57
1DVF_Repair-DB54A,94.27500000000009,261.1449999999995,355.41999999999825,5805.46,15029.01,20834.47
1DVF_Repair-DB58A,71.88499999999976,290.9450000000006,362.83000000000175,5792.11,15046.67,20838.78
1DVF_Repair-DD52A,80.67499999999973,278.75,359.4249999999993,5812.36,15016.54,20828.9
1DVF_Repair-EB98A,71.7199999999998,291.8050000000003,363.52999999999884,5777.43,15056.4,20833.83
1DVF_Repair-HA30A,73.73499999999967,286.8900000000003,360.619999999999,5801.09,15018.64,20819.74
1DVF_Repair-HD33A,71.76499999999987,291.27499999999964,363.0400000000009,5787.89,15045.75,20833.64
1DVF_Repair-ID101A,64.21500000000015,295.1999999999998,359.40999999999985,5768.07,15096.28,20864.36
1DVF_Repair-KD30A,71.14999999999964,292.47000000000025,363.619999999999,5796.34,14998.97,20795.31
1DVF_Repair-NB56A,80.67499999999973,278.75,359.4249999999993,5812.36,15016.54,20828.9
1DVF_Repair-ND55A,79.76999999999953,279.5050000000001,359.27499999999964,5845.01,14980.69,20825.7
1DVF_Repair-QD104A,94.55499999999984,256.77499999999964,351.3249999999989,5795.84,15033.92,20829.77
1DVF_Repair-RB99A,74.50499999999965,285.7550000000001,360.2599999999984,5798.21,15014.76,20812.97
1DVF_Repair-RD106A,76.52000000000044,282.3849999999993,358.90999999999985,5809.32,15005.04,20814.35
1DVF_Repair-SA93A,74.91499999999996,287.47500000000036,362.3850000000002,5798.08,15047.46,20845.55
1DVF_Repair-TB30A,81.57499999999982,279.6949999999997,361.27000000000044,5795.25,15041.34,20836.59
1DVF_Repair-WA92A,72.88999999999987,285.91499999999996,358.8099999999995,5804.79,15081.02,20885.8
1DVF_Repair-WB52A,79.69499999999971,279.8299999999999,359.52000000000044,5794.41,15085.21,20879.62
1DVF_Repair-YA32A,71.17499999999973,292.4449999999997,363.6149999999998,5783.61,15061.89,20845.51
1DVF_Repair-YA49A,71.18499999999995,292.3849999999993,363.58000000000175,5781.67,15069.62,20851.28
1DVF_Repair-YA50A,71.41000000000031,291.53499999999985,362.9500000000007,5787.28,15055.01,20842.29
1DVF_Repair-YB101A,72.33500000000004,290.53999999999996,362.880000000001,5792.95,15047.12,20840.07
1DVF_Repair-YB101F,73.94499999999971,288.8249999999998,362.77000000000044,5799.49,15018.58,20818.07
1DVF_Repair-YB32A,78.31500000000005,282.2049999999999,360.5199999999986,5789.4,15057.98,20847.38
1DVF_Repair-YC49A,71.24000000000024,293.15499999999975,364.39500000000044,5777.61,15075.12,20852.73
1DVF_Repair-YD102A,101.53499999999985,245.0699999999997,346.60000000000036,5786.14,15065.18,20851.32
1JRH_Repair-DH56A,74.36999999999989,273.9400000000005,348.2999999999993,7435.87,16452.59,23888.47
1JRH_Repair-DH57A,74.30499999999984,274.47999999999956,348.78499999999985,7436.13,16458.14,23894.27
1JRH_Repair-DH58A,75.5300000000002,271.96999999999935,347.5100000000002,7444.24,16443.25,23887.48
1JRH_Repair-DL28A,75.75500000000011,271.4850000000006,347.2400000000016,7429.46,16467.3,23896.76
1JRH_Repair-EI35Q,74.28499999999985,274.1700000000001,348.4549999999999,7387.37,16512.76,23900.13
1JRH_Repair-EI45A,89.44999999999982,248.41500000000087,337.8650000000016,7417.84,16462.98,23880.82
1JRH_Repair-EI45P,98.78499999999985,247.4399999999987,346.22000000000116,7428.16,16441.65,23869.82
1JRH_Repair-EL27A,75.91500000000042,270.7350000000006,346.64999999999964,7444.4,16429.78,23874.18
1JRH_Repair-FH103A,71.17499999999973,278.60499999999956,349.78000000000065,7378.8,16537.05,23915.85
1JRH_Repair-GI40A,76.55499999999984,274.2649999999994,350.8200000000015,7392.76,16511.47,23904.23
1JRH_Repair-HH107A,76.78499999999985,269.875,346.6650000000009,7407.09,16493.1,23900.18
1JRH_Repair-KI37A,75.62999999999965,271.8250000000007,347.4549999999999,7407.27,16462.41,23869.68
1JRH_Repair-KI37M,76.25499999999965,269.9850000000006,346.2400000000016,7407.13,16447.69,23854.82
1JRH_Repair-KI42A,95.13999999999987,239.77000000000044,334.9150000000009,7414.0,16453.11,23867.11
1JRH_Repair-KI42M,103.52499999999964,241.0,344.52499999999964,7410.85,16433.37,23844.22
1JRH_Repair-KI88A,76.01999999999998,270.64999999999964,346.6700000000001,7429.86,16422.29,23852.15
1JRH_Repair-NI38A,75.38500000000022,274.5500000000011,349.9350000000013,7405.98,16501.96,23907.94
1JRH_Repair-NI38Q,74.22499999999991,274.22999999999956,348.4549999999999,7387.64,16522.06,23909.7
1JRH_Repair-NI43A,94.5300000000002,245.61499999999978,340.14000000000124,7408.74,16493.97,23902.71
1JRH_Repair-NI69A,76.40999999999985,272.53499999999985,348.9400000000005,7417.93,16483.07,23901.01
1JRH_Repair-RH100A,74.92500000000018,272.96500000000015,347.8850000000002,7417.28,16475.78,23893.06
1JRH_Repair-RI74A,74.30000000000018,274.3250000000007,348.625,7419.17,16471.85,23891.02
1JRH_Repair-SI44A,88.90499999999975,258.8100000000013,347.71999999999935,7418.55,16487.03,23905.58
1JRH_Repair-SL93A,89.46000000000004,257.3299999999999,346.7900000000009,7407.05,16500.27,23907.32
1JRH_Repair-TI4V,74.2800000000002,274.2399999999998,348.52000000000044,7417.04,16473.84,23890.88
1JRH_Repair-TL94A,81.05500000000029,265.2049999999999,346.2600000000002,7406.08,16495.54,23901.62
1JRH_Repair-VI41A,68.13499999999976,273.97999999999956,342.1149999999998,7387.35,16524.53,23911.88
1JRH_Repair-WH54A,74.79500000000007,271.64500000000044,346.4449999999997,7415.12,16535.36,23950.47
1JRH_Repair-WH55A,74.30999999999995,273.6100000000006,347.9200000000001,7416.7,16540.52,23957.22
1JRH_Repair-WI46F,82.13500000000022,264.8050000000003,346.9450000000015,7443.61,16471.8,23915.41
1JRH_Repair-WI46Y,73.91499999999996,274.27499999999964,348.1900000000005,7401.72,16540.27,23942.0
1JRH_Repair-WI72A,74.60500000000002,274.22500000000036,348.8250000000007,7436.17,16515.02,23951.2
1JRH_Repair-WI72F,75.20000000000027,273.14999999999964,348.3550000000014,7426.44,16494.34,23920.78
1JRH_Repair-WI72Y,74.30999999999995,274.40999999999985,348.72000000000116,7403.82,16541.61,23945.43
1JRH_Repair-WL92A,81.68499999999995,261.84000000000015,343.52499999999964,7412.84,16538.61,23951.45
1JRH_Repair-WL95A,75.64499999999998,274.09499999999935,349.7350000000006,7416.47,16531.83,23948.3
1JRH_Repair-YH104A,95.13000000000011,244.83500000000095,339.96000000000095,7455.37,16431.16,23886.54
1JRH_Repair-YH32A,77.47499999999991,269.34499999999935,346.8150000000005,7462.2,16418.43,23880.63
1JRH_Repair-YH60A,76.49499999999989,269.27000000000044,345.76500000000124,7417.41,16488.03,23905.44
1JRH_Repair-YI39A,82.5300000000002,261.3000000000011,343.8250000000007,7415.7,16497.19,23912.9
1JRH_Repair-YI39F,85.4399999999996,260.7649999999994,346.2049999999999,7410.34,16470.72,23881.06
1JRH_Repair-YL30A,75.68000000000029,269.7049999999999,345.3850000000002,7436.95,16453.36,23890.31
1JRH_Repair-YL91A,75.75999999999976,271.9549999999999,347.71000000000095,7402.47,16507.95,23910.42
1KIP_Repair-AB32Y,67.2199999999998,287.53500000000076,354.75,4535.39,11956.97,16492.36
1KIQ_Repair-FB101Y,66.49499999999989,290.89500000000044,357.39000000000124,4637.24,12119.64,16756.87
1KIR_Repair-SA50Y,79.32000000000016,301.46000000000004,380.77499999999964,4568.49,11965.0,16533.49
1MHP_Repair-FH99W,90.8449999999998,349.83500000000095,440.6749999999993,8125.63,20251.14,28376.77
1MHP_Repair-FH99Y,94.09999999999991,347.34000000000015,441.4349999999995,8135.69,20266.01,28401.7
1MHP_Repair-GH100F,111.45000000000027,338.7300000000014,450.1700000000001,8175.87,20182.87,28358.74
1MHP_Repair-GH100I,108.48999999999978,339.1900000000005,447.6700000000001,8174.49,20185.98,28360.48
1MHP_Repair-GH100L,109.14000000000033,339.2399999999998,448.375,8176.49,20186.32,28362.81
1MHP_Repair-GH100M,109.67499999999973,339.48499999999876,449.15500000000065,8180.54,20187.88,28368.42
1MHP_Repair-GH100S,86.5300000000002,358.2600000000002,444.78499999999985,8158.45,20219.14,28377.59
1MHP_Repair-GH100V,106.19500000000016,340.255000000001,446.4499999999989,8180.79,20192.85,28373.63
1MHP_Repair-GH102S,95.14000000000033,345.0100000000002,440.14999999999964,8166.4,20210.39,28376.79
1MHP_Repair-GH53A,99.72500000000036,341.39500000000044,441.1149999999998,8180.4,20197.85,28378.25
1MHP_Repair-GH53N,88.88500000000022,354.2950000000001,443.1749999999993,8158.84,20219.61,28378.45
1MHP_Repair-GH53Q,88.41000000000031,356.6749999999993,445.0799999999999,8157.78,20227.31,28385.09
1MHP_Repair-GH53S,89.87000000000035,351.21999999999935,441.0799999999999,8161.04,20214.0,28375.05
1MHP_Repair-GH53W,83.65000000000009,357.3250000000007,440.97000000000116,8146.53,20189.66,28336.19
1MHP_Repair-GH54I,110.85499999999956,344.4500000000007,455.3000000000011,8174.0,20188.28,28362.28
1MHP_Repair-GH54M,111.76000000000022,344.15499999999884,455.9100000000017,8181.65,20189.95,28371.6
1MHP_Repair-GH54N,75.70500000000038,378.7399999999998,454.4449999999997,8142.44,20246.08,28388.52
1MHP_Repair-GH54T,75.85500000000047,375.28000000000065,451.1299999999992,8145.15,20243.68,28388.83
1MHP_Repair-GH54Y,75.42499999999973,384.65000000000146,460.0699999999997,8137.2,20249.03,28386.23
1MHP_Repair-GL91Q,93.58999999999969,351.84000000000015,445.4249999999993,8145.2,20257.2,28402.4
1MHP_Repair-GL91S,93.58500000000004,348.4850000000006,442.0650000000005,8146.68,20234.02,28380.7
1MHP_Repair-HH56Y,98.55000000000018,343.41499999999905,441.9500000000007,8174.02,20194.58,28368.61
1MHP_Repair-HL30K,98.625,341.90500000000065,440.52500000000146,8178.92,20228.61,28407.53
1MHP_Repair-HL30R,98.54500000000007,343.34000000000015,441.8799999999992,8174.6,20211.42,28386.02
1MHP_Repair-HL30W,98.42000000000053,342.4499999999989,440.8649999999998,8169.95,20159.36,28329.31
1MHP_Repair-KH64D,98.61499999999978,341.66499999999905,440.27499999999964,8173.84,20160.61,28334.45
1MHP_Repair-KH64E,95.14000000000033,345.0100000000002,440.14999999999964,8166.4,20210.39,28376.79
1MHP_Repair-KH64N,98.61500000000024,341.6650000000009,440.27499999999964,8173.64,20162.44,28336.08
1MHP_Repair-KH64Q,98.61000000000013,341.64999999999964,440.2600000000002,8171.36,20179.07,28350.43
1MHP_Repair-LH60D,98.63499999999976,341.8199999999997,440.4549999999999,8145.45,20257.3,28402.74
1MHP_Repair-LL48F,98.9050000000002,341.8899999999994,440.7900000000009,8178.38,20197.24,28375.62
1MHP_Repair-LL48K,97.72499999999991,342.28499999999985,440.005000000001,8144.95,20296.99,28441.94
1MHP_Repair-LL48W,97.47000000000025,344.64999999999964,442.1200000000008,8136.51,20228.3,28364.8
1MHP_Repair-LL48Y,97.52499999999964,342.9449999999997,440.46500000000015,8142.0,20258.43,28400.44
1MHP_Repair-NL29K,98.77500000000009,343.89500000000044,442.6700000000001,8179.12,20240.16,28419.28
1MHP_Repair-NL29V,112.72500000000036,325.34000000000015,438.0599999999995,8210.88,20157.11,28367.99
1MHP_Repair-NL29W,97.79000000000042,352.0550000000003,449.8349999999991,8165.7,20173.13,28338.83
1MHP_Repair-NL29Y,98.33500000000004,345.9599999999991,444.2850000000017,8174.15,20202.38,28376.53
1MHP_Repair-NL51D,98.61499999999978,341.6900000000005,440.3050000000003,8177.57,20200.6,28378.17
1MHP_Repair-NL51E,98.61500000000024,341.6900000000005,440.3000000000011,8177.29,20218.35,28395.64
1MHP_Repair-NL51K,98.625,341.6999999999989,440.3150000000005,8179.33,20240.04,28419.38
1MHP_Repair-NL51R,98.59000000000015,341.66499999999905,440.25,8171.58,20239.83,28411.41
1MHP_Repair-NL51Y,98.60000000000036,341.6749999999993,440.2600000000002,8173.48,20208.66,28382.15
1MHP_Repair-NL92D,98.625,341.5500000000011,440.1750000000011,8177.66,20200.26,28377.91
1MHP_Repair-RH31Q,98.79499999999962,337.7399999999998,436.53000000000065,8181.04,20184.81,28365.85
1MHP_Repair-SH35A,98.6850000000004,341.7950000000001,440.47999999999956,8184.92,20198.07,28382.98
1MHP_Repair-SH35Q,98.47499999999991,341.494999999999,439.96500000000015,8174.69,20207.97,28382.66
1MHP_Repair-SH35V,98.5600000000004,341.5,440.0600000000013,8183.32,20191.36,28374.67
1MHP_Repair-SH52M,106.27499999999964,335.53499999999985,441.8050000000003,8185.1,20181.29,28366.39
1MHP_Repair-SH52T,98.54500000000053,343.4200000000001,441.95500000000175,8176.95,20206.47,28383.42
1MHP_Repair-SL23R,98.5349999999994,341.65999999999985,440.1900000000005,8169.39,20239.11,28408.5
1MHP_Repair-SL27Q,98.30000000000064,343.1299999999992,441.4250000000011,8173.69,20227.88,28401.57
1MHP_Repair-SL90K,96.83999999999969,350.52000000000044,447.3550000000014,8157.89,20184.71,28342.6
1MHP_Repair-SL90Q,98.19000000000005,347.880000000001,446.0750000000007,8173.3,20219.19,28392.48
1MHP_Repair-SL90R,97.69000000000051,352.89500000000044,450.58500000000095,8167.82,20232.12,28399.93
1MHP_Repair-SL90T,98.55999999999995,343.7450000000008,442.3000000000011,8176.97,20209.28,28386.25
1MHP_Repair-SL90W,96.83999999999969,350.52000000000044,447.3550000000014,8157.89,20184.71,28342.6
1MHP_Repair-TH33N,98.28999999999996,341.9400000000005,440.22500000000036,8175.48,20200.91,28376.39
1MHP_Repair-TH33Q,98.10999999999967,342.85999999999876,440.96500000000015,8174.33,20205.81,28380.14
1MHP_Repair-TH33V,100.82499999999982,338.5100000000002,439.3249999999989,8185.16,20185.89,28371.06
1MHP_Repair-TH50E,98.47499999999945,341.9349999999995,440.39999999999964,8175.18,20210.15,28385.34
1MHP_Repair-TH50Q,98.41499999999996,341.8550000000014,440.26500000000124,8174.18,20207.6,28381.78
1MHP_Repair-TH50V,99.15499999999975,340.7649999999994,439.90999999999985,8186.93,20184.25,28371.18
1MHP_Repair-WL89Q,99.36000000000058,343.4200000000001,442.77499999999964,8186.07,20240.4,28426.47
1MHP_Repair-YH58E,98.63000000000011,341.5599999999995,440.1900000000005,8179.65,20216.39,28396.04
1MHP_Repair-YH58Q,98.63000000000011,341.6100000000006,440.2300000000014,8179.07,20212.61,28391.69
1MHP_Repair-YH58W,98.54499999999962,342.71500000000015,441.255000000001,8171.54,20172.87,28344.41
1MHP_Repair-YH59E,98.63999999999987,341.8850000000002,440.52000000000044,8181.89,20213.82,28395.71
1MLC_Repair-KB65D,94.34999999999991,397.8249999999989,492.1749999999993,6896.77,20006.38,26903.15
1MLC_Repair-NA32G,95.76999999999998,393.6700000000001,489.4400000000005,6915.39,20035.59,26950.98
1MLC_Repair-NA32Y,94.51000000000022,398.8150000000005,493.3199999999997,6898.12,20042.87,26941.0
1MLC_Repair-NA92A,105.42499999999973,381.0,486.4250000000011,6918.81,20029.97,26948.78
1MLC_Repair-SB57A,108.01999999999998,382.58500000000095,490.6100000000006,6937.68,20011.59,26949.26
1MLC_Repair-SB57V,110.79500000000007,383.53999999999905,494.33500000000095,6939.03,20006.33,26945.36
1MLC_Repair-TB28D,94.41999999999962,398.1949999999979,492.6150000000016,6899.27,20049.49,26948.76
1MLC_Repair-TB31A,110.79499999999962,376.6350000000002,487.4300000000003,6927.27,20014.55,26941.82
1MLC_Repair-TB31V,115.51999999999998,375.9649999999983,491.4850000000006,6930.79,20005.88,26936.67
1MLC_Repair-TB31W,96.97499999999991,406.71500000000015,503.6950000000015,6892.28,20022.66,26914.94
1MLC_Repair-TB58D,94.375,397.8099999999995,492.1800000000003,6900.05,20046.26,26946.32
1N8Z_Repair-DB102W,176.78499999999985,202.09000000000015,378.875,15264.44,32882.76,48147.2
1N8Z_Repair-FC539A,180.5599999999995,187.51000000000204,368.0749999999971,15281.1,32903.09,48184.19
1N8Z_Repair-HA91F,185.28499999999985,179.59999999999854,364.8849999999984,15297.41,32848.64,48146.05
1N8Z_Repair-LC509A,180.59000000000015,187.2049999999981,367.79499999999825,15284.64,32908.41,48193.05
1N8Z_Repair-NA30S,180.4350000000004,183.35499999999593,363.7900000000009,15289.55,32878.66,48168.21
1N8Z_Repair-RB50A,180.6899999999996,187.7950000000019,368.48499999999694,15307.67,32857.06,48164.73
1N8Z_Repair-RB59A,181.1849999999995,181.77000000000044,362.9549999999981,15321.34,32830.17,48151.51
1N8Z_Repair-SC535A,180.59500000000025,187.2049999999981,367.79499999999825,15362.72,32811.82,48174.55
1N8Z_Repair-TA94S,180.57000000000062,185.31500000000233,365.880000000001,15287.71,32879.2,48166.92
1N8Z_Repair-VC536A,180.60000000000036,187.23500000000058,367.83500000000276,15283.08,32901.3,48184.38
1N8Z_Repair-YB105F,186.0649999999996,179.7599999999984,365.8250000000007,15306.44,32847.85,48154.29
1N8Z_Repair-YB109V,180.67000000000007,187.24499999999898,367.9249999999993,15312.71,32858.99,48171.69
1NCA_Repair-DH101K,116.63500000000022,386.48499999999876,503.125,9567.7,26177.22,35744.91
1NCA_Repair-EH100D,116.83499999999913,375.7549999999992,492.5849999999991,9567.2,26136.87,35704.08
1NCA_Repair-NH102Q,116.78000000000065,382.52000000000044,499.2999999999993,9566.25,26156.29,35722.54
1NCA_Repair-NH31Q,116.90500000000065,380.625,497.52999999999884,9566.82,26159.59,35726.41
1NMB_Repair-DH57E,122.72499999999991,276.47000000000116,399.1949999999997,6833.08,19620.71,26453.79
1NMB_Repair-DH57N,122.73000000000002,274.02500000000146,396.76000000000204,6833.29,19606.32,26439.6
1NMB_Repair-LL94V,120.51999999999998,274.630000000001,395.14999999999964,6836.9,19612.93,26449.83
1NMB_Repair-TL93F,140.85500000000002,257.3199999999997,398.1749999999993,6840.38,19570.41,26410.79
1NMB_Repair-TL93W,120.15000000000009,282.6249999999982,402.77500000000146,6812.23,19584.31,26396.53
1NMB_Repair-YH103A,126.92000000000007,265.5350000000017,392.4549999999999,6861.0,19579.87,26440.87
1NMB_Repair-YH105F,130.8399999999997,263.5899999999983,394.4300000000021,6853.2,19563.31,26416.51
1NMB_Repair-YL32F,125.57499999999936,269.8899999999994,395.46500000000196,6847.81,19571.13,26418.94
1VFB_Repair-DB100A,90.89499999999998,270.9899999999998,361.8850000000002,4701.79,12133.53,16835.32
1VFB_Repair-DB54A,91.27999999999975,273.53999999999996,364.8250000000007,4730.05,12093.67,16823.71
1VFB_Repair-DB58A,74.37000000000035,295.5749999999998,369.9449999999997,4706.36,12125.54,16831.9
1VFB_Repair-DB58E,74.25,295.84500000000025,370.10499999999956,4676.55,12176.87,16853.41
1VFB_Repair-DB58N,74.25500000000011,295.8000000000002,370.0499999999993,4676.66,12162.16,16838.82
1VFB_Repair-DC119A,90.68499999999949,271.8850000000002,362.5749999999989,4711.77,12122.97,16834.74
1VFB_Repair-DC18A,75.02500000000009,295.1350000000002,370.1650000000009,4705.08,12129.06,16834.14
1VFB_Repair-EB98A,74.78999999999996,295.1200000000008,369.90999999999985,4691.38,12135.64,16827.02
1VFB_Repair-GB31A,76.98999999999978,295.8199999999997,372.8100000000013,4682.46,12155.07,16837.53
1VFB_Repair-GB31E,63.89499999999998,317.3150000000005,381.21000000000095,4657.57,12197.66,16855.23
1VFB_Repair-GB31W,64.01499999999987,322.4450000000006,386.46000000000095,4652.77,12151.55,16804.32
1VFB_Repair-HA30A,77.05000000000018,288.4300000000003,365.47500000000036,4717.42,12098.86,16816.28
1VFB_Repair-IC124A,73.96500000000015,296.875,370.85000000000036,4677.92,12192.55,16870.46
1VFB_Repair-KC116A,87.875,274.28999999999996,362.1700000000001,4700.87,12097.99,16798.86
1VFB_Repair-LA46D,74.26999999999998,296.0100000000011,370.27999999999884,4661.09,12197.63,16858.72
1VFB_Repair-LA46E,74.26999999999998,295.9949999999999,370.2649999999994,4660.84,12209.61,16870.45
1VFB_Repair-LC129A,70.26500000000033,294.9499999999998,365.22000000000116,4668.4,12182.49,16850.89
1VFB_Repair-NA31W,75.61500000000024,296.40499999999975,372.02000000000044,4669.74,12121.79,16791.53
1VFB_Repair-NB56A,78.49500000000035,289.6999999999998,368.1949999999997,4736.86,12080.38,16817.24
1VFB_Repair-NC19A,79.75,286.1850000000004,365.9400000000005,4707.2,12122.42,16829.62
1VFB_Repair-QC121A,82.75499999999965,281.14999999999964,363.90499999999884,4713.77,12107.76,16821.54
1VFB_Repair-RB99A,78.24500000000035,286.5749999999998,364.8250000000007,4712.99,12093.69,16806.67
1VFB_Repair-RB99W,74.63499999999976,294.46000000000004,369.09000000000015,4671.51,12104.01,16775.53
1VFB_Repair-RB99Y,74.16999999999962,293.46500000000015,367.630000000001,4677.81,12134.64,16812.46
1VFB_Repair-RC125A,80.54500000000007,282.39999999999964,362.9549999999999,4745.76,12059.18,16804.93
1VFB_Repair-SA93A,83.40999999999985,285.15500000000065,368.5550000000003,4712.97,12125.8,16838.78
1VFB_Repair-SB28D,74.08500000000004,296.0450000000001,370.1299999999992,4672.14,12175.6,16847.74
1VFB_Repair-SB28E,74.06500000000005,296.2049999999999,370.26500000000124,4671.57,12195.09,16866.67
1VFB_Repair-SB28N,74.07999999999993,296.0650000000005,370.1449999999986,4671.95,12177.27,16849.22
1VFB_Repair-SB28Q,73.99499999999989,296.2900000000009,370.2850000000017,4669.71,12192.05,16861.76
1VFB_Repair-SC24A,79.41499999999996,289.71999999999935,369.1399999999994,4695.15,12145.91,16841.06
1VFB_Repair-TA52F,75.45500000000038,294.96999999999935,370.4249999999993,4713.98,12102.84,16816.82
1VFB_Repair-TA53R,74.39499999999998,300.8299999999999,375.22500000000036,4668.1,12189.28,16857.38
1VFB_Repair-TB30A,82.16499999999996,285.7600000000002,367.9299999999985,4711.92,12117.39,16829.31
1VFB_Repair-TC118A,100.13499999999976,264.6750000000002,364.8199999999997,4702.01,12131.31,16833.32
1VFB_Repair-VC120A,73.75,297.3299999999999,371.0849999999991,4672.87,12172.81,16845.68
1VFB_Repair-WA92A,75.92000000000007,290.0100000000011,365.9249999999993,4720.16,12162.13,16882.29
1VFB_Repair-WB52A,80.80999999999995,286.75,367.5550000000003,4710.63,12160.49,16871.13
1VFB_Repair-YA32A,74.92999999999984,294.0450000000001,368.97000000000116,4696.38,12145.5,16841.89
1VFB_Repair-YA32W,74.36499999999978,296.97500000000036,371.33500000000095,4670.55,12130.13,16800.69
1VFB_Repair-YA49A,74.64499999999998,294.90000000000055,369.5450000000001,4694.31,12151.76,16846.07
1VFB_Repair-YA50A,76.61999999999989,289.4300000000003,366.0550000000003,4695.97,12147.79,16843.76
1VFB_Repair-YA50K,74.01999999999998,295.84000000000015,369.85499999999956,4679.83,12196.3,16876.14
1VFB_Repair-YA50R,74.32499999999982,298.34500000000025,372.6749999999993,4675.75,12178.87,16854.61
1VFB_Repair-YB101A,78.07000000000016,288.3200000000006,366.39000000000124,4700.9,12141.81,16842.71
1VFB_Repair-YB101F,82.39999999999964,285.8800000000001,368.28000000000065,4700.85,12113.17,16814.02
1VFB_Repair-YB32A,81.42500000000018,286.97000000000025,368.39500000000044,4705.73,12133.62,16839.35
1VFB_Repair-YB32E,75.28500000000031,295.65499999999975,370.9400000000005,4680.95,12172.15,16853.1
1VFB_Repair-YC23A,80.4699999999998,286.6400000000003,367.1149999999998,4713.6,12123.14,16836.74
1XGP_Repair-AB33F,78.7199999999998,392.1750000000011,470.8899999999994,6948.81,19590.48,26539.29
1XGP_Repair-AB33I,77.88999999999987,392.4249999999993,470.3150000000005,6947.76,19596.15,26543.91
1XGP_Repair-AB33L,78.04500000000007,392.4500000000007,470.4899999999998,6949.1,19596.76,26545.87
1XGP_Repair-AB33V,77.2800000000002,393.1849999999995,470.46500000000015,6951.05,19607.68,26558.73
1XGQ_Repair-VB33A,76.38000000000011,410.1749999999993,486.5549999999985,6988.65,19661.5,26650.15
1XGQ_Repair-VB33F,79.07000000000016,408.6999999999989,487.77000000000044,6987.7,19633.99,26621.69
1XGQ_Repair-VB33I,78.1850000000004,408.9350000000013,487.119999999999,6986.44,19639.6,26626.04
1XGQ_Repair-VB33L,78.38500000000022,408.9549999999999,487.34499999999935,6987.8,19640.21,26628.0
1XGR_Repair-IB33A,77.01000000000022,396.3150000000005,473.3349999999991,7139.92,19482.91,26622.82
1XGR_Repair-IB33F,79.83500000000004,394.58500000000095,474.4249999999993,7139.02,19456.16,26595.18
1XGR_Repair-IB33L,79.04999999999973,394.85499999999956,473.90999999999985,7139.22,19462.22,26601.44
1XGR_Repair-IB33V,78.07999999999993,395.53999999999905,473.625,7141.22,19473.22,26614.44
1XGT_Repair-LB33A,76.83000000000038,395.5599999999995,472.3949999999986,6977.44,19655.94,26633.38
1XGT_Repair-LB33F,79.52500000000009,393.64500000000044,473.15999999999804,6976.43,19629.3,26605.74
1XGT_Repair-LB33I,78.58500000000004,393.8700000000008,472.4549999999999,6975.24,19634.85,26610.09
1XGT_Repair-LB33V,77.85500000000002,394.6700000000001,472.52499999999964,6978.7,19646.39,26625.09
1XGU_Repair-FB33A,82.20499999999993,432.21500000000015,514.4250000000011,6760.37,19681.15,26441.52
1XGU_Repair-FB33I,84.15499999999975,430.6100000000006,514.7649999999994,6757.72,19658.43,26416.15
1XGU_Repair-FB33L,84.37500000000045,430.64500000000044,515.0199999999986,6759.11,19659.05,26418.16
1XGU_Repair-FB33V,83.42999999999984,431.40500000000065,514.8299999999981,6761.3,19670.67,26431.97
1YQV_Repair-RY45K,87.04500000000007,455.3249999999989,542.369999999999,7326.5,19562.4,26888.91
1YY9_Repair-AC25P,112.72999999999956,379.994999999999,492.7300000000032,14524.75,37757.53,52282.28
1YY9_Repair-AD98P,112.94999999999982,379.65999999999985,492.6100000000006,14522.37,37767.43,52289.8
1YY9_Repair-GD54P,126.72499999999945,381.994999999999,508.72000000000116,14527.88,37765.97,52293.85
1YY9_Repair-LD29P,113.00500000000011,380.97499999999854,493.97999999999956,14526.24,37782.76,52309.0
1YY9_Repair-NC93A,128.49499999999898,358.46500000000015,486.9599999999991,14536.59,37769.38,52305.97
1YY9_Repair-ND56A,127.58999999999924,359.47000000000116,487.0550000000003,14560.35,37734.61,52294.97
1YY9_Repair-SC26D,112.88999999999942,381.02000000000044,493.91499999999724,14521.87,37795.93,52317.79
1YY9_Repair-SC26P,114.07999999999993,379.5400000000009,493.619999999999,14584.66,37718.5,52303.16
1YY9_Repair-SC28P,116.72499999999945,377.4349999999977,494.15499999999884,14565.58,37730.39,52295.98
1YY9_Repair-SC54P,112.95499999999902,380.9300000000003,493.8899999999994,14556.7,37738.13,52294.83
1YY9_Repair-SD53P,114.44499999999971,377.8899999999994,492.3299999999981,14543.32,37747.24,52290.57
1YY9_Repair-TC31E,113.0,381.29499999999825,494.29499999999825,14521.72,37796.14,52317.86
1YY9_Repair-TC96P,116.70499999999993,376.2749999999978,492.9850000000006,14542.64,37742.46,52285.1
1YY9_Repair-TD61E,112.91499999999996,381.0400000000009,493.95500000000175,14520.58,37807.31,52327.89
1YY9_Repair-WD52P,116.01499999999942,376.6949999999997,492.71000000000276,14553.94,37773.9,52327.84
1YY9_Repair-YD101P,125.29500000000007,366.59999999999854,491.8950000000041,14574.55,37710.9,52285.45
2B2X_Repair-EH64K,113.25,371.14999999999964,484.3949999999986,8325.32,20396.2,28721.52
2B2X_Repair-VH50T,112.51499999999942,372.3299999999999,484.84000000000196,8311.28,20393.59,28704.87
2B2X_Repair-YL52E,112.75500000000011,370.97999999999956,483.72999999999956,8325.94,20385.59,28711.53
2BDN_Repair-DH31E,128.2199999999998,289.4349999999995,417.66499999999905,6995.35,18955.31,25950.65
2BDN_Repair-LH27K,116.57000000000016,298.41499999999905,414.9899999999998,6954.39,19052.63,26007.02
2BDN_Repair-LH27R,116.69000000000005,303.3600000000006,420.0500000000011,6943.91,19040.39,25984.3
2BDN_Repair-NH28D,128.21500000000015,287.1700000000019,415.3899999999994,6995.71,18936.78,25932.49
2BDN_Repair-NH28Q,128.0550000000003,288.0799999999999,416.1350000000002,6993.57,18949.99,25943.56
2BDN_Repair-NL31K,128.1550000000002,288.1900000000005,416.34500000000116,6996.51,18973.94,25970.45
2BDN_Repair-NL31R,128.3800000000001,289.02000000000044,417.39999999999964,6992.69,18955.83,25948.52
2BDN_Repair-SL53D,128.25000000000045,288.14999999999964,416.40000000000146,6992.99,18950.11,25943.1
2BDN_Repair-SL53E,128.2550000000001,288.6200000000008,416.8700000000008,6992.67,18967.95,25960.62
2BDN_Repair-TL56D,128.93499999999995,289.625,418.5650000000005,6990.54,18941.04,25931.58
2BDN_Repair-TL56E,129.04999999999973,290.8700000000008,419.9200000000019,6989.77,18962.78,25952.55
2BDN_Repair-YL30K,128.10000000000036,284.5849999999991,412.6900000000005,7000.7,18976.49,25977.19
2JEL_Repair-AP82S,136.7149999999997,321.1200000000008,457.8299999999999,7699.96,17438.46,25138.42
2JEL_Repair-DP69E,136.71000000000004,322.84499999999935,459.5550000000003,7738.2,17416.48,25154.68
2JEL_Repair-EP5D,136.7249999999999,320.9300000000003,457.65499999999884,7738.74,17383.07,25121.81
2JEL_Repair-EP5Q,136.6849999999995,321.2000000000007,457.8849999999984,7737.18,17398.96,25136.13
2JEL_Repair-EP66K,137.2249999999999,321.6900000000005,458.9150000000009,7740.81,17420.63,25161.44
2JEL_Repair-EP68A,151.89499999999998,299.22500000000036,451.1149999999998,7782.38,17328.16,25110.55
2JEL_Repair-EP70A,140.29500000000007,314.85000000000036,455.1399999999994,7751.42,17384.37,25135.8
2JEL_Repair-EP70K,136.90499999999975,322.7399999999998,459.6399999999994,7740.16,17419.63,25159.8
2JEL_Repair-EP75R,136.5999999999999,324.40500000000065,461.0100000000002,7733.89,17411.66,25145.55
2JEL_Repair-EP83A,136.7149999999997,321.1299999999992,457.84499999999935,7805.67,17294.08,25099.75
2JEL_Repair-EP85A,136.71500000000015,321.119999999999,457.84000000000015,7885.74,17201.83,25087.57
2JEL_Repair-EP85D,136.70999999999958,321.1200000000008,457.84000000000015,7738.85,17377.66,25116.5
2JEL_Repair-EP85K,136.67000000000007,320.8000000000011,457.46999999999935,7738.33,17384.66,25122.98
2JEL_Repair-EP85Q,136.71500000000015,321.119999999999,457.84000000000015,7736.83,17401.54,25138.37
2JEL_Repair-FP2W,120.99999999999955,341.77499999999964,462.77999999999884,7714.39,17404.05,25118.43
2JEL_Repair-FP2Y,124.14499999999953,336.0700000000015,460.2149999999983,7724.26,17438.76,25163.02
2JEL_Repair-HP76A,137.5250000000001,320.02999999999884,457.5550000000003,7775.61,17343.4,25119.01
2JEL_Repair-HP76D,136.7149999999997,320.9300000000003,457.64999999999964,7739.21,17387.5,25126.7
2JEL_Repair-KP24E,136.70999999999958,321.1200000000008,457.84000000000015,7736.21,17378.42,25114.62
2JEL_Repair-KP27E,136.70999999999958,321.10000000000036,457.8099999999995,7735.02,17379.82,25114.84
2JEL_Repair-KP72E,136.6550000000002,320.494999999999,457.14999999999964,7736.78,17377.38,25114.16
2JEL_Repair-KP72R,136.48999999999978,324.9499999999989,461.4449999999997,7732.29,17386.4,25118.68
2JEL_Repair-KP79E,136.69999999999982,321.20500000000175,457.90999999999985,7735.04,17378.17,25113.21
2JEL_Repair-NP12D,136.7149999999997,321.125,457.83500000000095,7738.63,17399.46,25138.1
2JEL_Repair-NP38T,136.89499999999998,320.97499999999854,457.8649999999998,7742.28,17392.22,25134.5
2JEL_Repair-PP11E,136.7149999999997,321.125,457.83500000000095,7621.42,17557.68,25179.1
2JEL_Repair-QP3K,136.99999999999955,320.2999999999993,457.3049999999985,7741.3,17428.7,25169.99
2JEL_Repair-QP4K,136.6949999999997,321.0049999999992,457.6999999999989,7740.34,17432.29,25172.63
2JEL_Repair-QP57E,136.71500000000015,321.1250000000018,457.8349999999991,7740.19,17403.69,25143.88
2JEL_Repair-QP71E,136.68499999999995,321.0650000000005,457.7599999999984,7739.14,17405.68,25144.81
2JEL_Repair-RP17G,136.7149999999997,321.119999999999,457.84000000000015,7803.39,17263.22,25066.6
2JEL_Repair-RP17K,136.71500000000015,321.1200000000008,457.8349999999991,7748.16,17395.05,25143.21
2JEL_Repair-SP41C,136.2899999999995,319.6850000000013,455.97500000000036,7744.05,17410.82,25154.87
2JEL_Repair-SP43C,136.85499999999956,320.5699999999997,457.4249999999993,7746.51,17404.63,25151.14
2JEL_Repair-SP46C,136.76499999999987,321.1949999999997,457.9599999999991,7743.64,17405.52,25149.16
2JEL_Repair-SP64T,136.64499999999998,321.5599999999995,458.2049999999999,7737.87,17406.99,25144.86
2JEL_Repair-TP34N,136.7149999999997,321.1200000000008,457.8299999999999,7699.96,17438.46,25138.42
2JEL_Repair-TP34Q,136.61499999999978,322.83500000000095,459.4449999999997,7734.06,17409.37,25143.44
2JEL_Repair-TP36Q,140.29500000000007,314.85000000000036,455.1399999999994,7751.42,17384.37,25135.8
2JEL_Repair-TP62A,137.40999999999985,320.1150000000016,457.52499999999964,7760.53,17376.21,25136.74
2JEL_Repair-TP62N,136.6500000000001,321.375,458.0199999999986,7735.44,17402.58,25138.02
2JEL_Repair-TP7N,136.71000000000004,321.09500000000116,457.8099999999995,7734.08,17406.01,25140.09
2JEL_Repair-TP7S,136.72000000000025,321.1299999999992,457.84000000000015,7739.32,17391.77,25131.1
2JEL_Repair-VP6F,136.67000000000007,320.8000000000011,457.46999999999935,7738.33,17384.66,25122.98
2NYY_Repair-DA1030A,104.70499999999811,470.3999999999978,575.1050000000032,24876.74,58761.85,83638.59
2NYY_Repair-DA1034A,107.58500000000095,466.2450000000026,573.8299999999945,24871.6,58771.81,83643.41
2NYY_Repair-DC30Y,102.23000000000138,475.15999999999985,577.3950000000041,24841.27,58796.99,83638.26
2NYY_Repair-EA892A,116.55500000000029,449.5649999999987,566.1199999999953,24869.73,58756.99,83626.72
2NYY_Repair-ED5Q,102.38500000000022,473.12499999999636,575.510000000002,24844.15,58793.58,83637.73
2NYY_Repair-FA889A,101.76999999999862,474.78499999999985,576.5550000000003,24845.2,58820.52,83665.72
2NYY_Repair-FA925A,99.54499999999825,474.6849999999977,574.2299999999959,24847.83,58829.08,83676.91
2NYY_Repair-HA1036A,118.125,448.505000000001,566.6300000000047,24876.85,58750.63,83627.48
2NYY_Repair-HC34R,100.22500000000036,478.41999999999825,578.6450000000041,24840.61,58813.84,83654.45
2NYY_Repair-IA928A,98.80500000000029,473.4900000000016,572.2949999999983,24837.12,58821.99,83659.11
2NYY_Repair-KA1028A,102.51000000000022,473.3000000000029,575.8050000000003,24858.26,58754.81,83613.08
2NYY_Repair-KA875A,104.29999999999927,469.7699999999968,574.0699999999997,24882.08,58708.16,83590.24
2NYY_Repair-KA895A,102.47999999999956,473.3250000000007,575.8000000000029,24859.25,58753.49,83612.75
2NYY_Repair-KD29R,102.32500000000073,473.7599999999984,576.0850000000064,24836.07,58783.77,83619.84
2NYY_Repair-LA891A,97.56999999999971,472.630000000001,570.2000000000044,24845.07,58824.93,83670.01
2NYY_Repair-MD33Q,102.43000000000029,473.48499999999694,575.9099999999962,24830.99,58831.08,83662.07
2NYY_Repair-NA890A,105.02999999999884,470.130000000001,575.1549999999988,24861.99,58781.1,83643.09
2NYY_Repair-NA926A,112.22999999999956,458.6150000000016,570.8450000000012,24869.91,58771.26,83641.17
2NYY_Repair-QA887A,102.52999999999884,473.2350000000006,575.7649999999994,24865.18,58767.19,83632.37
2NYY_Repair-RA1033A,110.02000000000044,456.09000000000015,566.1150000000052,24883.67,58734.48,83618.15
2NYY_Repair-RA1266A,112.22999999999956,452.3999999999978,564.6399999999994,24916.26,58697.82,83614.07
2NYY_Repair-SA874A,104.88000000000102,470.5199999999968,575.4000000000015,24912.67,58726.55,83639.23
2NYY_Repair-SA927A,106.52999999999884,468.3349999999991,574.8699999999953,24881.65,58762.91,83644.55
2NYY_Repair-SC28Q,102.62500000000182,476.5799999999981,579.2049999999945,24841.3,58816.27,83657.57
2NYY_Repair-SC31N,102.78000000000247,478.7199999999975,581.5,24843.67,58800.64,83644.31
2NYY_Repair-TA1035A,118.48499999999876,451.8600000000006,570.3499999999985,24879.5,58756.25,83635.75
2NYY_Repair-VD36I,102.38500000000022,473.119999999999,575.5,24840.82,58789.5,83630.33
2NYY_Repair-YD30D,102.29500000000007,469.7900000000009,572.0850000000064,24846.5,58796.59,83643.09
2NYY_Repair-YD30Q,102.32500000000073,472.1499999999978,574.4749999999985,24845.9,58809.24,83655.14
2NYY_Repair-YD56Q,102.21000000000095,471.72999999999956,573.9400000000023,24845.59,58810.1,83655.69
2NZ9_Repair-DA1030A,102.69499999999971,477.48999999999796,580.1900000000023,24770.32,58719.11,83489.43
2NZ9_Repair-DA1034A,105.375,473.8050000000003,579.1800000000003,24764.94,58728.95,83493.89
2NZ9_Repair-EA892A,114.79999999999927,456.4049999999952,571.2050000000017,24762.72,58715.48,83478.2
2NZ9_Repair-FA889A,99.73000000000138,481.9200000000019,581.6500000000015,24739.89,58776.57,83516.46
2NZ9_Repair-FA925A,97.71500000000015,481.7099999999991,579.435000000005,24742.8,58785.47,83528.26
2NZ9_Repair-HA1036A,116.7450000000008,454.7900000000009,571.5350000000035,24770.61,58707.45,83478.06
2NZ9_Repair-IA928A,96.90000000000146,480.77500000000146,577.6750000000029,24731.94,58778.34,83510.28
2NZ9_Repair-KA1028A,100.4950000000008,480.29999999999563,580.8000000000029,24752.73,58710.66,83463.38
2NZ9_Repair-KA875A,102.67000000000007,476.2199999999975,578.8899999999994,24777.32,58662.87,83440.19
2NZ9_Repair-KA895A,100.47000000000116,480.33000000000175,580.8050000000003,24753.8,58709.44,83463.24
2NZ9_Repair-LA891A,95.69000000000051,479.77999999999884,575.4649999999965,24740.13,58780.78,83520.91
2NZ9_Repair-NA890A,103.00500000000102,477.0,580.0,24755.5,58738.86,83494.36
2NZ9_Repair-NA926A,109.70499999999993,466.39500000000044,576.1050000000032,24763.62,58728.76,83492.37
2NZ9_Repair-QA887A,100.51500000000124,480.23999999999796,580.7549999999974,24759.35,58724.25,83483.6
2NZ9_Repair-RA1033A,108.03500000000167,463.2999999999993,571.3349999999919,24777.17,58692.15,83469.32
2NZ9_Repair-RA1266A,111.06499999999869,458.2350000000006,569.3050000000076,24810.83,58653.61,83464.43
2NZ9_Repair-SA874A,104.15000000000146,476.02999999999884,580.179999999993,24804.46,58685.7,83490.16
2NZ9_Repair-SA927A,105.38999999999942,474.1900000000023,579.5800000000017,24776.02,58719.64,83495.66
2NZ9_Repair-TA1035A,118.27000000000044,456.58000000000175,574.8499999999985,24771.69,58715.7,83487.39
2VIR_Repair-SC115L,163.71500000000015,297.10499999999956,460.8149999999987,10271.76,22291.83,32563.6
2VIR_Repair-TC89I,163.0,294.2999999999993,457.3000000000011,10266.94,22291.29,32558.23
2VIS_Repair-IC89T,149.34500000000025,306.8949999999986,456.23499999999876,10262.21,22304.27,32566.49
3BN9_Repair-DB214A,282.22499999999945,521.7000000000007,803.9150000000009,9625.76,20236.12,29861.89
3BN9_Repair-DB46A,273.28499999999985,533.5149999999994,806.8050000000021,9625.41,20231.9,29857.3
3BN9_Repair-DB47A,281.4449999999997,522.1999999999989,803.6450000000004,9621.73,20238.38,29860.1
3BN9_Repair-DB91A,284.97500000000036,519.8199999999997,804.7900000000009,9614.18,20251.24,29865.42
3BN9_Repair-EB163A,267.8149999999996,542.6099999999988,810.4150000000009,9626.54,20215.02,29841.57
3BN9_Repair-FB50A,268.3299999999999,541.5799999999999,809.9050000000025,9586.98,20290.8,29877.78
3BN9_Repair-FB89A,267.9399999999996,543.8449999999993,811.7750000000015,9601.9,20285.13,29887.04
3BN9_Repair-FB92A,245.63999999999942,543.7049999999999,789.340000000002,9596.45,20291.89,29888.34
3BN9_Repair-HB138A,268.47000000000025,540.1700000000001,808.6350000000002,9617.23,20235.45,29852.68
3BN9_Repair-IB26A,267.3800000000001,542.1149999999998,809.4900000000016,9595.88,20286.49,29882.37
3BN9_Repair-IB45A,265.08500000000004,543.3549999999996,808.4350000000013,9595.84,20290.88,29886.72
3BN9_Repair-KB221A,267.6199999999999,542.2299999999996,809.8449999999993,9614.6,20212.74,29827.34
3BN9_Repair-LB147A,267.40999999999985,542.0599999999995,809.4650000000001,9592.03,20282.22,29874.25
3BN9_Repair-NB90A,273.6750000000002,531.5599999999995,805.2300000000014,9620.48,20236.79,29857.27
3BN9_Repair-PD104H,257.0749999999998,554.9499999999989,812.0300000000007,9534.16,20364.22,29898.37
3BN9_Repair-QB140A,268.2300000000005,540.9500000000007,809.1750000000011,9628.55,20215.39,29843.94
3BN9_Repair-QB168A,267.6199999999999,542.2299999999996,809.8449999999993,9614.6,20212.74,29827.34
3BN9_Repair-QB169A,275.52499999999964,530.1650000000009,805.6949999999997,9628.12,20221.28,29849.39
3BN9_Repair-QB218A,267.8800000000001,541.5599999999995,809.4349999999995,9626.91,20218.33,29845.24
3BN9_Repair-QB23A,267.4399999999996,542.0349999999999,809.4700000000012,9692.83,20127.68,29820.51
3BN9_Repair-QD105V,294.47000000000025,508.84500000000116,803.3150000000005,9651.36,20181.53,29832.89
3BN9_Repair-RB219A,267.71000000000004,542.4599999999991,810.1650000000009,9640.62,20171.15,29811.77
3BN9_Repair-RB48A,298.3699999999999,491.0450000000001,789.4100000000017,9659.57,20152.28,29811.85
3BN9_Repair-RB51A,268.0600000000004,543.2199999999993,811.2750000000015,9639.07,20188.37,29827.44
3BN9_Repair-RB82A,281.4449999999997,522.1999999999989,803.6450000000004,9621.73,20238.38,29860.1
3BN9_Repair-SD30G,272.4899999999998,534.25,806.7399999999998,9612.19,20256.83,29869.02
3BN9_Repair-SD30N,267.52999999999975,544.9799999999996,812.5100000000002,9591.69,20274.24,29865.93
3BN9_Repair-TB144A,267.5100000000002,541.9650000000001,809.4650000000001,9657.72,20190.16,29847.88
3BN9_Repair-TB93A,280.4350000000004,526.8549999999996,807.2850000000017,9617.31,20240.21,29857.52
3BN9_Repair-TD102Q,267.0600000000004,541.619999999999,808.6849999999995,9591.65,20287.79,29879.43
3BN9_Repair-TD102R,266.59500000000025,540.6999999999989,807.2950000000001,9587.22,20311.74,29898.96
3BN9_Repair-TD28R,267.1900000000005,547.4699999999993,814.6550000000007,9576.83,20313.45,29890.28
3BN9_Repair-YB141A,276.6899999999996,528.7549999999992,805.4400000000023,9637.09,20224.3,29861.39
3BN9_Repair-YB52A,267.8200000000006,543.4549999999999,811.2749999999996,9620.9,20243.84,29864.74
3BN9_Repair-YD103S,268.5650000000005,533.8249999999989,802.3950000000004,9602.99,20246.11,29849.1
3G6D_Repair-FH103A,154.83500000000004,307.1750000000011,462.0049999999992,8929.17,17848.91,26778.08
3G6D_Repair-HH104A,160.15499999999975,309.53000000000065,469.6749999999993,8943.56,17800.76,26744.33
3G6D_Repair-WH105A,166.78999999999996,285.41499999999905,452.2000000000007,8970.18,17826.99,26797.17
3HFM_Repair-DH32A,92.74999999999955,371.8050000000003,464.5549999999985,7018.06,20056.28,27074.34
3HFM_Repair-DH32N,83.14999999999964,386.494999999999,469.64500000000044,6993.75,20083.68,27077.43
3HFM_Repair-DY101A,109.60000000000036,350.8000000000011,460.39500000000044,7028.0,20046.21,27074.21
3HFM_Repair-DY101E,83.07000000000016,390.0700000000015,473.1350000000002,6993.41,20098.3,27091.71
3HFM_Repair-DY101F,120.63000000000011,354.27999999999884,474.89999999999964,7024.21,20022.99,27047.21
3HFM_Repair-DY101G,105.57000000000016,350.22999999999956,455.7950000000001,7023.61,20050.58,27074.19
3HFM_Repair-DY101K,83.61999999999989,389.1849999999995,472.8050000000003,6996.22,20121.66,27117.87
3HFM_Repair-DY101N,83.12000000000035,386.71000000000095,469.8249999999989,6993.66,20083.84,27077.5
3HFM_Repair-DY101Q,82.82000000000016,391.15999999999985,473.97999999999956,6992.14,20094.68,27086.82
3HFM_Repair-DY101R,81.67999999999984,401.26500000000124,482.9449999999997,6986.35,20110.41,27096.75
3HFM_Repair-DY101S,83.75500000000011,379.21000000000095,462.9599999999991,6996.9,20074.35,27071.25
3HFM_Repair-GY102V,91.11000000000013,384.71500000000015,475.8249999999989,7013.13,20065.87,27079.0
3HFM_Repair-HY15A,92.14499999999998,372.47500000000036,464.619999999999,7024.29,20039.35,27063.64
3HFM_Repair-IY98A,82.29000000000042,386.89999999999964,469.1799999999985,7000.87,20102.58,27103.45
3HFM_Repair-KY96A,86.36500000000024,380.8899999999994,467.244999999999,7025.66,20006.72,27032.38
3HFM_Repair-KY96M,88.07500000000027,379.5750000000007,467.64500000000044,7026.29,19989.6,27015.89
3HFM_Repair-KY96R,82.85500000000047,387.39000000000124,470.2399999999998,6985.9,20065.48,27051.37
3HFM_Repair-KY97A,88.80500000000029,376.40000000000146,465.1999999999989,7025.32,20003.92,27029.24
3HFM_Repair-KY97D,82.92500000000018,384.53000000000065,467.4499999999989,6992.41,20041.27,27033.68
3HFM_Repair-KY97E,82.89000000000033,385.97999999999956,468.8700000000008,6992.19,20057.68,27049.87
3HFM_Repair-KY97G,87.68000000000029,376.5149999999994,464.1849999999995,7019.08,20008.5,27027.59
3HFM_Repair-KY97M,91.31500000000005,376.1650000000009,467.47999999999956,7029.79,19986.42,27016.21
3HFM_Repair-KY97R,82.25500000000056,389.8000000000011,472.0450000000001,6987.98,20066.34,27054.32
3HFM_Repair-LY75A,77.68000000000029,383.5400000000009,461.21500000000015,6991.04,20103.67,27094.71
3HFM_Repair-NL31A,91.44500000000016,374.0100000000002,465.4549999999999,7012.86,20064.09,27076.95
3HFM_Repair-NL31D,83.1550000000002,385.9400000000005,469.09000000000015,6993.86,20081.82,27075.68
3HFM_Repair-NL31E,83.125,388.4599999999991,471.5849999999991,6993.65,20093.5,27087.15
3HFM_Repair-NL32A,86.73499999999967,380.0450000000001,466.77499999999964,7009.27,20069.71,27078.99
3HFM_Repair-NY19D,83.15000000000009,386.02000000000044,469.15999999999985,6993.83,20081.27,27075.11
3HFM_Repair-NY19K,83.1850000000004,387.78499999999985,470.96999999999935,6994.65,20121.29,27115.93
3HFM_Repair-NY19Q,83.12500000000045,387.9599999999991,471.0799999999999,6993.28,20094.72,27088.0
3HFM_Repair-NY93A,87.0,380.46500000000015,467.4549999999999,7035.27,20034.38,27069.66
3HFM_Repair-QL53A,84.54500000000053,382.4400000000005,466.9850000000006,7035.69,20017.1,27052.78
3HFM_Repair-RY21A,101.96000000000004,354.7850000000017,456.7450000000008,7040.46,20004.3,27044.76
3HFM_Repair-RY21E,83.90999999999985,380.625,464.53499999999985,7001.27,20066.57,27067.84
3HFM_Repair-RY21G,99.05500000000029,354.8249999999989,453.875,7035.04,20007.56,27042.6
3HFM_Repair-RY21H,83.84000000000015,380.6100000000006,464.4399999999987,7000.51,20063.12,27063.63
3HFM_Repair-RY21K,84.22000000000025,381.02500000000146,465.244999999999,7004.23,20089.85,27094.08
3HFM_Repair-RY21M,107.125,354.65999999999985,461.78000000000065,7041.88,19992.97,27034.85
3HFM_Repair-RY21N,83.94000000000005,378.2049999999999,462.1399999999994,7001.54,20050.73,27052.27
3HFM_Repair-RY21Q,83.77500000000009,380.9449999999997,464.71500000000015,6999.93,20063.28,27063.21
3HFM_Repair-RY21W,82.07000000000016,384.6900000000005,466.75,6982.95,20031.3,27014.26
3HFM_Repair-RY73A,88.6850000000004,369.39500000000044,458.0699999999979,7024.19,20026.93,27051.13
3HFM_Repair-SH31A,92.79499999999962,375.744999999999,468.5400000000009,7025.56,20053.83,27079.39
3HFM_Repair-SY100A,93.96500000000015,374.16499999999905,468.125,7022.51,20057.49,27080.0
3HFM_Repair-TY89A,85.2199999999998,383.5,468.7049999999999,7040.64,20024.67,27065.32
3HFM_Repair-WH98A,84.91499999999951,378.2399999999998,463.1600000000017,7024.39,20088.99,27113.37
3HFM_Repair-WH98F,88.21000000000004,378.64000000000124,466.85499999999956,7030.92,20058.01,27088.93
3HFM_Repair-WY63A,84.98000000000047,385.9549999999999,470.9349999999995,7019.28,20101.39,27120.66
3HFM_Repair-YH33A,85.47000000000025,381.72500000000036,467.2000000000007,7011.16,20072.93,27084.08
3HFM_Repair-YH33F,88.45500000000038,379.4599999999991,467.9200000000019,7012.11,20041.79,27053.89
3HFM_Repair-YH33L,87.6850000000004,379.8249999999989,467.5099999999984,7011.75,20048.9,27060.65
3HFM_Repair-YH33W,83.73999999999978,385.78000000000065,469.5249999999978,6988.99,20047.16,27036.15
3HFM_Repair-YH50A,83.69499999999971,386.02499999999964,469.72000000000116,7012.74,20071.15,27083.89
3HFM_Repair-YH50F,83.80500000000029,385.02000000000044,468.8249999999989,7008.59,20049.18,27057.77
3HFM_Repair-YH50L,83.61999999999989,389.1849999999995,472.8050000000003,6996.22,20121.66,27117.87
3HFM_Repair-YH53A,90.73999999999978,370.7999999999993,461.53499999999804,7025.74,20052.7,27078.45
3HFM_Repair-YH53F,99.5649999999996,368.7950000000001,468.3600000000006,7034.35,20014.26,27048.6
3HFM_Repair-YH53L,97.50000000000045,369.22500000000036,466.72499999999854,7031.95,20022.77,27054.72
3HFM_Repair-YH53W,84.31500000000005,388.8849999999984,473.1949999999979,6991.2,20041.24,27032.45
3HFM_Repair-YH58A,85.44500000000016,381.85999999999876,467.2999999999993,7030.71,20041.33,27072.04
3HFM_Repair-YH58F,87.34000000000015,381.4549999999999,468.7950000000019,7032.92,20017.93,27050.85
3HFM_Repair-YH58L,86.89500000000044,381.5649999999987,468.4599999999991,7031.83,20023.06,27054.89
3HFM_Repair-YL50A,81.67999999999984,401.26500000000124,482.9449999999997,6986.35,20110.41,27096.75
3HFM_Repair-YL50F,88.99499999999989,379.8850000000002,468.8799999999992,7016.74,20037.45,27054.19
3HFM_Repair-YL50L,88.33500000000049,379.5450000000001,467.8850000000002,7016.95,20042.67,27059.62
3HFM_Repair-YL96A,83.60000000000036,386.0599999999995,469.6650000000009,7021.82,20057.46,27079.28
3HFM_Repair-YL96F,83.61500000000024,385.3799999999992,468.9950000000026,7017.54,20036.38,27053.92
3HFM_Repair-YY20A,90.83500000000004,374.2549999999992,465.09000000000015,7014.13,20074.29,27088.42
3HFM_Repair-YY20F,94.79000000000042,371.27499999999964,466.0599999999995,7013.7,20038.66,27052.37
3HFM_Repair-YY20L,93.82000000000016,371.9150000000009,465.73499999999876,7013.49,20046.42,27059.91
3L5X_Repair-YL94A,42.900000000000546,214.21999999999935,257.1299999999992,8319.08,18565.63,26884.7
3LZF_Repair-DA187E,207.32499999999982,560.7050000000017,768.0349999999999,13768.43,30998.25,44766.68
3LZF_Repair-DA222G,207.32999999999993,560.710000000001,768.0400000000009,13810.09,30918.27,44728.36
3N85_Repair-SH32A,155.90999999999985,427.90999999999985,583.8149999999987,16570.63,34885.35,51455.98
3N85_Repair-SH32Y,152.26000000000204,434.15999999999985,586.4150000000009,16557.35,34892.72,51450.08
3N85_Repair-SH50G,151.73000000000138,432.9300000000003,584.6649999999972,16574.12,34882.5,51456.62
3N85_Repair-SH52Y,151.72999999999956,433.005000000001,584.7350000000006,16555.24,34897.67,51452.92
3N85_Repair-WH100F,164.125,417.9500000000007,582.0699999999997,16591.23,34869.9,51461.14
3N85_Repair-WH30K,151.60499999999956,438.02999999999884,589.640000000003,16575.52,34949.31,51524.82
3N85_Repair-WH30R,151.5450000000019,436.48999999999796,588.0299999999988,16568.92,34936.16,51505.08
3N85_Repair-WL91F,152.48499999999876,432.3899999999994,584.880000000001,16587.33,34877.61,51464.93
3N85_Repair-WL94Y,150.65999999999985,429.2549999999974,579.9099999999999,16577.06,34913.19,51490.25
3NGB_Repair-AH57G,292.9250000000002,390.8199999999997,683.7400000000016,11795.9,28129.58,39925.48
3NGB_Repair-DH103A,300.85000000000036,383.77999999999884,684.630000000001,11874.16,28030.71,39904.87
3NGB_Repair-EL88A,301.4300000000003,381.375,682.7950000000019,11820.77,28090.68,39911.45
3NGB_Repair-FL89A,293.9849999999997,391.3099999999995,685.2949999999983,11801.44,28147.72,39949.16
3NGB_Repair-GH55A,301.96500000000015,391.5550000000003,693.5149999999994,11800.49,28122.9,39923.39
3NGB_Repair-GH55S,275.53000000000065,420.97999999999956,696.505000000001,11778.14,28142.15,39920.29
3NGB_Repair-GH56A,275.53000000000065,420.97999999999956,696.505000000001,11778.14,28142.15,39920.29
3NGB_Repair-IH30A,295.72000000000025,391.1399999999994,686.8449999999975,11800.35,28150.93,39951.29
3NGB_Repair-IH30T,294.3949999999995,393.0049999999992,687.3950000000041,11768.7,28188.22,39956.92
3NGB_Repair-KH52A,298.5500000000002,387.1949999999979,685.7450000000026,11816.14,28070.99,39887.13
3NGB_Repair-KH52N,296.10499999999956,390.4200000000001,686.5200000000004,11794.41,28096.57,39890.98
3NGB_Repair-MH70A,296.08500000000004,392.255000000001,688.3350000000028,11796.01,28143.42,39939.43
3NGB_Repair-NH105A,298.25,388.0599999999995,686.3050000000003,11812.73,28111.44,39924.17
3NGB_Repair-NH59A,307.8200000000006,373.6399999999994,681.4500000000007,11815.06,28110.06,39925.12
3NGB_Repair-PH63A,290.9549999999999,392.2099999999991,683.1599999999999,11786.41,28140.52,39926.93
3NGB_Repair-PH63K,283.3599999999997,403.90999999999985,687.2649999999994,11733.67,28256.55,39990.22
3NGB_Repair-QH65A,299.39999999999964,386.6700000000001,686.0650000000023,11849.78,28047.06,39896.84
3NGB_Repair-QL25A,299.64999999999964,386.0699999999997,685.7050000000017,11865.57,28029.75,39895.33
3NGB_Repair-RH54A,312.4450000000006,362.8150000000005,675.255000000001,11839.08,28066.34,39905.42
3NGB_Repair-RH54N,299.21500000000015,380.9449999999997,680.1549999999988,11805.9,28102.02,39907.92
3NGB_Repair-RH62A,315.6449999999995,353.3899999999994,669.0349999999999,11851.65,28043.03,39894.68
3NGB_Repair-RH62Q,297.1200000000008,382.89999999999964,680.015000000003,11806.07,28106.77,39912.84
3NGB_Repair-RH72A,298.41999999999916,389.97999999999956,688.4000000000015,11825.44,28083.29,39908.72
3NGB_Repair-SL28A,297.2599999999993,390.46500000000015,687.7199999999975,11836.19,28089.57,39925.76
3NGB_Repair-TH33A,297.22000000000025,390.53999999999905,687.7549999999974,11815.71,28105.62,39921.33
3NGB_Repair-TH33Y,296.1099999999997,391.22500000000036,687.3349999999991,11792.58,28123.94,39916.51
3NGB_Repair-VH58A,306.77499999999964,375.5,682.2700000000004,11884.48,28014.53,39899.01
3NGB_Repair-VH58T,285.6099999999997,403.39500000000044,688.9950000000026,11780.62,28153.75,39934.38
3NGB_Repair-VH74A,295.4499999999998,392.09499999999935,687.5400000000009,11792.61,28140.44,39933.05
3NGB_Repair-VH74T,292.4549999999999,395.6949999999997,688.1499999999978,11761.07,28177.47,39938.54
3NGB_Repair-VL1A,295.10499999999956,390.244999999999,685.3449999999975,11790.27,28134.24,39924.51
3NGB_Repair-WH106A,297.65999999999985,388.85499999999956,686.5099999999984,11823.85,28147.36,39971.21
3NGB_Repair-WH47A,297.1950000000006,391.8099999999995,688.994999999999,11830.46,28131.94,39962.4
3NGB_Repair-WH50A,299.5199999999995,389.1149999999998,688.625,11830.49,28127.81,39958.31
3NGB_Repair-YH104A,300.1399999999994,382.8199999999997,682.9599999999991,11843.87,28073.03,39916.9
3NGB_Repair-YH60A,301.97499999999945,381.72499999999854,683.6949999999997,11824.03,28104.9,39928.93
3NGB_Repair-YH75A,309.3649999999998,368.005000000001,677.364999999998,11868.59,28041.25,39909.83
3NGB_Repair-YH75S,295.2449999999999,384.0499999999993,679.2949999999983,11806.09,28102.96,39909.05
3NGB_Repair-YL26A,306.77499999999964,375.5,682.2700000000004,11884.48,28014.53,39899.01
3NGB_Repair-YL26S,297.10499999999956,386.22999999999956,683.3250000000007,11805.68,28094.46,39900.14
3NGB_Repair-YL87A,301.8250000000007,380.75,682.5750000000044,11826.8,28098.4,39925.2
3NPS_Repair-DA214A,180.6200000000008,394.5149999999994,575.1399999999994,9410.57,21084.15,30494.72
3NPS_Repair-DA46A,164.8800000000001,415.28000000000065,580.1599999999999,9411.95,21078.41,30490.36
3NPS_Repair-DA47A,169.64000000000033,406.5599999999995,576.2000000000007,9419.49,21072.73,30492.22
3NPS_Repair-DA91A,176.35000000000036,400.8849999999984,577.2350000000006,9406.25,21090.29,30496.54
3NPS_Repair-EA163A,164.5649999999996,414.89999999999964,579.465000000002,9401.44,21081.04,30482.48
3NPS_Repair-FA50A,164.6199999999999,414.16499999999905,578.7800000000007,9364.85,21155.05,30519.91
3NPS_Repair-FA89A,165.88500000000022,415.27500000000146,581.1599999999999,9375.43,21151.42,30526.85
3NPS_Repair-FA92A,147.40499999999975,415.28499999999985,562.6949999999997,9362.17,21158.98,30521.15
3NPS_Repair-HA138A,165.875,413.3850000000002,579.2649999999994,9392.3,21097.57,30489.86
3NPS_Repair-IA26A,164.35499999999956,414.84999999999854,579.2049999999999,9371.34,21150.99,30522.33
3NPS_Repair-IA45A,164.36499999999978,414.9400000000005,579.3050000000021,9366.7,21157.1,30523.8
3NPS_Repair-KA221A,164.71500000000015,414.7400000000016,579.460000000001,9390.3,21075.6,30465.89
3NPS_Repair-LA147A,164.5600000000004,415.03499999999985,579.5949999999993,9366.6,21145.48,30512.08
3NPS_Repair-NA90A,165.125,414.0400000000009,579.1650000000009,9407.39,21081.21,30488.6
3NPS_Repair-QA140A,166.71500000000015,412.14999999999964,578.8650000000016,9403.49,21077.9,30481.39
3NPS_Repair-QA168A,166.39500000000044,411.6350000000002,578.0300000000007,9449.47,21009.1,30458.57
3NPS_Repair-QA169A,165.96500000000015,412.76500000000124,578.7300000000014,9416.36,21065.42,30481.78
3NPS_Repair-QA218A,164.95500000000084,414.2699999999986,579.2350000000006,9402.56,21081.09,30483.64
3NPS_Repair-QA23A,167.03499999999985,409.3799999999992,576.4150000000009,9462.54,21002.87,30465.41
3NPS_Repair-RA219A,164.78499999999985,415.27499999999964,580.0599999999995,9417.32,21032.95,30450.27
3NPS_Repair-RA48A,183.46000000000004,380.0650000000005,563.5300000000007,9462.38,20980.84,30443.21
3NPS_Repair-RA51A,165.42000000000007,415.6999999999989,581.1200000000008,9413.03,21054.95,30467.98
3NPS_Repair-RA82A,164.5550000000003,414.84499999999935,579.3999999999996,9407.05,21055.32,30462.37
3NPS_Repair-TA144A,172.9900000000007,404.2599999999984,577.2500000000018,9413.65,21078.08,30491.73
3NPS_Repair-TA93A,171.46500000000015,406.8150000000005,578.2800000000007,9401.23,21093.8,30495.03
3NPS_Repair-YA141A,179.30000000000018,398.2099999999991,577.5150000000012,9400.98,21099.54,30500.52
3NPS_Repair-YA52A,164.8050000000003,415.47500000000036,580.2800000000007,9396.9,21107.84,30504.74
3SE8_Repair-DH110A,421.72000000000025,540.7350000000006,962.4549999999981,11412.92,26744.57,38157.48
3SE8_Repair-DH114A,425.5150000000003,535.1750000000011,960.6900000000023,11333.56,26846.55,38180.11
3SE8_Repair-DL49A,420.2000000000007,543.4049999999988,963.6000000000022,11328.41,26851.47,38179.88
3SE8_Repair-EL1A,449.25,504.26500000000124,953.5149999999994,11367.25,26784.01,38151.26
3SE8_Repair-EL91A,425.5749999999998,533.5599999999995,959.1349999999984,11323.13,26850.44,38173.57
3SE8_Repair-FH115A,419.34999999999945,543.5249999999996,962.875,11304.7,26905.63,38210.33
3SE8_Repair-FL90A,414.96500000000106,542.5100000000002,957.4750000000022,11304.63,26907.32,38211.95
3SE8_Repair-FL92A,417.7950000000001,543.9599999999991,961.7549999999974,11308.83,26901.11,38209.94
3SE8_Repair-GH56A,421.52500000000055,542.0900000000001,963.6200000000026,11303.47,26878.84,38182.31
3SE8_Repair-KH52A,421.8249999999998,539.2849999999999,961.1150000000016,11318.34,26830.39,38148.73
3SE8_Repair-LH54A,414.0,546.7549999999992,960.755000000001,11306.43,26900.16,38206.6
3SE8_Repair-NL30A,423.4299999999994,537.625,961.0600000000013,11361.17,26815.34,38176.51
3SE8_Repair-PH78A,410.53500000000076,545.085000000001,955.614999999998,11284.22,26906.69,38190.91
3SE8_Repair-PH81A,416.21499999999924,544.0100000000002,960.2250000000022,11294.51,26904.91,38199.42
3SE8_Repair-QH63A,433.2099999999991,522.8049999999985,956.015000000003,11348.29,26808.31,38156.6
3SE8_Repair-QH65A,423.1800000000003,538.6450000000004,961.8300000000017,11356.97,26798.53,38155.49
3SE8_Repair-QH76A,435.1449999999995,520.1250000000018,955.2700000000004,11343.1,26815.37,38158.47
3SE8_Repair-QL27A,420.53499999999985,542.6650000000009,963.1949999999997,11366.89,26788.03,38154.93
3SE8_Repair-RH30A,422.9200000000001,536.4650000000001,959.3800000000047,11332.32,26832.37,38164.7
3SE8_Repair-RH62A,442.5050000000001,500.40500000000065,942.9100000000035,11340.32,26817.1,38157.42
3SE8_Repair-RH72A,421.4449999999997,543.005000000001,964.4550000000017,11328.07,26836.78,38164.84
3SE8_Repair-SH59A,431.1800000000003,530.869999999999,962.0550000000039,11316.84,26869.9,38186.74
3SE8_Repair-VH58A,418.6349999999993,543.7350000000006,962.369999999999,11302.78,26887.98,38190.76
3SE8_Repair-WH47A,421.9150000000009,542.835000000001,964.75,11334.64,26884.27,38218.91
3SE8_Repair-WH50A,422.9299999999994,541.7950000000001,964.7250000000022,11334.04,26884.11,38218.15
3SE8_Repair-WH55A,451.2049999999999,482.8850000000002,934.0900000000001,11347.98,26880.41,38228.39
3SE8_Repair-YH111A,451.2049999999999,482.8850000000002,934.0900000000001,11347.98,26880.41,38228.39
3SE8_Repair-YH60A,425.83999999999924,533.6599999999999,959.5000000000036,11327.35,26860.36,38187.71
3SE9_Repair-DH77A,313.5500000000002,329.3349999999991,642.880000000001,11731.42,26897.33,38628.74
3SE9_Repair-EL90A,308.9950000000008,335.1999999999989,644.1949999999997,11703.14,26920.31,38623.44
3SE9_Repair-FL91A,302.6650000000009,343.83000000000175,646.489999999998,11681.05,26980.71,38661.76
3SE9_Repair-GH106A,306.8550000000005,344.8000000000011,651.6450000000004,11687.08,26958.87,38645.96
3SE9_Repair-GH107A,306.9800000000005,344.9249999999993,651.8999999999978,11684.06,26957.99,38642.05
3SE9_Repair-GH109A,305.1399999999994,344.46500000000015,649.6049999999996,11679.29,26956.61,38635.9
3SE9_Repair-GH57A,306.1149999999998,343.27499999999964,649.3849999999984,11679.78,26958.74,38638.52
3SE9_Repair-GH62A,305.6999999999998,343.9500000000007,649.6499999999978,11678.94,26958.67,38637.6
3SE9_Repair-GL29A,304.77500000000055,344.3150000000005,649.0799999999981,11682.01,26956.31,38638.32
3SE9_Repair-LH34A,304.8149999999996,345.2049999999999,650.0149999999958,11680.86,26981.65,38662.51
3SE9_Repair-LL89A,301.5099999999993,342.9100000000017,644.4200000000019,11677.87,26982.26,38660.13
3SE9_Repair-NH60A,314.0,328.8250000000007,642.8199999999997,11694.73,26946.07,38640.8
3SE9_Repair-PH64A,298.6800000000003,345.3700000000008,644.0449999999983,11659.18,26984.71,38643.89
3SE9_Repair-RH67A,307.53499999999985,335.9900000000016,643.5149999999994,11712.0,26903.25,38615.25
3SE9_Repair-RH74A,305.78500000000076,343.2900000000009,649.0699999999997,11702.74,26917.86,38620.6
3SE9_Repair-RH76A,305.8100000000004,337.4449999999997,643.25,11718.72,26898.45,38617.17
3SE9_Repair-TH105A,306.7950000000001,341.04499999999825,647.8299999999981,11725.41,26904.9,38630.32
3SE9_Repair-TH56A,331.0749999999998,310.2399999999998,641.3099999999977,11703.6,26931.06,38634.67
3SE9_Repair-VH55A,300.875,345.01500000000124,645.8899999999994,11675.15,26972.8,38647.95
3SE9_Repair-VH59A,302.77499999999964,344.2450000000008,647.0099999999984,11678.2,26969.03,38647.24
3SE9_Repair-VL3A,304.14999999999964,343.26500000000124,647.4049999999988,11678.86,26967.48,38646.34
3SE9_Repair-WH48A,305.28499999999985,344.14500000000044,649.4249999999993,11710.14,26957.6,38667.74
3SE9_Repair-WH51A,307.0699999999997,342.7950000000019,649.8600000000006,11710.2,26961.39,38671.59
3SE9_Repair-YH104A,308.1149999999998,336.3250000000007,644.4349999999977,11756.18,26856.96,38613.14
3SE9_Repair-YL28A,302.77499999999964,344.2450000000008,647.0099999999984,11678.2,26969.03,38647.24
3W2D_Repair-KA67N,70.27000000000044,251.03499999999985,321.3050000000003,8538.57,24914.33,33452.9
3W2D_Repair-KA67Q,70.36500000000069,253.95000000000073,324.3150000000023,8537.96,24922.53,33460.49
3W2D_Repair-KA67R,70.73999999999978,261.0750000000007,331.8150000000023,8535.62,24929.23,33464.85
3W2D_Repair-YA45E,71.00500000000011,252.9850000000024,323.994999999999,8543.9,24963.01,33506.9
3W2D_Repair-YA45F,87.73499999999967,232.86499999999978,320.60499999999956,8556.83,24914.3,33471.12
3W2D_Repair-YA45L,86.65999999999985,232.35000000000218,319.005000000001,8558.05,24918.03,33476.08
4GXU_Repair-DA189E,124.34500000000116,369.7250000000022,494.07500000000437,24941.35,63535.02,88476.37
4GXU_Repair-DA224G,131.1899999999987,351.65999999999985,482.84999999999854,24968.11,63490.38,88458.49
4I77_Repair-DH54A,203.3149999999996,409.5650000000005,612.880000000001,7929.85,18601.63,26531.48
4I77_Repair-NL95A,180.19500000000016,442.2450000000008,622.4450000000015,7914.03,18620.02,26534.05
4I77_Repair-WH52A,186.87500000000045,430.8600000000006,617.7350000000006,7929.46,18639.76,26569.22
4I77_Repair-WH52F,188.52999999999975,431.7450000000008,620.2749999999996,7922.68,18625.73,26548.41
4I77_Repair-YH100A,200.7750000000001,408.7300000000014,609.5100000000002,7927.63,18606.03,26533.66
4I77_Repair-YH100F,214.57500000000027,404.71500000000015,619.2900000000009,7924.28,18588.84,26513.12
4I77_Repair-YH101A,204.3800000000001,397.52000000000044,601.9000000000015,7920.93,18620.05,26540.98
4I77_Repair-YH101F,221.56500000000005,397.6350000000002,619.1950000000015,7914.29,18599.88,26514.17
4I77_Repair-YH103A,185.70000000000027,432.15999999999985,617.8550000000014,7926.54,18609.59,26536.14
4I77_Repair-YH103F,188.09000000000015,432.8650000000016,620.9550000000017,7918.43,18594.85,26513.28
4I77_Repair-YL32A,218.39000000000033,385.0099999999984,603.3999999999996,7951.42,18571.58,26523.0
4I77_Repair-YL32F,238.57999999999993,385.85000000000036,624.4300000000021,7951.67,18557.5,26509.17
4JPK_Repair-DA141R,242.29499999999916,454.28499999999985,696.5750000000007,8730.12,20089.26,28819.38
4JPK_Repair-DA82A,255.03999999999996,429.8050000000003,684.8400000000001,8768.36,20013.85,28782.21
4JPK_Repair-FA144I,244.5,445.22499999999854,689.715000000002,8738.56,20049.49,28788.05
4JPK_Repair-FA63L,244.67500000000018,445.0450000000001,689.710000000001,8742.91,20047.67,28790.59
4JPK_Repair-RA130K,244.69999999999982,445.1650000000009,689.8600000000006,8748.25,20047.82,28796.07
4JPK_Repair-RA81T,244.78999999999996,433.7049999999999,678.4900000000016,8751.59,20010.42,28762.01
4JPK_Repair-SA41G,246.64999999999964,443.83500000000095,690.4799999999996,8750.35,20039.94,28790.29
4JPK_Repair-TA35S,244.69500000000062,444.98499999999876,689.6750000000011,8739.9,20037.09,28776.99
4JPK_Repair-VA30N,204.64999999999964,487.7950000000001,692.4400000000023,8685.41,20113.76,28799.17
4KRL_Repair-DB112A,128.45500000000038,242.17500000000018,370.6350000000011,4359.98,12000.44,16360.42
4KRL_Repair-RB30A,121.62500000000045,248.23499999999967,369.8600000000006,4411.9,11905.94,16317.84
4KRO_Repair-DB92A,121.1899999999996,439.8050000000003,560.9850000000006,10335.86,26209.75,36545.61
4KRO_Repair-RB15A,100.98500000000058,462.5099999999984,563.489999999998,10370.4,26142.79,36513.19
4KRP_Repair-EB105A,88.37500000000091,388.6249999999982,477.00000000000364,10035.71,24216.81,34252.52
4NM8_Repair-DB19N,116.71000000000095,278.46500000000015,395.1750000000029,24536.3,60344.36,84880.66
4NM8_Repair-IB18M,117.64500000000044,278.1999999999971,395.84500000000116,24542.29,60345.41,84887.7
4NM8_Repair-LB38Y,108.47999999999956,287.76000000000204,396.24499999999534,24496.43,60405.02,84901.44
4NM8_Repair-QB34R,115.47999999999956,281.0,396.48999999999796,24529.18,60360.71,84889.88
4NM8_Repair-QB34T,117.65000000000146,275.5099999999984,393.1600000000035,24541.5,60329.4,84870.9
4NM8_Repair-RB25M,117.94999999999891,275.9399999999987,393.8950000000041,24566.31,60280.51,84846.81
4NM8_Repair-TB32E,116.60500000000138,281.02000000000044,397.625,24531.98,60363.05,84895.03
4NM8_Repair-TB32I,127.98500000000058,269.5750000000007,397.5599999999977,24569.07,60281.7,84850.77
4NM8_Repair-TB32R,116.27500000000146,286.27000000000044,402.54999999999563,24521.21,60382.82,84904.02
4U6H_Repair-DE29A,68.63500000000022,384.5049999999992,453.1399999999994,8410.16,21280.3,29690.46
4U6H_Repair-NE21A,66.04500000000007,388.0799999999999,454.125,8412.31,21272.98,29685.29
4U6H_Repair-QE25A,75.90999999999985,371.2399999999998,447.15500000000065,8441.24,21223.26,29664.49
4ZS6_Repair-DA159A,102.78500000000076,257.1149999999998,359.90500000000065,9661.47,20892.69,30554.16
4ZS6_Repair-EA156A,101.0600000000004,254.51499999999942,355.5799999999999,9660.96,20878.11,30539.07
4ZS6_Repair-WA155A,104.07499999999982,246.79500000000007,350.8850000000002,9682.79,20918.03,30600.81
4ZS6_Repair-YA160A,101.11499999999978,257.53000000000065,358.65000000000146,9661.77,20890.44,30552.21
5C6T_Repair-EA194A,102.05000000000018,327.9449999999997,429.994999999999,14301.25,34188.88,48490.13
5C6T_Repair-FA192A,93.90500000000065,338.10499999999956,432.0049999999974,14272.97,34271.07,48544.05
5C6T_Repair-FA199A,94.03499999999985,337.92999999999665,431.96500000000015,14273.36,34268.66,48542.02
5C6T_Repair-FA200A,94.47000000000025,339.34999999999854,433.8199999999997,14273.58,34255.25,48528.83
5C6T_Repair-FH99A,85.50999999999931,342.8999999999978,428.40999999999985,14266.83,34267.5,48534.33
5C6T_Repair-IA201A,93.77999999999975,339.0249999999978,432.8100000000013,14275.87,34256.55,48532.42
5C6T_Repair-NA183A,96.96500000000015,336.15499999999884,433.1150000000016,14291.86,34218.22,48510.09
5C6T_Repair-NA186A,101.28000000000065,329.5649999999987,430.8449999999975,14296.23,34208.32,48504.55
5C6T_Repair-NA188A,109.82999999999993,317.0400000000009,426.869999999999,14322.16,34175.59,48497.75
5C6T_Repair-NH97A,104.47999999999956,322.6650000000009,427.14500000000044,14283.24,34228.11,48511.35
5C6T_Repair-RA187A,102.13500000000022,320.22499999999854,422.3600000000006,14292.52,34199.01,48491.53
5C6T_Repair-RH31S,93.03999999999996,328.5550000000003,421.59500000000116,14266.65,34199.95,48466.6
5C6T_Repair-RL48A,94.66499999999996,339.35999999999694,434.02999999999884,14290.67,34193.76,48484.42
5C6T_Repair-SH32A,116.23499999999967,314.5400000000009,430.77500000000146,14288.47,34226.56,48515.03
5C6T_Repair-TA185A,123.00500000000011,303.6750000000029,426.6800000000003,14301.51,34203.13,48504.64
5C6T_Repair-YA182A,94.89000000000033,339.01000000000204,433.90499999999884,14286.36,34237.64,48524.0
5C6T_Repair-YH104A,94.44499999999971,338.09500000000116,432.53999999999724,14289.16,34223.35,48512.51
5C6T_Repair-YH98A,116.32999999999993,302.3199999999997,418.65499999999884,14299.67,34209.88,48509.54
5C6T_Repair-YL47A,94.76999999999953,339.0750000000007,433.84500000000116,14282.62,34237.24,48519.86
5DWU_Repair-FA78A,150.9900000000007,340.4100000000017,491.3999999999978,14313.72,30926.69,45240.41
5DWU_Repair-IB169A,152.39500000000044,338.1250000000018,490.52000000000044,14308.18,30914.19,45222.37
5DWU_Repair-IB84A,152.8650000000007,338.25,491.1200000000026,14310.49,30921.54,45232.02
5DWU_Repair-QB85A,152.39500000000044,338.09000000000015,490.4850000000006,14326.93,30873.93,45200.86
