Mutation_type	Chain	Mutation	log10(Exptal)	Exptal	mCSM-AB_Pred
ORIGINAL	G	A54E	1.995635	98	-0.013
ORIGINAL	G	A62M	1.919078	82	-0.761
ORIGINAL	G	A64K	1.949390	88	-0.167
ORIGINAL	G	A69E	2.004321	100	-0.61
ORIGINAL	G	A79W	2.025306	105	-0.246
ORIGINAL	G	A87V	2.164353	145	-0.063
ORIGINAL	G	A88K	2.056905	113	-0.075
ORIGINAL	G	A89L	2.021189	104	-0.208
ORIGINAL	G	A163N	1.863323	72	-0.01
ORIGINAL	G	K163N	1.973128	93	-0.299
ORIGINAL	G	T163N	1.880814	75	-0.137
ORIGINAL	G	A165S	2.075547	118	0.113
ORIGINAL	G	A168T	2.012837	102	0.091
ORIGINAL	G	A176F	2.086360	121	-0.657
ORIGINAL	G	A179I	1.991226	97	-0.62
ORIGINAL	G	A218R	2.086360	121	0.039
ORIGINAL	G	A222S	1.919078	82	-0.496
ORIGINAL	G	A223T	1.602060	39	-0.549
ORIGINAL	G	A228N	1.556303	35	0.229
ORIGINAL	G	A239R	1.778151	59	0.005
ORIGINAL	G	A242N	2.287802	193	-0.797
ORIGINAL	G	A245D	0.000000	0	-1.479
ORIGINAL	G	A246N	1.826075	66	-1.203
ORIGINAL	G	A248K	1.838849	68	-0.266
ORIGINAL	G	A249T	1.897627	78	-1.298
ORIGINAL	G	S263T	1.977724	94	-0.185
ORIGINAL	G	A264R	2.060698	114	0.056
ORIGINAL	G	A267N	2.155336	142	0.124
ORIGINAL	G	A290D	2.075547	118	-0.081
ORIGINAL	G	K294A	2.482874	303	0.033
ORIGINAL	G	A295H	2.068186	116	-0.195
ORIGINAL	G	A297N	1.785330	60	0.236
ORIGINAL	G	A302Q	2.008600	101	0.023
ORIGINAL	G	A308K	2.025306	105	-0.217
ORIGINAL	G	A315R	2.037426	108	0.183
ORIGINAL	G	A328S	2.414973	259	0.073
ORIGINAL	G	A329S	2.176091	149	0.981
ORIGINAL	G	A330G	1.707570	50	0.356
ORIGINAL	G	A331G	1.462398	28	0.19
ORIGINAL	G	A332D	0.602060	3	-0.498
ORIGINAL	G	A333P	2.082785	120	-0.257
ORIGINAL	G	A334E	1.447158	27	0.14
ORIGINAL	G	A335I	1.491362	30	0.309
ORIGINAL	G	A336V	1.806180	63	-0.083
ORIGINAL	G	A337M	1.924279	83	-0.442
ORIGINAL	G	A348Y	1.643453	43	-0.517
ORIGINAL	G	A350N	2.328380	212	0.103
ORIGINAL	G	A352T	2.029384	106	-0.086
ORIGINAL	G	A359W	2.260071	181	-0.451
ORIGINAL	G	A379R	2.127105	133	0.212
ORIGINAL	G	A380I	2.075547	118	-0.512
ORIGINAL	G	A381K	2.127105	133	-0.14
ORIGINAL	G	A383I	2.416641	260	-0.21
ORIGINAL	G	A384I	2.313867	205	-0.545
ORIGINAL	G	A385N	1.869232	73	0.281
ORIGINAL	G	A387W	1.886491	76	-0.593
ORIGINAL	G	A390V	1.995635	98	-0.042
ORIGINAL	G	A392K	1.959041	90	-0.046
ORIGINAL	G	A395Y	1.986772	96	-0.604
ORIGINAL	G	A399I	2.113943	129	-0.138
ORIGINAL	G	A410T	1.724276	52	-0.13
ORIGINAL	G	A415T	1.819544	65	-0.913
ORIGINAL	G	A416R	1.908485	80	-1.707
ORIGINAL	G	A417D	1.477121	29	-0.023
ORIGINAL	G	A418G	1.929419	84	1.208
ORIGINAL	G	A419G	1.806180	63	1.181
ORIGINAL	G	A421N	2.487138	306	-0.211
ORIGINAL	G	A423S	2.428135	267	0.017
ORIGINAL	G	A427I	1.462398	28	0.2
ORIGINAL	G	A429R	1.799341	62	-0.692
ORIGINAL	G	A431G	2.033424	107	-0.367
ORIGINAL	G	A432G	1.929419	84	-0.274
ORIGINAL	G	A433G	1.903090	79	-0.022
ORIGINAL	G	A434D	1.322219	20	-0.049
ORIGINAL	G	A436R	1.748188	55	-0.088
ORIGINAL	G	A437D	1.716003	51	-0.532
ORIGINAL	G	A439W	1.851258	70	-0.047
ORIGINAL	G	A440R	2.045323	110	-0.058
REVERSE	G	E54A	2.008643	101.01	0.007
REVERSE	G	M62A	2.084512	120.482	0.483
REVERSE	G	K64A	2.054460	112.36	0.24
REVERSE	G	E69A	2.000043	99.0099	0.582
REVERSE	G	W79A	1.979273	94.3396	0.291
REVERSE	G	V87A	1.841942	68.4932	0.161
REVERSE	G	K88A	1.948018	87.7193	0.053
REVERSE	G	L89A	1.983347	95.2381	0.159
REVERSE	G	N163A	2.139835	136.986	-0.173
REVERSE	G	N163K	2.030936	106.383	0.075
REVERSE	G	N163T	2.122475	131.579	-0.072
REVERSE	G	S165A	1.929591	84.0336	-0.189
REVERSE	G	T168A	1.991613	97.0874	-0.109
REVERSE	G	F176A	1.918906	81.9672	0.459
REVERSE	G	I179A	2.013010	102.041	-0.11
REVERSE	G	R218A	1.918906	81.9672	0.004
REVERSE	G	S222A	2.084512	120.482	0.593
REVERSE	G	T223A	2.399674	250	0.748
REVERSE	G	N228A	2.445258	277.778	-0.291
REVERSE	G	R239A	2.224448	166.667	0.215
REVERSE	G	N242A	1.720543	51.5464	0.533
REVERSE	G	D245A	4.000043	10000	2.292
REVERSE	G	N246A	2.176826	149.254	1.637
REVERSE	G	K248A	2.164139	144.928	0.034
REVERSE	G	T249A	2.105789	126.582	0.887
REVERSE	G	T263S	2.026382	105.263	0.015
REVERSE	G	R264A	1.944268	86.9565	0.131
REVERSE	G	N267A	1.850831	69.9301	-0.13
REVERSE	G	D290A	1.929591	84.0336	0.044
REVERSE	G	A294K	1.530132	32.8947	-0.125
REVERSE	G	H295A	1.936866	85.4701	-0.146
REVERSE	G	N297A	2.217310	163.934	-0.301
REVERSE	G	Q302A	1.995807	98.0392	-0.077
REVERSE	G	K308A	1.979273	94.3396	-0.195
REVERSE	G	R315A	1.967282	91.7431	-0.09
REVERSE	G	S328A	1.596174	38.4615	-0.245
REVERSE	G	S329A	1.830375	66.6667	-0.53
REVERSE	G	G330A	2.294638	196.078	0.893
REVERSE	G	G331A	2.538860	344.828	0.251
REVERSE	G	D332A	3.398114	2500	1.111
REVERSE	G	P333A	1.922438	82.6446	0.138
REVERSE	G	E334A	2.554056	357.143	0.63
REVERSE	G	I335A	2.509983	322.581	0.57
REVERSE	G	V336A	2.196591	156.25	0.164
REVERSE	G	M337A	2.079355	119.048	0.241
REVERSE	G	Y348A	2.358455	227.273	0.221
REVERSE	G	N350A	1.680774	46.9484	-0.288
REVERSE	G	T352A	1.975238	93.4579	-0.268
REVERSE	G	W359A	1.747762	54.9451	0.612
REVERSE	G	R379A	1.878676	74.6269	-0.087
REVERSE	G	I380A	1.929591	84.0336	-0.047
REVERSE	G	K381A	1.878676	74.6269	-0.183
REVERSE	G	I383A	1.594549	38.3142	0.229
REVERSE	G	I384A	1.694988	48.5437	-0.071
REVERSE	G	N385A	2.133970	135.135	-0.181
REVERSE	G	W387A	2.116840	129.87	1.047
REVERSE	G	V390A	2.008643	101.01	0.384
REVERSE	G	K392A	2.044892	109.89	0.266
REVERSE	G	Y395A	2.017422	103.093	0.318
REVERSE	G	I399A	1.891666	76.9231	0.263
REVERSE	G	T410A	2.278019	188.679	-0.051
REVERSE	G	T415A	2.183313	151.515	0.404
REVERSE	G	R416A	2.095019	123.457	2.208
REVERSE	G	D417A	2.524179	333.333	0.988
REVERSE	G	G418A	2.074257	117.647	0.995
REVERSE	G	G419A	2.196591	156.25	0.858
REVERSE	G	N421A	1.525994	32.5733	0.534
REVERSE	G	S423A	1.583351	37.3134	0.121
REVERSE	G	I427A	2.538860	344.828	0.005
REVERSE	G	R429A	2.203386	158.73	0.874
REVERSE	G	G431A	1.971242	92.5926	-0.617
REVERSE	G	G432A	2.074257	117.647	-0.557
REVERSE	G	G433A	2.100371	125	-0.217
REVERSE	G	D434A	2.678691	476.19	0.818
REVERSE	G	R436A	2.254236	178.571	0.226
REVERSE	G	D437A	2.286250	192.308	0.831
REVERSE	G	W439A	2.151814	140.845	0.358
REVERSE	G	R440A	1.959471	90.0901	0.255
