,if_phil,if_phob,if_total,sasa_phil_mut,sasa_phob_mut,sasa_total_mut,sasa_phil_wt,sasa_phob_wt,sasa_wt
1AK4.mut.0_Repair.clean.pdb,279.07000000000016,148.7749999999996,427.8449999999984,5548.12,10143.25,15691.37,5550.91,10138.76,15689.67
1AK4.mut.1_Repair.clean.pdb,295.8149999999996,149.41499999999996,445.22500000000036,5549.09,10128.67,15677.77,5550.91,10138.76,15689.67
1AK4.mut.2_Repair.clean.pdb,282.9600000000001,147.9449999999997,430.90500000000077,5548.68,10142.16,15690.84,5550.91,10138.76,15689.67
1AK4.mut.3_Repair.clean.pdb,288.6049999999996,149.8599999999997,438.4700000000012,5546.18,10133.33,15679.5,5550.91,10138.76,15689.67
1AK4.mut.4_Repair.clean.pdb,288.7699999999995,149.23000000000047,437.99999999999915,5553.92,10136.57,15690.49,5550.91,10138.76,15689.67
1AK4.mut.5_Repair.clean.pdb,289.6149999999998,150.6850000000004,440.3050000000003,5551.51,10131.75,15683.25,5550.91,10138.76,15689.67
1AK4.mut.6_Repair.clean.pdb,320.67499999999967,104.57500000000073,425.25500000000017,5598.47,10069.64,15668.1,5550.91,10138.76,15689.67
1AK4.mut.7_Repair.clean.pdb,285.7599999999997,149.28500000000074,435.04999999999933,5549.88,10138.88,15688.75,5550.91,10138.76,15689.67
1AK4.mut.8_Repair.clean.pdb,281.145,160.59000000000015,441.7350000000006,5542.25,10160.0,15702.25,5550.91,10138.76,15689.67
1AK4.mut.9_Repair.clean.pdb,287.3649999999998,146.0799999999999,433.4400000000005,5561.24,10152.59,15713.84,5550.91,10138.76,15689.67
1AK4.mut.10_Repair.clean.pdb,287.1599999999998,147.1800000000003,434.34000000000015,5560.58,10146.49,15707.07,5550.91,10138.76,15689.67
1AK4.mut.11_Repair.clean.pdb,284.8699999999999,147.6849999999995,432.5550000000003,5536.82,10155.95,15692.77,5550.91,10138.76,15689.67
1AK4.mut.12_Repair.clean.pdb,276.125,145.96500000000015,422.085,5562.74,10149.32,15712.06,5550.91,10138.76,15689.67
1AK4.mut.13_Repair.clean.pdb,281.55499999999984,147.27999999999975,428.82999999999987,5556.68,10144.08,15700.77,5550.91,10138.76,15689.67
1AK4.mut.14_Repair.clean.pdb,278.6550000000002,146.03999999999996,424.69999999999885,5545.98,10144.37,15690.34,5550.91,10138.76,15689.67
1AK4.mut.15_Repair.clean.pdb,283.0449999999996,149.90499999999975,432.9449999999997,5549.55,10147.54,15697.09,5550.91,10138.76,15689.67
1BJ1.mut.16_Repair.clean.pdb,134.04500000000007,445.3350000000009,579.380000000001,9211.98,22318.3,31530.28,9202.15,22295.72,31497.87
1BJ1.mut.17_Repair.clean.pdb,133.73000000000047,445.3899999999994,579.1250000000017,9234.49,22264.7,31499.19,9202.15,22295.72,31497.87
1BJ1.mut.18_Repair.clean.pdb,143.5150000000003,427.71500000000015,571.2300000000014,9228.87,22252.77,31481.64,9202.15,22295.72,31497.87
1BJ1.mut.19_Repair.clean.pdb,138.6850000000004,444.48499999999876,583.1750000000011,9203.19,22290.63,31493.82,9202.15,22295.72,31497.87
1BJ1.mut.20_Repair.clean.pdb,133.90000000000055,444.75499999999914,578.6550000000025,9203.42,22292.68,31496.1,9202.15,22295.72,31497.87
1BJ1.mut.21_Repair.clean.pdb,161.89500000000044,405.60000000000036,567.4899999999998,9245.91,22227.42,31473.33,9202.15,22295.72,31497.87
1BJ1.mut.22_Repair.clean.pdb,153.3650000000007,409.95499999999987,563.3200000000015,9215.56,22283.46,31499.02,9202.15,22295.72,31497.87
1BJ1.mut.23_Repair.clean.pdb,134.21500000000015,444.89500000000055,579.1050000000014,9214.06,22312.05,31526.12,9202.15,22295.72,31497.87
1BJ1.mut.24_Repair.clean.pdb,131.25,446.84000000000015,578.090000000002,9202.33,22323.11,31525.44,9202.15,22295.72,31497.87
1BJ1.mut.25_Repair.clean.pdb,131.11000000000058,443.59999999999854,574.7200000000012,9210.24,22313.56,31523.79,9202.15,22295.72,31497.87
1BJ1.mut.26_Repair.clean.pdb,133.9350000000004,444.1599999999999,578.0950000000012,9220.98,22239.62,31460.6,9202.15,22295.72,31497.87
1BJ1.mut.27_Repair.clean.pdb,135.77999999999977,441.95499999999987,577.7350000000006,9232.44,22216.52,31448.96,9202.15,22295.72,31497.87
1BJ1.mut.28_Repair.clean.pdb,132.72999999999956,445.00499999999914,577.7400000000016,9204.59,22311.09,31515.67,9202.15,22295.72,31497.87
1BJ1.mut.29_Repair.clean.pdb,130.84500000000023,445.2299999999996,576.0749999999989,9200.35,22314.89,31515.24,9202.15,22295.72,31497.87
1BJ1.mut.30_Repair.clean.pdb,135.375,441.7649999999994,577.1399999999994,9224.04,22271.25,31495.29,9202.15,22295.72,31497.87
1BJ1.mut.31_Repair.clean.pdb,164.1300000000001,396.79500000000013,560.9200000000002,9238.09,22248.88,31486.98,9202.15,22295.72,31497.87
1BJ1.mut.32_Repair.clean.pdb,153.3800000000001,410.61499999999984,564.0000000000017,9217.4,22281.77,31499.17,9202.15,22295.72,31497.87
1BJ1.mut.33_Repair.clean.pdb,138.85500000000047,434.25,573.1100000000006,9233.55,22262.55,31496.1,9202.15,22295.72,31497.87
1BJ1.mut.34_Repair.clean.pdb,134.48500000000058,445.2749999999997,579.7600000000002,9243.81,22254.27,31498.08,9202.15,22295.72,31497.87
1CZ8.mut.35_Repair.clean.pdb,142.4350000000004,469.82999999999987,612.2649999999994,8785.84,21535.74,30321.58,8775.76,21513.39,30289.15
1CZ8.mut.36_Repair.clean.pdb,141.96000000000004,469.7649999999994,611.7250000000022,8805.53,21483.93,30289.46,8775.76,21513.39,30289.15
1CZ8.mut.37_Repair.clean.pdb,152.5600000000004,450.27000000000055,602.8299999999998,8800.24,21472.92,30273.16,8775.76,21513.39,30289.15
1CZ8.mut.38_Repair.clean.pdb,146.51000000000022,468.6499999999997,615.1550000000008,8776.8,21508.26,30285.07,8775.76,21513.39,30289.15
1CZ8.mut.39_Repair.clean.pdb,141.57499999999982,468.6800000000003,610.255000000001,8776.09,21510.44,30286.53,8775.76,21513.39,30289.15
1CZ8.mut.40_Repair.clean.pdb,171.57499999999982,428.40500000000077,599.9799999999996,8816.69,21448.85,30265.54,8775.76,21513.39,30289.15
1CZ8.mut.41_Repair.clean.pdb,162.15999999999985,434.3050000000003,596.4650000000001,8787.87,21502.92,30290.79,8775.76,21513.39,30289.15
1CZ8.mut.42_Repair.clean.pdb,142.71999999999937,468.91499999999917,611.6400000000012,8786.86,21529.88,30316.73,8775.76,21513.39,30289.15
1CZ8.mut.43_Repair.clean.pdb,139.6300000000001,471.1399999999994,610.7700000000004,8776.64,21541.0,30317.64,8775.76,21513.39,30289.15
1CZ8.mut.44_Repair.clean.pdb,139.8099999999995,468.21500000000015,608.0200000000004,8783.28,21530.51,30313.79,8775.76,21513.39,30289.15
1CZ8.mut.45_Repair.clean.pdb,142.47999999999956,468.36499999999984,610.8450000000012,8793.84,21459.73,30253.57,8775.76,21513.39,30289.15
1CZ8.mut.46_Repair.clean.pdb,144.5050000000001,465.7749999999997,610.2800000000008,8804.77,21436.54,30241.31,8775.76,21513.39,30289.15
1CZ8.mut.47_Repair.clean.pdb,140.7650000000003,469.20499999999987,609.9700000000012,8778.6,21529.05,30307.65,8775.76,21513.39,30289.15
1CZ8.mut.48_Repair.clean.pdb,139.10000000000036,469.75499999999914,608.8550000000014,8774.4,21532.15,30306.55,8775.76,21513.39,30289.15
1CZ8.mut.49_Repair.clean.pdb,143.97999999999956,466.0349999999999,610.0200000000004,8796.54,21489.53,30286.07,8775.76,21513.39,30289.15
1CZ8.mut.50_Repair.clean.pdb,173.4750000000004,420.3150000000005,593.7850000000018,8808.92,21470.42,30279.34,8775.76,21513.39,30289.15
1CZ8.mut.51_Repair.clean.pdb,162.2550000000001,434.26000000000016,596.5150000000012,8789.87,21501.14,30291.01,8775.76,21513.39,30289.15
1CZ8.mut.52_Repair.clean.pdb,148.19999999999982,456.78999999999917,604.9900000000016,8803.62,21484.98,30288.6,8775.76,21513.39,30289.15
1CZ8.mut.53_Repair.clean.pdb,143.25,469.38500000000016,612.6350000000002,8814.59,21475.21,30289.8,8775.76,21513.39,30289.15
1DQJ.mut.54_Repair.clean.pdb,104.49500000000036,408.41499999999917,512.9100000000017,6780.94,19649.34,26430.28,6750.86,19681.27,26432.14
1DQJ.mut.55_Repair.clean.pdb,81.94500000000015,437.19999999999885,519.1450000000004,6782.2,19605.84,26388.04,6750.86,19681.27,26432.14
1DQJ.mut.56_Repair.clean.pdb,85.86000000000013,429.875,515.7350000000006,6779.22,19608.32,26387.54,6750.86,19681.27,26432.14
1DQJ.mut.57_Repair.clean.pdb,74.79999999999973,438.6499999999997,513.4549999999998,6749.55,19700.61,26450.16,6750.86,19681.27,26432.14
1DQJ.mut.58_Repair.clean.pdb,83.4499999999998,435.1499999999997,518.6050000000014,6791.5,19634.69,26426.19,6750.86,19681.27,26432.14
1DQJ.mut.59_Repair.clean.pdb,99.15000000000008,408.6899999999987,507.84000000000196,6797.42,19601.24,26398.66,6750.86,19681.27,26432.14
1DQJ.mut.60_Repair.clean.pdb,90.68000000000029,428.5349999999999,519.2150000000001,6777.69,19658.81,26436.5,6750.86,19681.27,26432.14
1DQJ.mut.61_Repair.clean.pdb,82.02500000000009,437.7599999999984,519.7900000000009,6793.58,19626.72,26420.3,6750.86,19681.27,26432.14
1DQJ.mut.62_Repair.clean.pdb,82.6750000000002,435.0599999999995,517.7350000000006,6778.01,19694.4,26472.41,6750.86,19681.27,26432.14
1DQJ.mut.63_Repair.clean.pdb,82.11000000000013,439.97499999999854,522.085000000001,6773.57,19701.04,26474.61,6750.86,19681.27,26432.14
1DQJ.mut.64_Repair.clean.pdb,89.77499999999964,425.87000000000086,515.6550000000007,6771.27,19672.05,26443.31,6750.86,19681.27,26432.14
1DQJ.mut.65_Repair.clean.pdb,90.77500000000008,425.85000000000036,516.619999999999,6771.97,19659.07,26431.04,6750.86,19681.27,26432.14
1DQJ.mut.66_Repair.clean.pdb,82.97499999999991,434.09000000000015,517.0550000000003,6798.75,19668.29,26467.05,6750.86,19681.27,26432.14
1DQJ.mut.67_Repair.clean.pdb,82.06500000000005,435.77999999999884,517.8449999999993,6766.98,19673.95,26440.93,6750.86,19681.27,26432.14
1DQJ.mut.68_Repair.clean.pdb,80.33999999999969,440.54500000000013,520.8900000000012,6768.85,19670.81,26439.66,6750.86,19681.27,26432.14
1DQJ.mut.69_Repair.clean.pdb,90.25999999999978,422.72499999999854,512.9850000000006,6781.88,19651.79,26433.67,6750.86,19681.27,26432.14
1DQJ.mut.70_Repair.clean.pdb,87.78499999999985,431.88500000000016,519.6700000000002,6767.62,19665.84,26433.46,6750.86,19681.27,26432.14
1DQJ.mut.71_Repair.clean.pdb,83.86500000000024,433.7199999999994,517.5799999999998,6765.74,19668.93,26434.68,6750.86,19681.27,26432.14
1DQJ.mut.72_Repair.clean.pdb,83.25500000000011,437.22500000000036,520.4799999999996,6771.15,19662.18,26433.32,6750.86,19681.27,26432.14
1DQJ.mut.73_Repair.clean.pdb,82.86999999999989,433.2849999999999,516.1499999999996,6776.02,19660.29,26436.32,6750.86,19681.27,26432.14
1DQJ.mut.74_Repair.clean.pdb,80.25500000000011,440.4850000000006,520.7399999999999,6777.99,19655.55,26433.54,6750.86,19681.27,26432.14
1DVF.mut.75_Repair.clean.pdb,73.4250000000002,286.7550000000001,360.17499999999933,5800.74,15018.56,20819.31,5763.77,15080.17,20843.95
1DVF.mut.76_Repair.clean.pdb,74.84999999999991,287.4250000000002,362.2749999999997,5798.13,15047.5,20845.63,5763.77,15080.17,20843.95
1DVF.mut.77_Repair.clean.pdb,72.91499999999995,285.9399999999996,358.8549999999996,5804.92,15081.03,20885.95,5763.77,15080.17,20843.95
1DVF.mut.78_Repair.clean.pdb,71.1750000000002,292.4600000000001,363.630000000001,5783.4,15061.78,20845.18,5763.77,15080.17,20843.95
1DVF.mut.79_Repair.clean.pdb,71.18499999999995,292.375,363.5699999999997,5781.62,15069.6,20851.21,5763.77,15080.17,20843.95
1DVF.mut.80_Repair.clean.pdb,71.18499999999995,292.375,363.5699999999997,5781.62,15069.6,20851.21,5763.77,15080.17,20843.95
1DVF.mut.81_Repair.clean.pdb,71.38500000000022,291.4250000000002,362.8099999999995,5786.9,15054.65,20841.55,5763.77,15080.17,20843.95
1DVF.mut.82_Repair.clean.pdb,80.92999999999985,276.83500000000004,357.76500000000124,5802.96,15033.06,20836.02,5763.77,15080.17,20843.95
1DVF.mut.83_Repair.clean.pdb,95.03499999999985,261.3600000000006,356.39500000000044,5805.58,15028.97,20834.55,5763.77,15080.17,20843.95
1DVF.mut.84_Repair.clean.pdb,71.82999999999993,290.9250000000002,362.75499999999914,5791.1,15046.56,20837.66,5763.77,15080.17,20843.95
1DVF.mut.85_Repair.clean.pdb,71.72000000000025,291.8100000000004,363.53000000000077,5777.48,15056.46,20833.94,5763.77,15080.17,20843.95
1DVF.mut.86_Repair.clean.pdb,80.28999999999995,278.5550000000003,358.8449999999993,5813.23,15016.74,20829.97,5763.77,15080.17,20843.95
1DVF.mut.87_Repair.clean.pdb,74.69000000000005,285.8100000000004,360.5,5797.53,15014.76,20812.29,5763.77,15080.17,20843.95
1DVF.mut.88_Repair.clean.pdb,81.54999999999973,279.6550000000006,361.20000000000067,5796.09,15041.34,20837.43,5763.77,15080.17,20843.95
1DVF.mut.89_Repair.clean.pdb,79.54000000000042,279.7650000000003,359.3050000000003,5794.19,15085.14,20879.33,5763.77,15080.17,20843.95
1DVF.mut.90_Repair.clean.pdb,74.15999999999985,289.0050000000001,363.16499999999917,5799.55,15018.65,20818.2,5763.77,15080.17,20843.95
1DVF.mut.91_Repair.clean.pdb,78.11999999999989,282.1349999999993,360.255000000001,5789.91,15058.51,20848.42,5763.77,15080.17,20843.95
1DVF.mut.92_Repair.clean.pdb,71.23500000000013,293.1350000000002,364.375,5777.61,15075.15,20852.75,5763.77,15080.17,20843.95
1DVF.mut.93_Repair.clean.pdb,71.44000000000005,291.7349999999997,363.1800000000003,5784.9,15056.36,20841.25,5763.77,15080.17,20843.95
1DVF.mut.94_Repair.clean.pdb,71.77500000000009,291.27999999999975,363.0550000000003,5787.98,15045.69,20833.67,5763.77,15080.17,20843.95
1DVF.mut.95_Repair.clean.pdb,63.5300000000002,295.119999999999,358.64500000000044,5767.4,15096.02,20863.42,5763.77,15080.17,20843.95
1DVF.mut.96_Repair.clean.pdb,71.15000000000009,292.4650000000001,363.6150000000016,5795.73,14998.8,20794.53,5763.77,15080.17,20843.95
1DVF.mut.97_Repair.clean.pdb,79.87999999999965,279.4549999999999,359.34000000000015,5841.88,14979.99,20821.87,5763.77,15080.17,20843.95
1DVF.mut.98_Repair.clean.pdb,94.76499999999987,256.75,351.5149999999994,5795.78,15034.22,20830.0,5763.77,15080.17,20843.95
1DVF.mut.99_Repair.clean.pdb,76.49000000000024,282.37499999999915,358.86499999999984,5809.23,15005.03,20814.26,5763.77,15080.17,20843.95
1DVF.mut.100_Repair.clean.pdb,100.28999999999996,244.75,345.0400000000008,5786.18,15065.21,20851.39,5763.77,15080.17,20843.95
1FFW.mut.101_Repair.clean.pdb,180.11499999999978,170.91499999999996,351.0350000000008,4305.88,6168.85,10474.72,4297.12,6183.38,10480.5
1FFW.mut.102_Repair.clean.pdb,177.23999999999978,170.53999999999996,347.77999999999975,4300.51,6220.39,10520.9,4297.12,6183.38,10480.5
1FFW.mut.103_Repair.clean.pdb,177.26000000000022,170.5949999999998,347.8600000000006,4301.08,6206.31,10507.39,4297.12,6183.38,10480.5
1FFW.mut.104_Repair.clean.pdb,177.22000000000025,169.69500000000016,346.915,4298.5,6208.66,10507.16,4297.12,6183.38,10480.5
1FFW.mut.105_Repair.clean.pdb,177.25,170.625,347.86999999999983,4302.92,6196.22,10499.15,4297.12,6183.38,10480.5
1FFW.mut.106_Repair.clean.pdb,177.23500000000013,170.51999999999995,347.75500000000017,4348.87,6107.95,10456.82,4297.12,6183.38,10480.5
1FFW.mut.107_Repair.clean.pdb,176.82000000000016,170.30999999999997,347.13000000000017,4313.09,6142.46,10455.55,4297.12,6183.38,10480.5
1FFW.mut.108_Repair.clean.pdb,177.07500000000027,170.48000000000005,347.5599999999995,4300.53,6176.51,10477.03,4297.12,6183.38,10480.5
1FFW.mut.109_Repair.clean.pdb,176.09999999999994,170.7250000000004,346.8249999999999,4275.8,6161.7,10437.5,4297.12,6183.38,10480.5
1JRH.mut.110_Repair.clean.pdb,74.27999999999975,274.5749999999989,348.8550000000014,7405.49,16498.74,23904.23,7407.09,16501.38,23908.47
1JRH.mut.111_Repair.clean.pdb,74.28499999999985,274.6200000000008,348.90000000000146,7435.66,16459.84,23895.51,7407.09,16501.38,23908.47
1JTG.mut.112_Repair.clean.pdb,174.69999999999982,449.96500000000015,624.664999999999,6444.43,11960.34,18404.77,6454.24,11999.87,18454.11
1JTG.mut.113_Repair.clean.pdb,175.67500000000018,448.48999999999984,624.1700000000002,6452.15,11974.23,18426.37,6454.24,11999.87,18454.11
1JTG.mut.114_Repair.clean.pdb,176.88000000000008,447.9900000000007,624.8649999999998,6444.11,11990.42,18434.54,6454.24,11999.87,18454.11
1JTG.mut.115_Repair.clean.pdb,175.71000000000004,449.0249999999997,624.7400000000016,6445.35,11988.82,18434.17,6454.24,11999.87,18454.11
1JTG.mut.116_Repair.clean.pdb,212.50999999999974,398.73999999999984,611.25,6457.97,11972.44,18430.41,6454.24,11999.87,18454.11
1KTZ.mut.117_Repair.clean.pdb,130.26999999999998,250.96499999999924,381.22500000000036,3210.23,8290.67,11500.9,3177.84,8329.77,11507.61
1KTZ.mut.118_Repair.clean.pdb,129.84500000000003,250.88000000000008,380.72000000000025,3225.68,8266.56,11492.24,3177.84,8329.77,11507.61
1KTZ.mut.119_Repair.clean.pdb,127.13499999999978,254.72499999999943,381.8549999999996,3177.01,8328.83,11505.84,3177.84,8329.77,11507.61
1KTZ.mut.120_Repair.clean.pdb,129.39499999999998,252.41499999999905,381.8050000000003,3203.38,8292.52,11495.9,3177.84,8329.77,11507.61
1KTZ.mut.121_Repair.clean.pdb,127.135,255.30499999999938,382.4349999999995,3177.42,8326.95,11504.37,3177.84,8329.77,11507.61
1KTZ.mut.122_Repair.clean.pdb,143.69499999999994,232.98999999999972,376.6850000000004,3228.43,8248.68,11477.1,3177.84,8329.77,11507.61
1KTZ.mut.123_Repair.clean.pdb,127.21500000000015,255.2749999999996,382.47500000000036,3198.33,8295.91,11494.25,3177.84,8329.77,11507.61
1KTZ.mut.124_Repair.clean.pdb,127.15999999999985,255.14499999999958,382.3050000000003,3179.67,8360.81,11540.47,3177.84,8329.77,11507.61
1KTZ.mut.125_Repair.clean.pdb,125.02999999999996,254.49499999999992,379.52999999999975,3181.54,8358.81,11540.34,3177.84,8329.77,11507.61
1KTZ.mut.126_Repair.clean.pdb,127.75,254.15999999999985,381.9099999999999,3209.74,8287.3,11497.04,3177.84,8329.77,11507.61
1KTZ.mut.127_Repair.clean.pdb,127.16000000000008,255.1450000000004,382.3050000000003,3186.16,8350.25,11536.4,3177.84,8329.77,11507.61
1KTZ.mut.128_Repair.clean.pdb,121.50500000000014,255.3199999999997,376.8200000000006,3178.42,8359.48,11537.9,3177.84,8329.77,11507.61
1KTZ.mut.129_Repair.clean.pdb,120.71499999999992,253.9449999999997,374.65499999999975,3183.86,8347.51,11531.37,3177.84,8329.77,11507.61
1KTZ.mut.130_Repair.clean.pdb,125.75,254.81499999999957,380.5600000000004,3178.24,8351.36,11529.6,3177.84,8329.77,11507.61
1KTZ.mut.131_Repair.clean.pdb,127.17000000000007,255.1499999999996,382.3149999999996,3180.35,8345.25,11525.6,3177.84,8329.77,11507.61
1KTZ.mut.132_Repair.clean.pdb,127.39500000000021,255.24499999999992,382.63500000000016,3251.47,8237.01,11488.48,3177.84,8329.77,11507.61
1KTZ.mut.133_Repair.clean.pdb,134.04500000000007,247.21500000000012,381.24999999999915,3247.56,8259.71,11507.28,3177.84,8329.77,11507.61
1KTZ.mut.134_Repair.clean.pdb,140.9000000000001,241.67500000000015,382.5650000000005,3188.13,8323.58,11511.71,3177.84,8329.77,11507.61
1KTZ.mut.135_Repair.clean.pdb,145.31500000000003,244.4300000000003,389.7400000000007,3181.99,8303.25,11485.24,3177.84,8329.77,11507.61
1KTZ.mut.136_Repair.clean.pdb,138.16999999999985,241.1499999999996,379.3149999999996,3191.9,8315.05,11506.95,3177.84,8329.77,11507.61
1KTZ.mut.137_Repair.clean.pdb,127.32500000000003,255.27999999999975,382.59999999999945,3178.75,8337.69,11516.44,3177.84,8329.77,11507.61
1KTZ.mut.138_Repair.clean.pdb,127.18000000000006,255.44999999999985,382.625,3176.82,8337.67,11514.49,3177.84,8329.77,11507.61
1MHP.mut.139_Repair.clean.pdb,90.85000000000036,349.9850000000006,440.82999999999987,8126.0,20251.98,28377.98,8177.48,20202.11,28379.59
1MHP.mut.140_Repair.clean.pdb,94.05500000000029,347.4400000000005,441.4850000000006,8135.73,20266.78,28402.51,8177.48,20202.11,28379.59
1MHP.mut.141_Repair.clean.pdb,112.28999999999996,339.07500000000067,451.35999999999876,8176.33,20183.14,28359.47,8177.48,20202.11,28379.59
1MHP.mut.142_Repair.clean.pdb,110.19500000000015,339.35000000000036,449.54500000000013,8174.56,20186.18,28360.73,8177.48,20202.11,28379.59
1MHP.mut.143_Repair.clean.pdb,110.5500000000002,339.4449999999997,449.98999999999984,8176.66,20186.33,28362.99,8177.48,20202.11,28379.59
1MHP.mut.144_Repair.clean.pdb,110.95999999999958,339.6849999999995,450.6399999999994,8180.79,20187.91,28368.7,8177.48,20202.11,28379.59
1MHP.mut.145_Repair.clean.pdb,86.65999999999985,359.3050000000003,445.9600000000009,8158.5,20219.51,28378.01,8177.48,20202.11,28379.59
1MHP.mut.146_Repair.clean.pdb,107.84999999999992,340.2199999999993,448.0599999999995,8180.69,20192.86,28373.56,8177.48,20202.11,28379.59
1MHP.mut.147_Repair.clean.pdb,95.09499999999979,345.130000000001,440.2200000000012,8166.12,20213.05,28379.17,8177.48,20202.11,28379.59
1MHP.mut.148_Repair.clean.pdb,99.07500000000029,341.2150000000001,440.2850000000017,8180.63,20197.47,28378.1,8177.48,20202.11,28379.59
1MHP.mut.149_Repair.clean.pdb,88.78499999999985,353.61499999999984,442.39500000000055,8158.98,20219.4,28378.38,8177.48,20202.11,28379.59
1MHP.mut.150_Repair.clean.pdb,87.55000000000065,353.9850000000006,441.53000000000077,8158.44,20229.45,28387.89,8177.48,20202.11,28379.59
1MHP.mut.151_Repair.clean.pdb,89.78000000000021,350.48999999999984,440.2649999999994,8161.2,20213.61,28374.81,8177.48,20202.11,28379.59
1MHP.mut.152_Repair.clean.pdb,82.42499999999973,355.01000000000016,437.42499999999933,8147.14,20192.84,28339.99,8177.48,20202.11,28379.59
1MHP.mut.153_Repair.clean.pdb,109.41000000000031,344.1549999999988,453.5600000000013,8177.22,20188.15,28365.37,8177.48,20202.11,28379.59
1MHP.mut.154_Repair.clean.pdb,113.10499999999956,344.38500000000016,457.4799999999996,8182.75,20190.06,28372.81,8177.48,20202.11,28379.59
1MHP.mut.155_Repair.clean.pdb,76.01999999999998,381.0599999999995,457.07500000000067,8142.53,20244.29,28386.82,8177.48,20202.11,28379.59
1MHP.mut.156_Repair.clean.pdb,75.76000000000022,374.0700000000015,449.8199999999997,8145.74,20245.78,28391.52,8177.48,20202.11,28379.59
1MHP.mut.157_Repair.clean.pdb,75.57999999999993,385.6049999999996,461.1849999999995,8137.6,20250.24,28387.83,8177.48,20202.11,28379.59
1MHP.mut.158_Repair.clean.pdb,98.53499999999985,343.22500000000036,441.75,8174.01,20195.62,28369.63,8177.48,20202.11,28379.59
1MHP.mut.159_Repair.clean.pdb,98.61000000000057,341.630000000001,440.24500000000086,8173.82,20157.78,28331.59,8177.48,20202.11,28379.59
1MHP.mut.160_Repair.clean.pdb,98.61500000000022,341.64500000000044,440.255000000001,8173.31,20179.61,28352.92,8177.48,20202.11,28379.59
1MHP.mut.161_Repair.clean.pdb,98.6149999999998,341.64500000000044,440.255000000001,8173.65,20161.2,28334.85,8177.48,20202.11,28379.59
1MHP.mut.162_Repair.clean.pdb,98.61000000000013,341.6200000000008,440.2300000000014,8171.3,20176.75,28348.05,8177.48,20202.11,28379.59
1MHP.mut.163_Repair.clean.pdb,98.6350000000002,341.8150000000005,440.44999999999885,8145.41,20256.89,28402.29,8177.48,20202.11,28379.59
1MHP.mut.164_Repair.clean.pdb,98.97999999999956,338.01500000000124,436.98999999999984,8181.1,20186.53,28367.63,8177.48,20202.11,28379.59
1MHP.mut.165_Repair.clean.pdb,98.69000000000004,341.77000000000044,440.45000000000067,8184.97,20197.98,28382.96,8177.48,20202.11,28379.59
1MHP.mut.166_Repair.clean.pdb,98.45499999999993,341.45000000000067,439.9000000000015,8174.66,20207.87,28382.53,8177.48,20202.11,28379.59
1MHP.mut.167_Repair.clean.pdb,98.52999999999977,341.4150000000009,439.9400000000005,8183.32,20191.23,28374.55,8177.48,20202.11,28379.59
1MHP.mut.168_Repair.clean.pdb,106.82000000000015,335.77499999999964,442.5950000000012,8185.56,20181.08,28366.64,8177.48,20202.11,28379.59
1MHP.mut.169_Repair.clean.pdb,98.46500000000059,342.9099999999998,441.37000000000086,8176.86,20206.44,28383.3,8177.48,20202.11,28379.59
1MHP.mut.170_Repair.clean.pdb,98.38499999999978,341.9699999999993,440.3549999999996,8175.64,20201.31,28376.95,8177.48,20202.11,28379.59
1MHP.mut.171_Repair.clean.pdb,98.32999999999993,342.6100000000006,440.9349999999995,8174.58,20206.62,28381.2,8177.48,20202.11,28379.59
1MHP.mut.172_Repair.clean.pdb,100.86500000000022,338.5100000000002,439.369999999999,8185.19,20186.03,28371.22,8177.48,20202.11,28379.59
1MHP.mut.173_Repair.clean.pdb,98.46500000000015,341.8550000000014,440.3199999999997,8175.15,20209.94,28385.08,8177.48,20202.11,28379.59
1MHP.mut.174_Repair.clean.pdb,98.41499999999952,341.8600000000006,440.2699999999986,8174.22,20207.68,28381.9,8177.48,20202.11,28379.59
1MHP.mut.175_Repair.clean.pdb,99.23500000000013,340.70499999999987,439.9350000000013,8187.21,20184.25,28371.46,8177.48,20202.11,28379.59
1MHP.mut.176_Repair.clean.pdb,98.64999999999964,341.6949999999997,440.34000000000015,8179.85,20218.13,28397.97,8177.48,20202.11,28379.59
1MHP.mut.177_Repair.clean.pdb,98.64999999999964,341.6949999999997,440.34000000000015,8179.27,20214.63,28393.9,8177.48,20202.11,28379.59
1MHP.mut.178_Repair.clean.pdb,98.58499999999958,342.9400000000005,441.51500000000124,8171.81,20174.64,28346.46,8177.48,20202.11,28379.59
1MHP.mut.179_Repair.clean.pdb,98.6400000000003,341.8649999999998,440.5,8181.74,20213.24,28394.98,8177.48,20202.11,28379.59
1MHP.mut.180_Repair.clean.pdb,93.65999999999985,354.2100000000009,447.86499999999984,8145.98,20259.76,28405.74,8177.48,20202.11,28379.59
1MHP.mut.181_Repair.clean.pdb,93.64499999999998,350.35000000000036,443.9900000000016,8147.36,20235.76,28383.12,8177.48,20202.11,28379.59
1MHP.mut.182_Repair.clean.pdb,98.62500000000044,342.51500000000124,441.130000000001,8179.28,20230.12,28409.41,8177.48,20202.11,28379.59
1MHP.mut.183_Repair.clean.pdb,98.57999999999993,342.7399999999998,441.3150000000005,8174.34,20210.73,28385.07,8177.48,20202.11,28379.59
1MHP.mut.184_Repair.clean.pdb,98.39500000000044,344.0949999999993,442.4850000000006,8170.74,20158.97,28329.71,8177.48,20202.11,28379.59
1MHP.mut.185_Repair.clean.pdb,98.94500000000015,341.92499999999933,440.869999999999,8178.39,20197.31,28375.7,8177.48,20202.11,28379.59
1MHP.mut.186_Repair.clean.pdb,97.6750000000002,342.3600000000006,440.03000000000077,8144.82,20294.05,28438.87,8177.48,20202.11,28379.59
1MHP.mut.187_Repair.clean.pdb,97.4250000000002,344.625,442.04500000000013,8136.49,20227.45,28363.94,8177.48,20202.11,28379.59
1MHP.mut.188_Repair.clean.pdb,97.5,342.9250000000011,440.42000000000013,8142.0,20257.55,28399.55,8177.48,20202.11,28379.59
1MHP.mut.189_Repair.clean.pdb,98.72999999999956,344.1399999999994,442.8600000000006,8178.93,20238.82,28417.76,8177.48,20202.11,28379.59
1MHP.mut.190_Repair.clean.pdb,111.03999999999996,324.3400000000001,435.375,8210.02,20157.48,28367.49,8177.48,20202.11,28379.59
1MHP.mut.191_Repair.clean.pdb,97.65500000000021,351.6949999999997,449.35000000000036,8165.06,20169.49,28334.54,8177.48,20202.11,28379.59
1MHP.mut.192_Repair.clean.pdb,98.3599999999997,348.2299999999996,446.57999999999987,8174.25,20199.65,28373.9,8177.48,20202.11,28379.59
1MHP.mut.193_Repair.clean.pdb,98.6149999999998,341.6949999999997,440.3100000000013,8177.82,20201.83,28379.64,8177.48,20202.11,28379.59
1MHP.mut.194_Repair.clean.pdb,98.6149999999998,341.6949999999997,440.3100000000013,8177.6,20220.12,28397.71,8177.48,20202.11,28379.59
1MHP.mut.195_Repair.clean.pdb,98.625,341.7099999999991,440.33000000000175,8179.58,20241.77,28421.35,8177.48,20202.11,28379.59
1MHP.mut.196_Repair.clean.pdb,98.59499999999979,341.67000000000013,440.25499999999914,8171.81,20241.32,28413.13,8177.48,20202.11,28379.59
1MHP.mut.197_Repair.clean.pdb,98.60000000000036,341.6800000000003,440.27000000000055,8173.65,20209.89,28383.54,8177.48,20202.11,28379.59
1MHP.mut.198_Repair.clean.pdb,98.63999999999987,341.5349999999998,440.1650000000008,8177.71,20200.32,28378.03,8177.48,20202.11,28379.59
1MHP.mut.199_Repair.clean.pdb,98.53500000000031,341.6599999999998,440.1900000000005,8169.21,20238.21,28407.43,8177.48,20202.11,28379.59
1MHP.mut.200_Repair.clean.pdb,98.30999999999996,343.96500000000015,442.27000000000055,8174.44,20232.18,28406.62,8177.48,20202.11,28379.59
1MHP.mut.201_Repair.clean.pdb,98.55499999999985,349.84000000000015,448.39500000000055,8176.95,20244.3,28421.25,8177.48,20202.11,28379.59
1MHP.mut.202_Repair.clean.pdb,98.18000000000029,347.5300000000006,445.70500000000175,8173.17,20219.27,28392.44,8177.48,20202.11,28379.59
1MHP.mut.203_Repair.clean.pdb,97.71000000000004,353.125,450.82999999999987,8167.93,20232.18,28400.11,8177.48,20202.11,28379.59
1MHP.mut.204_Repair.clean.pdb,98.63000000000055,345.02499999999964,443.6500000000015,8177.44,20209.36,28386.8,8177.48,20202.11,28379.59
1MHP.mut.205_Repair.clean.pdb,96.8850000000002,351.30000000000115,448.1800000000003,8158.18,20185.03,28343.21,8177.48,20202.11,28379.59
1MHP.mut.206_Repair.clean.pdb,99.19500000000015,343.3700000000008,442.5599999999995,8185.95,20240.3,28426.25,8177.48,20202.11,28379.59
1MLC.mut.207_Repair.clean.pdb,94.35500000000002,397.8199999999997,492.17000000000013,6896.76,20005.73,26902.5,6900.98,20047.1,26948.08
1MLC.mut.208_Repair.clean.pdb,108.88000000000014,382.61499999999984,491.49500000000086,6940.12,20011.72,26951.84,6900.98,20047.1,26948.08
1MLC.mut.209_Repair.clean.pdb,111.27499999999964,383.59000000000015,494.87000000000086,6940.35,20006.29,26946.64,6900.98,20047.1,26948.08
1MLC.mut.210_Repair.clean.pdb,94.4899999999998,398.46500000000015,492.9600000000009,6899.13,20048.41,26947.53,6900.98,20047.1,26948.08
1MLC.mut.211_Repair.clean.pdb,112.0749999999998,376.85000000000036,488.92500000000115,6927.26,20015.06,26942.32,6900.98,20047.1,26948.08
1MLC.mut.212_Repair.clean.pdb,116.91499999999996,376.22500000000036,493.1399999999994,6930.14,20006.56,26936.7,6900.98,20047.1,26948.08
1MLC.mut.213_Repair.clean.pdb,97.1750000000002,408.12000000000086,505.29500000000013,6892.19,20023.95,26916.14,6900.98,20047.1,26948.08
1MLC.mut.214_Repair.clean.pdb,94.39499999999998,397.78000000000077,492.17499999999933,6900.26,20047.94,26948.2,6900.98,20047.1,26948.08
1MLC.mut.215_Repair.clean.pdb,96.00999999999978,393.76000000000204,489.77000000000055,6915.92,20036.17,26952.09,6900.98,20047.1,26948.08
1MLC.mut.216_Repair.clean.pdb,94.88999999999987,399.1100000000006,494.0,6898.04,20044.6,26942.64,6900.98,20047.1,26948.08
1MLC.mut.217_Repair.clean.pdb,106.0,381.3349999999992,487.33000000000175,6918.96,20029.95,26948.92,6900.98,20047.1,26948.08
1N8Z.mut.218_Repair.clean.pdb,180.61499999999972,187.34999999999852,367.96500000000015,15335.09,32828.62,48163.71,15287.24,32888.91,48176.14
1N8Z.mut.219_Repair.clean.pdb,194.65000000000055,172.88000000000102,367.5349999999999,15362.67,32800.88,48163.54,15287.24,32888.91,48176.14
1N8Z.mut.220_Repair.clean.pdb,177.3050000000003,205.78000000000247,383.09000000000015,15265.25,32890.13,48155.37,15287.24,32888.91,48176.14
1N8Z.mut.221_Repair.clean.pdb,179.15000000000057,186.73500000000058,365.88500000000204,15295.67,32903.22,48198.89,15287.24,32888.91,48176.14
1N8Z.mut.222_Repair.clean.pdb,180.58500000000004,187.260000000002,367.85000000000224,15317.6,32811.2,48128.79,15287.24,32888.91,48176.14
1N8Z.mut.223_Repair.clean.pdb,182.97000000000025,183.88999999999942,366.864999999998,15373.06,32779.92,48152.97,15287.24,32888.91,48176.14
1N8Z.mut.224_Repair.clean.pdb,180.6849999999995,187.75499999999738,368.4350000000013,15308.02,32857.01,48165.03,15287.24,32888.91,48176.14
1N8Z.mut.225_Repair.clean.pdb,180.71500000000012,187.33999999999648,368.04999999999933,15307.31,32864.91,48172.23,15287.24,32888.91,48176.14
1N8Z.mut.226_Repair.clean.pdb,180.59000000000012,187.36499999999802,367.95500000000175,15333.86,32830.64,48164.5,15287.24,32888.91,48176.14
1N8Z.mut.227_Repair.clean.pdb,182.2549999999992,188.2700000000004,370.5250000000015,15322.29,32888.2,48210.49,15287.24,32888.91,48176.14
1N8Z.mut.228_Repair.clean.pdb,186.0599999999995,180.98999999999802,367.04999999999933,15317.36,32861.44,48178.8,15287.24,32888.91,48176.14
1N8Z.mut.229_Repair.clean.pdb,186.8099999999995,179.65999999999985,366.4700000000012,15306.02,32848.15,48154.17,15287.24,32888.91,48176.14
1N8Z.mut.230_Repair.clean.pdb,186.8099999999995,179.65999999999985,366.4700000000012,15306.02,32848.15,48154.17,15287.24,32888.91,48176.14
1N8Z.mut.231_Repair.clean.pdb,180.6800000000003,187.2599999999984,367.94000000000227,15314.0,32859.08,48173.08,15287.24,32888.91,48176.14
1N8Z.mut.232_Repair.clean.pdb,180.85500000000044,187.77999999999886,368.6349999999984,15307.9,32875.58,48183.48,15287.24,32888.91,48176.14
1N8Z.mut.233_Repair.clean.pdb,180.82999999999996,186.5950000000012,367.42499999999933,15309.55,32869.61,48179.16,15287.24,32888.91,48176.14
1N8Z.mut.234_Repair.clean.pdb,185.51500000000038,177.5699999999997,363.08000000000175,15341.01,32812.82,48153.83,15287.24,32888.91,48176.14
1N8Z.mut.235_Repair.clean.pdb,180.59499999999932,187.28499999999985,367.8849999999984,15287.54,32896.9,48184.43,15287.24,32888.91,48176.14
1N8Z.mut.236_Repair.clean.pdb,173.1100000000006,190.9799999999996,364.09000000000015,15260.73,32944.75,48205.48,15287.24,32888.91,48176.14
1N8Z.mut.237_Repair.clean.pdb,183.5049999999992,182.27999999999886,365.7849999999999,15302.95,32868.68,48171.63,15287.24,32888.91,48176.14
1N8Z.mut.238_Repair.clean.pdb,185.26000000000028,179.54499999999825,364.8050000000003,15297.22,32849.67,48146.89,15287.24,32888.91,48176.14
1N8Z.mut.239_Repair.clean.pdb,185.26000000000028,179.54499999999825,364.8050000000003,15297.22,32849.67,48146.89,15287.24,32888.91,48176.14
1N8Z.mut.240_Repair.clean.pdb,188.36499999999972,170.58499999999913,358.95000000000067,15324.69,32845.04,48169.73,15287.24,32888.91,48176.14
1N8Z.mut.241_Repair.clean.pdb,180.15499999999975,180.1349999999984,360.28499999999985,15289.11,32878.07,48167.19,15287.24,32888.91,48176.14
1N8Z.mut.242_Repair.clean.pdb,180.8849999999993,187.93499999999767,368.81500000000227,15315.35,32831.65,48147.0,15287.24,32888.91,48176.14
1N8Z.mut.243_Repair.clean.pdb,183.59000000000012,183.71500000000012,367.29999999999933,15305.11,32873.97,48179.08,15287.24,32888.91,48176.14
1N8Z.mut.244_Repair.clean.pdb,182.09500000000025,186.0550000000003,368.15500000000253,15309.67,32869.13,48178.79,15287.24,32888.91,48176.14
1N8Z.mut.245_Repair.clean.pdb,188.2299999999996,179.47499999999852,367.7100000000028,15313.85,32859.86,48173.71,15287.24,32888.91,48176.14
1N8Z.mut.246_Repair.clean.pdb,194.06000000000043,170.82999999999808,364.8899999999994,15313.9,32856.9,48170.8,15287.24,32888.91,48176.14
1N8Z.mut.247_Repair.clean.pdb,189.46500000000012,174.72499999999852,364.1949999999997,15316.65,32851.05,48167.7,15287.24,32888.91,48176.14
1N8Z.mut.248_Repair.clean.pdb,180.51999999999958,184.88999999999942,365.4099999999999,15287.67,32878.94,48166.61,15287.24,32888.91,48176.14
1N8Z.mut.249_Repair.clean.pdb,181.20500000000084,186.96500000000012,368.1650000000045,15306.72,32874.65,48181.38,15287.24,32888.91,48176.14
1N8Z.mut.250_Repair.clean.pdb,188.6800000000003,175.1949999999997,363.875,15309.91,32872.34,48182.25,15287.24,32888.91,48176.14
1N8Z.mut.251_Repair.clean.pdb,193.47500000000042,171.8000000000029,365.2649999999994,15306.9,32848.31,48155.22,15287.24,32888.91,48176.14
1VFB.mut.252_Repair.clean.pdb,90.34500000000023,271.6149999999998,361.96500000000015,4711.41,12122.75,16834.16,4676.71,12160.92,16837.63
1VFB.mut.253_Repair.clean.pdb,74.98000000000002,295.08999999999924,370.07500000000067,4704.39,12129.04,16833.43,4676.71,12160.92,16837.63
1VFB.mut.254_Repair.clean.pdb,74.14000000000033,296.9849999999997,371.130000000001,4677.16,12192.85,16870.01,4676.71,12160.92,16837.63
1VFB.mut.255_Repair.clean.pdb,88.05999999999996,274.4200000000001,362.4850000000006,4700.88,12098.16,16799.04,4676.71,12160.92,16837.63
1VFB.mut.256_Repair.clean.pdb,69.33500000000004,294.6199999999999,363.9599999999992,4668.53,12182.53,16851.06,4676.71,12160.92,16837.63
1VFB.mut.257_Repair.clean.pdb,79.95499999999993,286.29,366.244999999999,4707.83,12122.55,16830.38,4676.71,12160.92,16837.63
1VFB.mut.258_Repair.clean.pdb,83.1550000000002,281.3149999999996,364.47500000000036,4714.23,12107.61,16821.84,4676.71,12160.92,16837.63
1VFB.mut.259_Repair.clean.pdb,80.65000000000009,282.4949999999999,363.1499999999997,4745.2,12058.91,16804.11,4676.71,12160.92,16837.63
1VFB.mut.260_Repair.clean.pdb,79.14499999999998,289.5500000000002,368.6949999999997,4694.84,12145.94,16840.78,4676.71,12160.92,16837.63
1VFB.mut.261_Repair.clean.pdb,99.61999999999986,264.49499999999995,364.11499999999984,4702.05,12131.24,16833.3,4676.71,12160.92,16837.63
1VFB.mut.262_Repair.clean.pdb,73.86999999999989,297.6750000000002,371.54500000000013,4672.04,12171.89,16843.94,4676.71,12160.92,16837.63
1VFB.mut.263_Repair.clean.pdb,80.88999999999987,287.0149999999994,367.9099999999999,4713.53,12122.61,16836.14,4676.71,12160.92,16837.63
1VFB.mut.264_Repair.clean.pdb,91.43000000000029,271.1349999999993,362.5699999999997,4701.98,12133.6,16835.58,4676.71,12160.92,16837.63
1VFB.mut.265_Repair.clean.pdb,91.3599999999997,273.54,364.89500000000055,4730.35,12093.75,16824.1,4676.71,12160.92,16837.63
1VFB.mut.266_Repair.clean.pdb,74.25,295.83500000000095,370.07500000000067,4676.26,12175.21,16851.48,4676.71,12160.92,16837.63
1VFB.mut.267_Repair.clean.pdb,74.25,295.7699999999995,370.02000000000055,4676.38,12160.85,16837.23,4676.71,12160.92,16837.63
1VFB.mut.268_Repair.clean.pdb,76.77500000000009,295.5749999999998,372.3549999999996,4683.12,12155.84,16838.96,4676.71,12160.92,16837.63
1VFB.mut.269_Repair.clean.pdb,63.875,316.8000000000002,380.67499999999933,4657.51,12199.9,16857.41,4676.71,12160.92,16837.63
1VFB.mut.270_Repair.clean.pdb,64.0,321.95499999999987,385.95499999999987,4652.59,12152.94,16805.53,4676.71,12160.92,16837.63
1VFB.mut.271_Repair.clean.pdb,74.57999999999993,294.7399999999998,369.3199999999997,4671.29,12103.14,16774.43,4676.71,12160.92,16837.63
1VFB.mut.272_Repair.clean.pdb,74.12999999999965,293.7399999999998,367.87000000000086,4677.68,12134.26,16811.94,4676.71,12160.92,16837.63
1VFB.mut.273_Repair.clean.pdb,74.0949999999998,295.9949999999999,370.09000000000015,4672.1,12175.25,16847.35,4676.71,12160.92,16837.63
1VFB.mut.274_Repair.clean.pdb,74.11000000000013,296.0199999999995,370.125,4671.54,12194.1,16865.64,4676.71,12160.92,16837.63
1VFB.mut.275_Repair.clean.pdb,74.10000000000036,295.9599999999991,370.0650000000005,4671.9,12176.54,16848.44,4676.71,12160.92,16837.63
1VFB.mut.276_Repair.clean.pdb,74.04500000000007,296.07999999999987,370.119999999999,4669.61,12190.6,16860.22,4676.71,12160.92,16837.63
1VFB.mut.277_Repair.clean.pdb,80.51999999999998,286.6200000000008,367.14500000000055,4709.78,12160.32,16870.1,4676.71,12160.92,16837.63
1VFB.mut.278_Repair.clean.pdb,78.09000000000015,288.4099999999998,366.5,4700.87,12141.85,16842.72,4676.71,12160.92,16837.63
1VFB.mut.279_Repair.clean.pdb,82.33999999999969,285.9450000000006,368.2849999999999,4700.81,12113.22,16814.03,4676.71,12160.92,16837.63
1VFB.mut.280_Repair.clean.pdb,81.56500000000005,287.0400000000009,368.6100000000006,4706.0,12133.3,16839.3,4676.71,12160.92,16837.63
1VFB.mut.281_Repair.clean.pdb,75.30500000000029,295.8350000000001,371.1399999999994,4681.19,12172.1,16853.29,4676.71,12160.92,16837.63
1VFB.mut.282_Repair.clean.pdb,74.27000000000044,295.9349999999995,370.20499999999987,4661.73,12196.77,16858.5,4676.71,12160.92,16837.63
1VFB.mut.283_Repair.clean.pdb,74.26999999999998,295.915,370.1849999999995,4660.96,12208.97,16869.93,4676.71,12160.92,16837.63
1VFB.mut.284_Repair.clean.pdb,75.6999999999998,296.6800000000003,372.38500000000016,4669.75,12122.47,16792.21,4676.71,12160.92,16837.63
1VFB.mut.285_Repair.clean.pdb,75.75999999999976,295.0900000000001,370.85000000000036,4717.09,12103.66,16820.75,4676.71,12160.92,16837.63
1VFB.mut.286_Repair.clean.pdb,74.38000000000011,300.7850000000008,375.17000000000013,4668.23,12190.15,16858.38,4676.71,12160.92,16837.63
1VFB.mut.287_Repair.clean.pdb,76.15999999999985,290.20499999999987,366.36499999999984,4720.29,12162.16,16882.45,4676.71,12160.92,16837.63
1VFB.mut.288_Repair.clean.pdb,74.86999999999989,294.0850000000001,368.95000000000067,4695.95,12145.25,16841.21,4676.71,12160.92,16837.63
1VFB.mut.289_Repair.clean.pdb,74.36999999999989,297.0050000000001,371.375,4670.6,12129.49,16800.09,4676.71,12160.92,16837.63
1VFB.mut.290_Repair.clean.pdb,76.7199999999998,289.4900000000007,366.2099999999992,4696.05,12147.81,16843.86,4676.71,12160.92,16837.63
1VFB.mut.291_Repair.clean.pdb,74.01499999999987,295.7750000000005,369.78999999999917,4679.85,12196.1,16875.95,4676.71,12160.92,16837.63
1VFB.mut.292_Repair.clean.pdb,74.33500000000005,298.32500000000067,372.6599999999999,4675.75,12178.71,16854.46,4676.71,12160.92,16837.63
1YY9.mut.293_Repair.clean.pdb,127.75,359.4799999999996,487.2299999999996,14560.34,37734.63,52294.97,14523.97,37780.05,52304.03
1YY9.mut.294_Repair.clean.pdb,112.90499999999977,381.0749999999971,493.9850000000006,14520.83,37808.47,52329.29,14523.97,37780.05,52304.03
1YY9.mut.295_Repair.clean.pdb,129.19999999999982,358.6899999999987,487.88500000000204,14536.39,37769.74,52306.14,14523.97,37780.05,52304.03
1YY9.mut.296_Repair.clean.pdb,112.88999999999943,381.0350000000035,493.9300000000003,14521.91,37795.59,52317.49,14523.97,37780.05,52304.03
1YY9.mut.297_Repair.clean.pdb,113.08500000000004,382.1599999999999,495.25000000000364,14522.38,37801.36,52323.74,14523.97,37780.05,52304.03
2JEL.mut.298_Repair.clean.pdb,136.7149999999997,321.1200000000008,457.8349999999992,7699.31,17438.19,25137.5,7738.37,17401.76,25140.13
2JEL.mut.299_Repair.clean.pdb,136.67999999999984,321.3700000000008,458.04500000000013,7737.74,17417.45,25155.2,7738.37,17401.76,25140.13
2JEL.mut.300_Repair.clean.pdb,136.73000000000002,320.96000000000095,457.6849999999995,7738.95,17383.8,25122.76,7738.37,17401.76,25140.13
2JEL.mut.301_Repair.clean.pdb,136.69000000000003,321.3099999999995,458.0,7737.28,17399.54,25136.82,7738.37,17401.76,25140.13
2JEL.mut.302_Repair.clean.pdb,137.21500000000015,321.7099999999991,458.92499999999933,7740.73,17420.4,25161.13,7738.37,17401.76,25140.13
2JEL.mut.303_Repair.clean.pdb,152.26499999999987,299.4300000000003,451.6899999999987,7780.34,17327.66,25108.0,7738.37,17401.76,25140.13
2JEL.mut.304_Repair.clean.pdb,140.20499999999993,314.8150000000005,455.02000000000055,7751.36,17384.46,25135.82,7738.37,17401.76,25140.13
2JEL.mut.305_Repair.clean.pdb,136.86999999999944,322.70000000000067,459.5699999999997,7740.06,17419.84,25159.9,7738.37,17401.76,25140.13
2JEL.mut.306_Repair.clean.pdb,136.60500000000002,324.375,460.9799999999996,7733.73,17411.82,25145.55,7738.37,17401.76,25140.13
2JEL.mut.307_Repair.clean.pdb,136.71500000000015,321.130000000001,457.8449999999994,7806.48,17293.71,25100.19,7738.37,17401.76,25140.13
2JEL.mut.308_Repair.clean.pdb,136.7149999999997,321.125,457.8349999999992,7884.42,17201.65,25086.07,7738.37,17401.76,25140.13
2JEL.mut.309_Repair.clean.pdb,136.7149999999997,321.1200000000008,457.8349999999992,7739.01,17377.55,25116.56,7738.37,17401.76,25140.13
2JEL.mut.310_Repair.clean.pdb,136.7149999999997,321.119999999999,457.8350000000009,7741.97,17418.38,25160.35,7738.37,17401.76,25140.13
2JEL.mut.311_Repair.clean.pdb,136.70999999999958,321.1200000000008,457.8399999999983,7736.93,17401.03,25137.95,7738.37,17401.76,25140.13
2JEL.mut.312_Repair.clean.pdb,121.06999999999971,343.2350000000006,464.3099999999995,7714.41,17404.77,25119.18,7738.37,17401.76,25140.13
2JEL.mut.313_Repair.clean.pdb,124.1099999999997,335.869999999999,459.9799999999996,7724.22,17438.49,25162.71,7738.37,17401.76,25140.13
2JEL.mut.314_Repair.clean.pdb,137.5399999999995,320.0300000000006,457.5699999999997,7776.02,17343.62,25119.64,7738.37,17401.76,25140.13
2JEL.mut.315_Repair.clean.pdb,136.7149999999997,320.9699999999993,457.6849999999995,7739.3,17388.29,25127.59,7738.37,17401.76,25140.13
2JEL.mut.316_Repair.clean.pdb,136.71000000000004,321.119999999999,457.8349999999992,7736.32,17378.9,25115.22,7738.37,17401.76,25140.13
2JEL.mut.317_Repair.clean.pdb,136.71000000000004,321.1100000000006,457.8199999999997,7735.03,17380.44,25115.47,7738.37,17401.76,25140.13
2JEL.mut.318_Repair.clean.pdb,136.65499999999977,320.2900000000009,456.94999999999885,7736.64,17377.16,25113.79,7738.37,17401.76,25140.13
2JEL.mut.319_Repair.clean.pdb,136.44999999999982,324.6399999999994,461.09000000000015,7732.15,17386.56,25118.71,7738.37,17401.76,25140.13
2JEL.mut.320_Repair.clean.pdb,136.6949999999997,321.27000000000044,457.97500000000036,7735.52,17378.52,25114.03,7738.37,17401.76,25140.13
2JEL.mut.321_Repair.clean.pdb,136.7149999999997,321.125,457.84000000000015,7739.71,17403.02,25142.73,7738.37,17401.76,25140.13
2JEL.mut.322_Repair.clean.pdb,136.90999999999985,320.95499999999987,457.86499999999984,7742.76,17392.98,25135.74,7738.37,17401.76,25140.13
2JEL.mut.323_Repair.clean.pdb,136.71500000000015,321.1200000000008,457.8399999999983,7621.16,17557.05,25178.2,7738.37,17401.76,25140.13
2JEL.mut.324_Repair.clean.pdb,136.98500000000013,320.2150000000001,457.19999999999885,7741.28,17428.55,25169.83,7738.37,17401.76,25140.13
2JEL.mut.325_Repair.clean.pdb,136.6949999999997,321.20499999999987,457.89500000000055,7740.38,17432.09,25172.48,7738.37,17401.76,25140.13
2JEL.mut.326_Repair.clean.pdb,136.7149999999997,321.1200000000008,457.8349999999992,7740.02,17402.66,25142.68,7738.37,17401.76,25140.13
2JEL.mut.327_Repair.clean.pdb,136.94999999999982,322.85000000000036,459.80000000000115,7739.25,17406.12,25145.37,7738.37,17401.76,25140.13
2JEL.mut.328_Repair.clean.pdb,136.71000000000004,321.125,457.8350000000009,7803.91,17263.28,25067.19,7738.37,17401.76,25140.13
2JEL.mut.329_Repair.clean.pdb,136.71500000000015,321.125,457.8349999999992,7748.36,17395.72,25144.08,7738.37,17401.76,25140.13
2JEL.mut.330_Repair.clean.pdb,136.26999999999953,319.64999999999964,455.92000000000013,7744.06,17410.99,25155.05,7738.37,17401.76,25140.13
2JEL.mut.331_Repair.clean.pdb,136.85500000000002,320.5599999999995,457.41499999999917,7746.36,17404.23,25150.59,7738.37,17401.76,25140.13
2JEL.mut.332_Repair.clean.pdb,136.76999999999998,321.1949999999997,457.9699999999994,7743.8,17406.16,25149.96,7738.37,17401.76,25140.13
2JEL.mut.333_Repair.clean.pdb,136.7249999999999,321.77000000000044,458.5,7737.86,17406.86,25144.71,7738.37,17401.76,25140.13
2JEL.mut.334_Repair.clean.pdb,136.71000000000004,322.9699999999993,459.6849999999995,7734.17,17409.7,25143.87,7738.37,17401.76,25140.13
2JEL.mut.335_Repair.clean.pdb,136.82999999999993,322.5900000000001,459.42499999999933,7733.63,17410.86,25144.49,7738.37,17401.76,25140.13
2JEL.mut.336_Repair.clean.pdb,137.3449999999998,320.07999999999987,457.4300000000003,7760.2,17376.44,25136.64,7738.37,17401.76,25140.13
2JEL.mut.337_Repair.clean.pdb,136.64999999999964,321.40499999999884,458.0599999999995,7735.1,17401.79,25136.89,7738.37,17401.76,25140.13
2JEL.mut.338_Repair.clean.pdb,136.71000000000004,321.10000000000036,457.8099999999995,7734.17,17406.46,25140.63,7738.37,17401.76,25140.13
2JEL.mut.339_Repair.clean.pdb,136.71000000000004,321.1200000000008,457.8349999999992,7738.86,17390.69,25129.54,7738.37,17401.76,25140.13
2JEL.mut.340_Repair.clean.pdb,136.67999999999984,320.82500000000067,457.505000000001,7741.2,17385.51,25126.71,7738.37,17401.76,25140.13
2NYY.mut.341_Repair.clean.pdb,104.68499999999949,470.40499999999884,575.0849999999991,24876.36,58761.53,83637.9,24844.64,58797.25,83641.89
2NYY.mut.342_Repair.clean.pdb,108.18000000000029,466.4399999999987,574.6200000000026,24870.85,58771.74,83642.59,24844.64,58797.25,83641.89
2NYY.mut.343_Repair.clean.pdb,116.58499999999913,449.57500000000437,566.1599999999962,24869.79,58757.09,83626.88,24844.64,58797.25,83641.89
2NYY.mut.344_Repair.clean.pdb,101.7600000000002,474.7949999999983,576.5599999999978,24845.28,58820.8,83666.08,24844.64,58797.25,83641.89
2NYY.mut.345_Repair.clean.pdb,99.73999999999796,474.79999999999933,574.5400000000009,24847.99,58829.15,83677.14,24844.64,58797.25,83641.89
2NYY.mut.346_Repair.clean.pdb,118.54000000000087,448.77000000000413,567.3100000000051,24877.42,58750.81,83628.23,24844.64,58797.25,83641.89
2NYY.mut.347_Repair.clean.pdb,99.02499999999964,473.5149999999958,572.5400000000009,24836.56,58821.87,83658.43,24844.64,58797.25,83641.89
2NYY.mut.348_Repair.clean.pdb,102.5,473.3000000000029,575.7999999999956,24857.32,58754.42,83611.74,24844.64,58797.25,83641.89
2NYY.mut.349_Repair.clean.pdb,104.3799999999992,469.84000000000015,574.2249999999984,24882.4,58708.02,83590.42,24844.64,58797.25,83641.89
2NYY.mut.350_Repair.clean.pdb,102.46999999999935,473.3199999999997,575.7900000000009,24859.16,58753.64,83612.8,24844.64,58797.25,83641.89
2NYY.mut.351_Repair.clean.pdb,97.17499999999927,472.4449999999997,569.625,24845.3,58825.31,83670.6,24844.64,58797.25,83641.89
2NYY.mut.352_Repair.clean.pdb,104.85499999999956,469.9299999999967,574.7850000000035,24861.3,58781.62,83642.92,24844.64,58797.25,83641.89
2NYY.mut.353_Repair.clean.pdb,112.05499999999849,458.5500000000029,570.5999999999984,24869.83,58771.17,83641.0,24844.64,58797.25,83641.89
2NYY.mut.354_Repair.clean.pdb,102.54500000000007,473.23499999999694,575.7800000000061,24864.92,58767.37,83632.29,24844.64,58797.25,83641.89
2NYY.mut.355_Repair.clean.pdb,109.95499999999993,455.9900000000016,565.9449999999998,24883.39,58734.48,83617.87,24844.64,58797.25,83641.89
2NYY.mut.356_Repair.clean.pdb,111.89999999999964,452.27499999999776,564.179999999993,24914.84,58696.98,83611.82,24844.64,58797.25,83641.89
2NYY.mut.357_Repair.clean.pdb,104.72999999999956,470.4950000000026,575.2250000000057,24912.55,58726.61,83639.15,24844.64,58797.25,83641.89
2NYY.mut.358_Repair.clean.pdb,107.42499999999927,468.95000000000437,576.375,24882.2,58762.81,83645.01,24844.64,58797.25,83641.89
2NYY.mut.359_Repair.clean.pdb,116.96999999999935,451.60499999999587,568.5750000000044,24879.96,58756.66,83636.62,24844.64,58797.25,83641.89
2NYY.mut.360_Repair.clean.pdb,102.31500000000051,473.77499999999776,576.0899999999965,24836.06,58781.98,83618.05,24844.64,58797.25,83641.89
2NYY.mut.361_Repair.clean.pdb,102.43000000000029,473.46999999999747,575.9000000000016,24830.98,58831.05,83662.03,24844.64,58797.25,83641.89
2NYY.mut.362_Repair.clean.pdb,102.34000000000015,470.7900000000008,573.1299999999974,24846.6,58797.17,83643.77,24844.64,58797.25,83641.89
2NYY.mut.363_Repair.clean.pdb,102.33500000000096,472.02499999999776,574.3700000000026,24846.07,58811.86,83657.92,24844.64,58797.25,83641.89
2NYY.mut.364_Repair.clean.pdb,102.18500000000131,471.32500000000067,573.5099999999948,24845.69,58810.88,83656.57,24844.64,58797.25,83641.89
2NYY.mut.365_Repair.clean.pdb,102.59000000000015,476.77499999999776,579.364999999998,24841.35,58797.92,83639.27,24844.64,58797.25,83641.89
2NYY.mut.366_Repair.clean.pdb,100.31500000000051,478.46999999999747,578.7799999999988,24840.41,58814.66,83655.07,24844.64,58797.25,83641.89
2NYY.mut.367_Repair.clean.pdb,102.62500000000182,476.5049999999974,579.1300000000048,24841.37,58817.16,83658.53,24844.64,58797.25,83641.89
2NYY.mut.368_Repair.clean.pdb,102.5100000000002,477.07500000000067,579.5900000000038,24843.97,58800.77,83644.73,24844.64,58797.25,83641.89
2NZ9.mut.369_Repair.clean.pdb,102.625,477.44500000000335,580.0699999999998,24769.62,58718.82,83488.44,24739.15,58753.56,83492.71
2NZ9.mut.370_Repair.clean.pdb,105.59499999999935,473.9099999999999,579.510000000002,24764.34,58728.71,83493.05,24739.15,58753.56,83492.71
2NZ9.mut.371_Repair.clean.pdb,113.45999999999913,455.89999999999776,569.3599999999933,24762.31,58715.9,83478.21,24739.15,58753.56,83492.71
2NZ9.mut.372_Repair.clean.pdb,99.68500000000131,481.8249999999971,581.510000000002,24739.89,58776.97,83516.86,24739.15,58753.56,83492.71
2NZ9.mut.373_Repair.clean.pdb,98.04500000000186,481.87499999999636,579.9199999999983,24743.01,58785.4,83528.41,24739.15,58753.56,83492.71
2NZ9.mut.374_Repair.clean.pdb,117.54999999999927,455.0649999999987,572.614999999998,24770.83,58707.26,83478.08,24739.15,58753.56,83492.71
2NZ9.mut.375_Repair.clean.pdb,96.8650000000016,480.7549999999974,577.6200000000026,24732.1,58778.36,83510.45,24739.15,58753.56,83492.71
2NZ9.mut.376_Repair.clean.pdb,100.48500000000057,480.27000000000055,580.75,24751.79,58710.38,83462.17,24739.15,58753.56,83492.71
2NZ9.mut.377_Repair.clean.pdb,102.72500000000036,476.27999999999884,579.0049999999974,24776.47,58662.2,83438.67,24739.15,58753.56,83492.71
2NZ9.mut.378_Repair.clean.pdb,100.46000000000096,480.3450000000012,580.8050000000002,24753.28,58709.28,83462.56,24739.15,58753.56,83492.71
2NZ9.mut.379_Repair.clean.pdb,96.15000000000146,480.0099999999984,576.1600000000035,24740.01,58780.49,83520.5,24739.15,58753.56,83492.71
2NZ9.mut.380_Repair.clean.pdb,103.10499999999956,477.0,580.1049999999959,24755.98,58738.58,83494.56,24739.15,58753.56,83492.71
2NZ9.mut.381_Repair.clean.pdb,109.59000000000015,466.49999999999636,576.0950000000012,24763.5,58728.76,83492.26,24739.15,58753.56,83492.71
2NZ9.mut.382_Repair.clean.pdb,100.52499999999964,480.239999999998,580.7649999999994,24759.33,58724.42,83483.75,24739.15,58753.56,83492.71
2NZ9.mut.383_Repair.clean.pdb,108.16499999999904,463.3050000000003,571.4649999999965,24777.13,58692.31,83469.44,24739.15,58753.56,83492.71
2NZ9.mut.384_Repair.clean.pdb,110.89500000000044,458.1699999999983,569.0650000000022,24809.88,58652.97,83462.85,24739.15,58753.56,83492.71
2NZ9.mut.385_Repair.clean.pdb,103.77499999999964,475.9199999999983,579.6949999999998,24804.89,58685.94,83490.83,24739.15,58753.56,83492.71
2NZ9.mut.386_Repair.clean.pdb,105.70499999999993,474.3799999999974,580.0849999999991,24776.33,58719.78,83496.11,24739.15,58753.56,83492.71
2NZ9.mut.387_Repair.clean.pdb,116.54000000000087,456.3100000000013,572.8499999999984,24772.27,58715.9,83488.17,24739.15,58753.56,83492.71
3BDY.mut.388_Repair.clean.pdb,148.2400000000007,347.2099999999992,495.45000000000067,8355.05,19082.41,27437.46,8303.15,19146.68,27449.83
3BDY.mut.389_Repair.clean.pdb,162.6700000000001,329.17999999999853,491.8449999999994,8371.75,19056.83,27428.58,8303.15,19146.68,27449.83
3BDY.mut.390_Repair.clean.pdb,146.40499999999975,346.92000000000013,493.32499999999885,8308.99,19162.35,27471.34,8303.15,19146.68,27449.83
3BDY.mut.391_Repair.clean.pdb,148.07499999999982,346.9300000000003,495.01000000000016,8306.62,19144.12,27450.73,8303.15,19146.68,27449.83
3BDY.mut.392_Repair.clean.pdb,148.3199999999997,346.4399999999987,494.7649999999994,8312.68,19142.83,27455.5,8303.15,19146.68,27449.83
3BDY.mut.393_Repair.clean.pdb,153.63500000000022,347.54500000000013,501.1849999999995,8307.43,19141.06,27448.48,8303.15,19146.68,27449.83
3BDY.mut.394_Repair.clean.pdb,148.1700000000001,347.02499999999964,495.1899999999987,8335.43,19063.24,27398.68,8303.15,19146.68,27449.83
3BDY.mut.395_Repair.clean.pdb,148.16499999999996,347.005000000001,495.17000000000013,8399.98,19021.03,27421.01,8303.15,19146.68,27449.83
3BDY.mut.396_Repair.clean.pdb,148.51999999999953,345.3949999999986,493.91499999999917,8324.94,19116.65,27441.59,8303.15,19146.68,27449.83
3BDY.mut.397_Repair.clean.pdb,148.5,345.0550000000003,493.5599999999995,8342.41,19074.79,27417.2,8303.15,19146.68,27449.83
3BDY.mut.398_Repair.clean.pdb,148.82499999999982,346.20000000000067,495.02000000000055,8324.23,19121.48,27445.71,8303.15,19146.68,27449.83
3BDY.mut.399_Repair.clean.pdb,148.16499999999996,347.00499999999914,495.17000000000013,8350.63,19090.15,27440.78,8303.15,19146.68,27449.83
3BDY.mut.400_Repair.clean.pdb,150.0599999999995,344.72500000000036,494.7849999999981,8338.04,19151.54,27489.58,8303.15,19146.68,27449.83
3BDY.mut.401_Repair.clean.pdb,154.6099999999997,336.630000000001,491.25,8327.01,19132.3,27459.3,8303.15,19146.68,27449.83
3BDY.mut.402_Repair.clean.pdb,149.03499999999985,345.0299999999988,494.0599999999995,8323.64,19135.77,27459.41,8303.15,19146.68,27449.83
3BDY.mut.403_Repair.clean.pdb,148.7550000000001,345.0849999999992,493.8449999999994,8327.0,19125.97,27452.96,8303.15,19146.68,27449.83
3BDY.mut.404_Repair.clean.pdb,148.8699999999999,345.10000000000036,493.9599999999992,8367.42,19054.57,27422.0,8303.15,19146.68,27449.83
3BDY.mut.405_Repair.clean.pdb,148.35500000000047,347.03499999999985,495.3899999999994,8370.82,19057.26,27428.08,8303.15,19146.68,27449.83
3BDY.mut.406_Repair.clean.pdb,148.71500000000015,346.0650000000005,494.77999999999884,8305.63,19142.36,27447.99,8303.15,19146.68,27449.83
3BDY.mut.407_Repair.clean.pdb,148.2749999999996,346.6549999999988,494.9300000000003,8304.78,19143.22,27448.0,8303.15,19146.68,27449.83
3BDY.mut.408_Repair.clean.pdb,152.14499999999953,339.32999999999987,491.4799999999996,8316.7,19129.19,27445.89,8303.15,19146.68,27449.83
3BDY.mut.409_Repair.clean.pdb,148.20000000000073,347.9350000000013,496.12999999999914,8304.21,19166.12,27470.33,8303.15,19146.68,27449.83
3BDY.mut.410_Repair.clean.pdb,142.02000000000044,350.62000000000086,492.6399999999994,8307.33,19164.62,27471.96,8303.15,19146.68,27449.83
3BDY.mut.411_Repair.clean.pdb,147.11499999999978,347.2199999999993,494.3350000000009,8290.03,19161.25,27451.28,8303.15,19146.68,27449.83
3BDY.mut.412_Repair.clean.pdb,151.41499999999996,342.9250000000011,494.3349999999992,8370.24,19020.76,27391.0,8303.15,19146.68,27449.83
3BDY.mut.413_Repair.clean.pdb,165.5599999999995,327.7399999999998,493.3050000000003,8341.53,19108.3,27449.82,8303.15,19146.68,27449.83
3BDY.mut.414_Repair.clean.pdb,156.23999999999978,337.89999999999964,494.1399999999994,8318.79,19134.09,27452.88,8303.15,19146.68,27449.83
3BDY.mut.415_Repair.clean.pdb,148.5150000000003,346.8050000000003,495.3199999999997,8329.26,19126.11,27455.37,8303.15,19146.68,27449.83
3BDY.mut.416_Repair.clean.pdb,165.59499999999937,324.70499999999987,490.29500000000013,8329.02,19114.57,27443.6,8303.15,19146.68,27449.83
3BDY.mut.417_Repair.clean.pdb,156.7049999999999,335.8099999999995,492.51000000000016,8335.87,19105.79,27441.67,8303.15,19146.68,27449.83
3BDY.mut.418_Repair.clean.pdb,152.65499999999975,341.10000000000036,493.75499999999914,8333.35,19146.02,27479.36,8303.15,19146.68,27449.83
3BDY.mut.419_Repair.clean.pdb,154.38999999999942,338.0349999999998,492.42000000000013,8322.27,19134.56,27456.84,8303.15,19146.68,27449.83
3BDY.mut.420_Repair.clean.pdb,148.3699999999999,347.34000000000015,495.7099999999992,8341.61,19092.63,27434.24,8303.15,19146.68,27449.83
3BDY.mut.421_Repair.clean.pdb,161.5550000000003,327.5550000000003,489.10999999999876,8326.83,19132.87,27459.7,8303.15,19146.68,27449.83
3BE1.mut.422_Repair.clean.pdb,161.90999999999985,183.6049999999996,345.52000000000044,16696.28,34514.57,51210.85,16642.71,34581.14,51223.84
3BE1.mut.423_Repair.clean.pdb,176.3950000000004,167.10499999999956,343.5049999999974,16720.28,34490.19,51210.47,16642.71,34581.14,51223.84
3BE1.mut.424_Repair.clean.pdb,159.88000000000102,183.11000000000058,342.989999999998,16649.46,34596.43,51245.89,16642.71,34581.14,51223.84
3BE1.mut.425_Repair.clean.pdb,161.64000000000127,183.4700000000012,345.1100000000006,16646.14,34578.0,51224.14,16642.71,34581.14,51223.84
3BE1.mut.426_Repair.clean.pdb,163.375,183.21500000000012,346.59000000000015,16651.9,34577.49,51229.38,16642.71,34581.14,51223.84
3BE1.mut.427_Repair.clean.pdb,167.92499999999927,183.95500000000172,351.8799999999974,16646.65,34576.27,51222.92,16642.71,34581.14,51223.84
3BE1.mut.428_Repair.clean.pdb,161.8150000000005,183.5500000000029,345.3650000000016,16678.21,34495.5,51173.71,16642.71,34581.14,51223.84
3BE1.mut.429_Repair.clean.pdb,164.99500000000083,179.29999999999927,344.29499999999825,16730.14,34467.51,51197.65,16642.71,34581.14,51223.84
3BE1.mut.430_Repair.clean.pdb,161.96000000000097,184.05999999999767,346.0199999999968,16665.95,34545.3,51211.25,16642.71,34581.14,51223.84
3BE1.mut.431_Repair.clean.pdb,162.40500000000063,177.3050000000003,339.7149999999965,16680.01,34520.0,51200.0,16642.71,34581.14,51223.84
3BE1.mut.432_Repair.clean.pdb,161.9350000000013,183.5699999999997,345.51000000000204,16665.03,34554.04,51219.06,16642.71,34581.14,51223.84
3BE1.mut.433_Repair.clean.pdb,161.8050000000003,183.63000000000102,345.4350000000013,16691.22,34521.99,51213.21,16642.71,34581.14,51223.84
3BE1.mut.434_Repair.clean.pdb,163.34499999999937,184.57500000000076,347.9200000000019,16678.81,34580.68,51259.49,16642.71,34581.14,51223.84
3BE1.mut.435_Repair.clean.pdb,165.64500000000044,179.1850000000013,344.8299999999981,16673.4,34553.51,51226.91,16642.71,34581.14,51223.84
3BE1.mut.436_Repair.clean.pdb,162.07500000000073,184.0600000000013,346.1349999999984,16665.28,34564.1,51229.38,16642.71,34581.14,51223.84
3BE1.mut.437_Repair.clean.pdb,162.04999999999927,182.3450000000012,344.39999999999776,16667.74,34557.6,51225.33,16642.71,34581.14,51223.84
3BE1.mut.438_Repair.clean.pdb,167.27500000000146,173.0,340.27000000000044,16696.17,34507.11,51203.28,16642.71,34581.14,51223.84
3BE1.mut.439_Repair.clean.pdb,161.9300000000003,183.5550000000003,345.4850000000006,16733.27,34466.61,51199.88,16642.71,34581.14,51223.84
3BE1.mut.440_Repair.clean.pdb,162.65999999999985,183.25,345.90999999999985,16647.13,34576.72,51223.85,16642.71,34581.14,51223.84
3BE1.mut.441_Repair.clean.pdb,161.78499999999985,183.2599999999984,345.04499999999825,16644.97,34577.18,51222.15,16642.71,34581.14,51223.84
3BE1.mut.442_Repair.clean.pdb,164.6900000000005,178.20999999999913,342.8999999999978,16659.57,34557.69,51217.26,16642.71,34581.14,51223.84
3BE1.mut.443_Repair.clean.pdb,159.98000000000138,184.0550000000003,344.03499999999985,16638.3,34603.72,51242.02,16642.71,34581.14,51223.84
3BE1.mut.444_Repair.clean.pdb,159.5650000000005,184.76499999999942,344.3299999999981,16646.02,34601.53,51247.55,16642.71,34581.14,51223.84
3BE1.mut.445_Repair.clean.pdb,162.11000000000058,184.4700000000012,346.5849999999992,16638.68,34601.74,51240.41,16642.71,34581.14,51223.84
3BE1.mut.446_Repair.clean.pdb,164.91500000000087,174.8899999999994,339.8100000000013,16731.25,34426.97,51158.21,16642.71,34581.14,51223.84
3BE1.mut.447_Repair.clean.pdb,163.57500000000073,180.91999999999825,344.494999999999,16683.29,34542.72,51226.0,16642.71,34581.14,51223.84
3BE1.mut.448_Repair.clean.pdb,162.03000000000063,183.19000000000236,345.21999999999747,16663.8,34561.03,51224.83,16642.71,34581.14,51223.84
3BE1.mut.449_Repair.clean.pdb,162.22000000000116,183.40000000000146,345.619999999999,16671.19,34556.67,51227.86,16642.71,34581.14,51223.84
3BE1.mut.450_Repair.clean.pdb,173.3700000000008,168.135000000002,341.5,16669.91,34548.14,51218.06,16642.71,34581.14,51223.84
3BE1.mut.451_Repair.clean.pdb,171.35999999999873,170.02499999999782,341.37499999999636,16672.63,34543.12,51215.76,16642.71,34581.14,51223.84
3BE1.mut.452_Repair.clean.pdb,163.0699999999997,177.49499999999898,340.5649999999987,16681.5,34575.73,51257.23,16642.71,34581.14,51223.84
3BE1.mut.453_Repair.clean.pdb,165.1900000000005,177.2700000000004,342.4600000000028,16667.95,34561.79,51229.74,16642.71,34581.14,51223.84
3BE1.mut.454_Repair.clean.pdb,161.59000000000015,181.4350000000013,343.02999999999884,16686.04,34526.25,51212.29,16642.71,34581.14,51223.84
3BE1.mut.455_Repair.clean.pdb,170.41000000000167,171.29500000000192,341.6949999999997,16670.17,34562.82,51233.0,16642.71,34581.14,51223.84
3BN9.mut.456_Repair.clean.pdb,286.1300000000001,522.8400000000001,808.9799999999997,9669.81,20744.95,30414.75,9630.84,20787.98,30418.82
3BN9.mut.457_Repair.clean.pdb,271.8649999999998,539.3199999999997,811.1850000000012,9661.82,20750.64,30412.46,9630.84,20787.98,30418.82
3BN9.mut.458_Repair.clean.pdb,281.67499999999933,527.7849999999999,809.4549999999998,9658.79,20756.63,30415.43,9630.84,20787.98,30418.82
3BN9.mut.459_Repair.clean.pdb,284.6449999999995,525.8850000000001,810.5300000000008,9650.1,20770.36,30420.46,9630.84,20787.98,30418.82
3BN9.mut.460_Repair.clean.pdb,266.9100000000008,548.6099999999988,815.5150000000012,9662.88,20733.74,30396.62,9630.84,20787.98,30418.82
3BN9.mut.461_Repair.clean.pdb,267.5600000000004,547.6550000000007,815.2150000000001,9622.55,20811.02,30433.58,9630.84,20787.98,30418.82
3BN9.mut.462_Repair.clean.pdb,266.8600000000006,549.7299999999996,816.5949999999992,9637.98,20804.54,30442.52,9630.84,20787.98,30418.82
3BN9.mut.463_Repair.clean.pdb,244.58499999999916,549.7900000000009,794.3700000000008,9631.29,20811.98,30443.27,9630.84,20787.98,30418.82
3BN9.mut.464_Repair.clean.pdb,267.5549999999994,546.2900000000009,813.8450000000012,9653.54,20755.21,30408.75,9630.84,20787.98,30418.82
3BN9.mut.465_Repair.clean.pdb,266.47499999999945,548.1250000000018,814.6000000000003,9631.19,20805.94,30437.13,9630.84,20787.98,30418.82
3BN9.mut.466_Repair.clean.pdb,264.2399999999998,549.4349999999995,813.6750000000011,9631.41,20811.97,30443.39,9630.84,20787.98,30418.82
3BN9.mut.467_Repair.clean.pdb,266.7350000000006,548.3100000000013,815.0450000000002,9650.14,20732.12,30382.26,9630.84,20787.98,30418.82
3BN9.mut.468_Repair.clean.pdb,266.5500000000002,548.1299999999992,814.6800000000003,9630.31,20803.33,30433.64,9630.84,20787.98,30418.82
3BN9.mut.469_Repair.clean.pdb,272.8200000000006,537.8299999999998,810.6499999999997,9656.88,20756.64,30413.52,9630.84,20787.98,30418.82
3BN9.mut.470_Repair.clean.pdb,267.4400000000005,546.960000000001,814.3999999999997,9666.16,20735.14,30401.3,9630.84,20787.98,30418.82
3BN9.mut.471_Repair.clean.pdb,283.0349999999998,517.7700000000004,800.8099999999995,9680.9,20716.45,30397.34,9630.84,20787.98,30418.82
3BN9.mut.472_Repair.clean.pdb,274.49499999999995,536.4050000000007,810.9000000000016,9663.17,20741.45,30404.62,9630.84,20787.98,30418.82
3BN9.mut.473_Repair.clean.pdb,267.1000000000004,547.6149999999999,814.7150000000001,9663.16,20737.19,30400.35,9630.84,20787.98,30418.82
3BN9.mut.474_Repair.clean.pdb,266.5699999999997,548.1000000000004,814.6700000000002,9727.67,20648.12,30375.79,9630.84,20787.98,30418.82
3BN9.mut.475_Repair.clean.pdb,266.96000000000004,548.6699999999984,815.625,9677.3,20691.08,30368.39,9630.84,20787.98,30418.82
3BN9.mut.476_Repair.clean.pdb,299.3599999999997,497.125,796.4849999999988,9695.03,20670.1,30365.13,9630.84,20787.98,30418.82
3BN9.mut.477_Repair.clean.pdb,267.1350000000002,549.625,816.7600000000003,9674.84,20705.78,30380.61,9630.84,20787.98,30418.82
3BN9.mut.478_Repair.clean.pdb,266.5450000000001,548.1000000000004,814.6500000000016,9667.76,20713.59,30381.35,9630.84,20787.98,30418.82
3BN9.mut.479_Repair.clean.pdb,266.8099999999995,547.8299999999998,814.6399999999994,9704.95,20696.27,30401.22,9630.84,20787.98,30418.82
3BN9.mut.480_Repair.clean.pdb,279.3050000000003,532.8199999999997,812.1149999999997,9654.0,20759.46,30413.47,9630.84,20787.98,30418.82
3BN9.mut.481_Repair.clean.pdb,275.6750000000002,534.7600000000001,810.4400000000005,9671.99,20745.05,30417.04,9630.84,20787.98,30418.82
3BN9.mut.482_Repair.clean.pdb,266.915,549.2700000000004,816.1849999999995,9657.65,20764.37,30422.02,9630.84,20787.98,30418.82
3BN9.mut.483_Repair.clean.pdb,256.89999999999964,560.3450000000012,817.2450000000008,9569.23,20884.6,30453.84,9630.84,20787.98,30418.82
3BN9.mut.484_Repair.clean.pdb,292.1400000000003,515.8099999999995,807.9499999999989,9690.17,20699.31,30389.48,9630.84,20787.98,30418.82
3BN9.mut.485_Repair.clean.pdb,272.75,540.8649999999999,813.6099999999988,9648.75,20775.62,30424.38,9630.84,20787.98,30418.82
3BN9.mut.486_Repair.clean.pdb,267.1800000000003,552.8950000000004,820.0749999999989,9627.55,20793.96,30421.51,9630.84,20787.98,30418.82
3BN9.mut.487_Repair.clean.pdb,266.3150000000005,553.7250000000004,820.0399999999989,9612.63,20829.99,30442.62,9630.84,20787.98,30418.82
3BN9.mut.488_Repair.clean.pdb,266.1850000000004,547.9099999999999,814.1000000000003,9627.51,20807.18,30434.69,9630.84,20787.98,30418.82
3BN9.mut.489_Repair.clean.pdb,265.8000000000002,547.085000000001,812.8850000000003,9623.17,20829.42,30452.59,9630.84,20787.98,30418.82
3BN9.mut.490_Repair.clean.pdb,267.5199999999995,539.2349999999988,806.7500000000017,9638.95,20766.06,30405.01,9630.84,20787.98,30418.82
3HFM.mut.491_Repair.clean.pdb,83.13999999999987,386.1100000000006,469.24500000000086,6999.39,20066.91,27066.31,6993.79,20082.62,27076.41
3HFM.mut.492_Repair.clean.pdb,83.12499999999955,385.77000000000055,468.8949999999986,6993.13,20043.43,27036.56,6993.79,20082.62,27076.41
3HFM.mut.493_Repair.clean.pdb,92.24499999999986,371.5249999999997,463.76500000000124,7018.17,20056.7,27074.88,6993.79,20082.62,27076.41
3HFM.mut.494_Repair.clean.pdb,83.07999999999947,385.6950000000015,468.7750000000015,6993.72,20084.17,27077.89,6993.79,20082.62,27076.41
3HFM.mut.495_Repair.clean.pdb,97.42999999999985,377.9400000000005,475.36499999999984,7026.63,20054.68,27081.31,6993.79,20082.62,27076.41
3HFM.mut.496_Repair.clean.pdb,85.32000000000015,381.5249999999997,466.8449999999994,7010.96,20072.84,27083.8,6993.79,20082.62,27076.41
3HFM.mut.497_Repair.clean.pdb,83.78500000000031,386.07999999999987,469.86499999999984,7013.45,20070.82,27084.27,6993.79,20082.62,27076.41
3HFM.mut.498_Repair.clean.pdb,91.19499999999971,373.9099999999999,465.10000000000036,7012.92,20064.13,27077.05,6993.79,20082.62,27076.41
3HFM.mut.499_Repair.clean.pdb,83.15000000000009,385.6599999999999,468.81500000000227,6993.78,20082.25,27076.03,6993.79,20082.62,27076.41
3HFM.mut.500_Repair.clean.pdb,83.19500000000015,388.5599999999995,471.755000000001,6993.7,20094.05,27087.75,6993.79,20082.62,27076.41
3HFM.mut.501_Repair.clean.pdb,86.65000000000009,379.9349999999995,466.58000000000175,7008.71,20069.64,27078.35,6993.79,20082.62,27076.41
3HFM.mut.502_Repair.clean.pdb,84.49499999999989,382.42500000000115,466.9200000000019,7037.23,20017.62,27054.85,6993.79,20082.62,27076.41
3HFM.mut.503_Repair.clean.pdb,85.89000000000033,377.9599999999992,463.8449999999994,7019.09,20061.91,27081.01,6993.79,20082.62,27076.41
3HFM.mut.504_Repair.clean.pdb,88.54499999999962,379.5249999999997,468.0700000000015,7016.46,20037.45,27053.91,6993.79,20082.62,27076.41
3HFM.mut.505_Repair.clean.pdb,87.42000000000006,378.744999999999,466.16499999999917,7015.85,20042.91,27058.76,6993.79,20082.62,27076.41
3HFM.mut.506_Repair.clean.pdb,83.58499999999958,386.0849999999992,469.6650000000008,7021.22,20057.49,27078.72,6993.79,20082.62,27076.41
3HFM.mut.507_Repair.clean.pdb,83.59500000000025,385.4099999999999,469.00499999999914,7016.91,20036.22,27053.13,6993.79,20082.62,27076.41
3HFM.mut.508_Repair.clean.pdb,86.5,380.8199999999997,467.3150000000005,7026.21,20006.46,27032.67,6993.79,20082.62,27076.41
3HFM.mut.509_Repair.clean.pdb,89.46500000000015,376.77999999999884,466.23999999999984,7026.6,20003.83,27030.43,6993.79,20082.62,27076.41
3HFM.mut.510_Repair.clean.pdb,92.28000000000021,376.7200000000012,468.99500000000086,7031.13,19986.42,27017.55,6993.79,20082.62,27076.41
3HFM.mut.511_Repair.clean.pdb,100.85000000000036,354.21500000000015,455.0599999999995,7040.42,20004.36,27044.78,6993.79,20082.62,27076.41
3HFM.mut.512_Repair.clean.pdb,90.67000000000051,374.1599999999999,464.8199999999997,7013.95,20074.31,27088.27,6993.79,20082.62,27076.41
3K2M.mut.513_Repair.clean.pdb,137.25499999999985,177.2649999999994,314.5199999999995,3388.26,7543.1,10931.36,3353.99,7599.26,10953.24
3K2M.mut.514_Repair.clean.pdb,126.44000000000004,187.02500000000006,313.4600000000001,3355.37,7616.9,10972.28,3353.99,7599.26,10953.24
3K2M.mut.515_Repair.clean.pdb,135.7449999999999,176.30499999999984,312.0549999999994,3379.8,7564.88,10944.67,3353.99,7599.26,10953.24
3K2M.mut.516_Repair.clean.pdb,136.05500000000006,179.42999999999984,315.4849999999997,3392.85,7602.17,10995.02,3353.99,7599.26,10953.24
3K2M.mut.517_Repair.clean.pdb,134.98999999999978,181.18999999999957,316.1850000000004,3386.28,7567.31,10953.58,3353.99,7599.26,10953.24
3K2M.mut.518_Repair.clean.pdb,134.83499999999978,181.40499999999975,316.2399999999998,3376.65,7583.52,10960.17,3353.99,7599.26,10953.24
3K2M.mut.519_Repair.clean.pdb,157.46000000000004,147.94999999999982,305.39999999999964,3394.21,7555.46,10949.68,3353.99,7599.26,10953.24
3NGB.mut.520_Repair.clean.pdb,293.0699999999997,392.614999999998,685.6749999999993,11814.39,28118.29,39932.68,11815.49,28115.66,39931.15
3NGB.mut.521_Repair.clean.pdb,274.86999999999995,421.22499999999854,696.0950000000012,11796.83,28129.9,39926.72,11815.49,28115.66,39931.15
3NGB.mut.522_Repair.clean.pdb,293.7800000000006,394.27000000000055,688.0400000000009,11786.96,28175.0,39961.96,11815.49,28115.66,39931.15
3NGB.mut.523_Repair.clean.pdb,295.7750000000005,391.92500000000115,687.6949999999997,11812.88,28084.87,39897.75,11815.49,28115.66,39931.15
3NGB.mut.524_Repair.clean.pdb,282.9699999999993,405.380000000001,688.3550000000032,11752.11,28245.57,39997.67,11815.49,28115.66,39931.15
3NGB.mut.525_Repair.clean.pdb,299.3000000000002,383.7649999999994,683.0650000000022,11824.32,28089.88,39914.2,11815.49,28115.66,39931.15
3NGB.mut.526_Repair.clean.pdb,296.915,385.42499999999933,682.3349999999991,11824.73,28095.35,39920.08,11815.49,28115.66,39931.15
3NGB.mut.527_Repair.clean.pdb,296.3800000000001,392.97499999999854,689.3500000000023,11812.12,28107.4,39919.52,11815.49,28115.66,39931.15
3NGB.mut.528_Repair.clean.pdb,285.2900000000009,404.82499999999885,690.1100000000006,11799.05,28142.59,39941.64,11815.49,28115.66,39931.15
3NGB.mut.529_Repair.clean.pdb,292.07999999999987,397.4150000000008,689.489999999998,11779.52,28166.14,39945.66,11815.49,28115.66,39931.15
3NGB.mut.530_Repair.clean.pdb,294.665,385.6050000000014,680.2700000000004,11825.01,28091.37,39916.37,11815.49,28115.66,39931.15
3NPS.mut.531_Repair.clean.pdb,180.96000000000004,394.64999999999776,575.6149999999998,9410.42,21084.08,30494.49,9369.87,21131.93,30501.8
3NPS.mut.532_Repair.clean.pdb,164.8500000000004,415.3050000000003,580.1500000000016,9410.72,21077.96,30488.69,9369.87,21131.93,30501.8
3NPS.mut.533_Repair.clean.pdb,169.6850000000004,406.4449999999997,576.1299999999992,9418.69,21072.83,30491.52,9369.87,21131.93,30501.8
3NPS.mut.534_Repair.clean.pdb,176.08500000000004,400.90500000000077,576.9950000000008,9405.2,21089.94,30495.14,9369.87,21131.93,30501.8
3NPS.mut.535_Repair.clean.pdb,164.5650000000005,414.8849999999984,579.4500000000007,9400.52,21081.08,30481.6,9369.87,21131.93,30501.8
3NPS.mut.536_Repair.clean.pdb,164.5599999999995,414.1900000000005,578.7500000000017,9366.02,21155.67,30521.69,9369.87,21131.93,30501.8
3NPS.mut.537_Repair.clean.pdb,165.90499999999975,415.2649999999994,581.1650000000009,9375.1,21151.06,30526.17,9369.87,21131.93,30501.8
3NPS.mut.538_Repair.clean.pdb,147.4549999999999,415.3600000000006,562.8150000000023,9361.98,21158.8,30520.78,9369.87,21131.93,30501.8
3NPS.mut.539_Repair.clean.pdb,165.82499999999982,413.42000000000013,579.25,9392.76,21097.34,30490.09,9369.87,21131.93,30501.8
3NPS.mut.540_Repair.clean.pdb,164.3699999999999,414.89500000000055,579.260000000002,9370.65,21150.3,30520.96,9369.87,21131.93,30501.8
3NPS.mut.541_Repair.clean.pdb,164.23999999999978,414.85000000000036,579.0900000000001,9366.44,21157.91,30524.35,9369.87,21131.93,30501.8
3NPS.mut.542_Repair.clean.pdb,164.74500000000083,414.7299999999996,579.4750000000004,9389.23,21075.21,30464.44,9369.87,21131.93,30501.8
3NPS.mut.543_Repair.clean.pdb,164.5550000000003,415.0249999999997,579.5799999999998,9367.99,21146.13,30514.12,9369.87,21131.93,30501.8
3NPS.mut.544_Repair.clean.pdb,165.1150000000007,414.03000000000077,579.1450000000004,9407.24,21081.23,30488.47,9369.87,21131.93,30501.8
3NPS.mut.545_Repair.clean.pdb,166.6000000000004,412.07500000000067,578.6749999999993,9402.49,21077.8,30480.29,9369.87,21131.93,30501.8
3NPS.mut.546_Repair.clean.pdb,165.44999999999982,411.6599999999999,577.1050000000014,9449.45,21007.82,30457.27,9369.87,21131.93,30501.8
3NPS.mut.547_Repair.clean.pdb,165.9900000000007,412.7199999999994,578.710000000001,9415.89,21065.27,30481.16,9369.87,21131.93,30501.8
3NPS.mut.548_Repair.clean.pdb,164.97000000000025,414.27999999999884,579.25,9402.59,21081.11,30483.7,9369.87,21131.93,30501.8
3NPS.mut.549_Repair.clean.pdb,166.83500000000004,409.3150000000005,576.1499999999996,9460.26,21002.46,30462.72,9369.87,21131.93,30501.8
3NPS.mut.550_Repair.clean.pdb,164.78499999999985,415.2749999999997,580.0650000000005,9415.76,21032.68,30448.44,9369.87,21131.93,30501.8
3NPS.mut.551_Repair.clean.pdb,182.0650000000005,379.8199999999997,561.8899999999994,9463.32,20980.83,30444.15,9369.87,21131.93,30501.8
3NPS.mut.552_Repair.clean.pdb,165.40999999999985,415.630000000001,581.0400000000009,9412.19,21054.6,30466.79,9369.87,21131.93,30501.8
3NPS.mut.553_Repair.clean.pdb,164.5600000000004,414.84000000000015,579.3999999999996,9406.76,21054.57,30461.33,9369.87,21131.93,30501.8
3NPS.mut.554_Repair.clean.pdb,173.33500000000004,404.4549999999981,577.789999999999,9413.52,21077.72,30491.24,9369.87,21131.93,30501.8
3NPS.mut.555_Repair.clean.pdb,171.1400000000003,406.67499999999933,577.8150000000005,9401.25,21094.02,30495.27,9369.87,21131.93,30501.8
3NPS.mut.556_Repair.clean.pdb,179.43500000000043,398.27999999999884,577.7150000000001,9401.31,21099.75,30501.06,9369.87,21131.93,30501.8
3NPS.mut.557_Repair.clean.pdb,164.80000000000018,415.4349999999995,580.2450000000008,9397.06,21107.68,30504.73,9369.87,21131.93,30501.8
HM_1KTZ.mut.558_Repair.clean.pdb,130.58500000000004,251.21000000000004,381.79999999999933,3154.35,7909.27,11063.61,3121.97,7948.38,11070.36
HM_1KTZ.mut.559_Repair.clean.pdb,130.17000000000007,251.11999999999992,381.29,3169.81,7885.18,11054.99,3121.97,7948.38,11070.36
HM_1KTZ.mut.560_Repair.clean.pdb,127.45500000000015,255.0350000000008,382.4900000000007,3121.18,7948.65,11069.83,3121.97,7948.38,11070.36
HM_1KTZ.mut.561_Repair.clean.pdb,129.71499999999992,252.67499999999973,382.39500000000055,3147.53,7911.11,11058.63,3121.97,7948.38,11070.36
HM_1KTZ.mut.562_Repair.clean.pdb,127.48000000000002,255.74000000000026,383.21,3121.71,7946.37,11068.09,3121.97,7948.38,11070.36
HM_1KTZ.mut.563_Repair.clean.pdb,144.03999999999996,233.1800000000003,377.21500000000015,3172.52,7867.41,11039.93,3121.97,7948.38,11070.36
HM_1KTZ.mut.564_Repair.clean.pdb,127.53499999999985,255.5150000000008,383.04500000000013,3142.46,7914.53,11056.99,3121.97,7948.38,11070.36
HM_1KTZ.mut.565_Repair.clean.pdb,127.48000000000002,255.39000000000038,382.86999999999983,3123.8,7979.42,11103.22,3121.97,7948.38,11070.36
HM_1KTZ.mut.566_Repair.clean.pdb,125.35500000000002,254.57000000000062,379.9299999999994,3125.66,7977.76,11103.42,3121.97,7948.38,11070.36
HM_1KTZ.mut.567_Repair.clean.pdb,128.07000000000016,254.4050000000006,382.47499999999945,3153.87,7905.91,11059.79,3121.97,7948.38,11070.36
HM_1KTZ.mut.568_Repair.clean.pdb,127.48000000000002,255.38999999999987,382.875,3130.29,7968.86,11099.14,3121.97,7948.38,11070.36
HM_1KTZ.mut.569_Repair.clean.pdb,121.81999999999994,255.51500000000038,377.335,3122.51,7978.15,11100.66,3121.97,7948.38,11070.36
HM_1KTZ.mut.570_Repair.clean.pdb,121.06000000000016,254.08999999999924,375.1499999999997,3128.02,7966.35,11094.37,3121.97,7948.38,11070.36
HM_1KTZ.mut.571_Repair.clean.pdb,126.06500000000004,255.08500000000004,381.15000000000055,3122.38,7969.92,11092.3,3121.97,7948.38,11070.36
HM_1KTZ.mut.572_Repair.clean.pdb,127.49,255.39500000000092,382.88000000000017,3124.48,7963.86,11088.35,3121.97,7948.38,11070.36
HM_1KTZ.mut.573_Repair.clean.pdb,127.71499999999992,255.4849999999997,383.1999999999999,3195.68,7855.67,11051.35,3121.97,7948.38,11070.36
HM_1KTZ.mut.574_Repair.clean.pdb,134.64499999999978,247.1600000000008,381.8050000000003,3191.07,7878.9,11069.97,3121.97,7948.38,11070.36
HM_1KTZ.mut.575_Repair.clean.pdb,141.26,241.88999999999942,383.1499999999997,3132.23,7942.25,11074.48,3121.97,7948.38,11070.36
HM_1KTZ.mut.576_Repair.clean.pdb,145.62000000000015,244.6600000000008,390.28000000000077,3126.2,7921.9,11048.09,3121.97,7948.38,11070.36
HM_1KTZ.mut.577_Repair.clean.pdb,138.58500000000004,241.35000000000042,379.9350000000004,3135.88,7933.77,11069.65,3121.97,7948.38,11070.36
HM_1KTZ.mut.578_Repair.clean.pdb,127.64499999999998,255.52500000000006,383.17000000000013,3122.88,7956.3,11079.18,3121.97,7948.38,11070.36
HM_1KTZ.mut.579_Repair.clean.pdb,127.5,255.69500000000016,383.1949999999997,3120.95,7956.28,11077.23,3121.97,7948.38,11070.36
HM_1YY9.mut.580_Repair.clean.pdb,122.52500000000056,392.8200000000006,515.3500000000004,5953.9,14489.63,20443.53,5996.24,14490.55,20486.79
HM_1YY9.mut.581_Repair.clean.pdb,122.01499999999987,393.21,515.2250000000004,5980.79,14498.47,20479.26,5996.24,14490.55,20486.79
HM_1YY9.mut.582_Repair.clean.pdb,123.33500000000004,396.7649999999994,520.0999999999984,6000.18,14512.18,20512.36,5996.24,14490.55,20486.79
HM_1YY9.mut.583_Repair.clean.pdb,122.53999999999996,395.0749999999999,517.6149999999999,6003.77,14473.63,20477.4,5996.24,14490.55,20486.79
HM_1YY9.mut.584_Repair.clean.pdb,122.66999999999962,395.6949999999997,518.3649999999999,5990.06,14499.12,20489.18,5996.24,14490.55,20486.79
HM_1YY9.mut.585_Repair.clean.pdb,124.04500000000007,392.6499999999997,516.6949999999997,6018.13,14459.93,20478.06,5996.24,14490.55,20486.79
HM_1YY9.mut.586_Repair.clean.pdb,127.00499999999964,389.0400000000008,516.0450000000002,6029.31,14441.05,20470.37,5996.24,14490.55,20486.79
HM_1YY9.mut.587_Repair.clean.pdb,122.375,394.0550000000003,516.4300000000003,5990.93,14483.89,20474.82,5996.24,14490.55,20486.79
HM_1YY9.mut.588_Repair.clean.pdb,122.08000000000038,394.89500000000055,516.9700000000012,5976.79,14521.89,20498.69,5996.24,14490.55,20486.79
HM_1YY9.mut.589_Repair.clean.pdb,122.18000000000029,394.09500000000025,516.2749999999996,5994.76,14514.83,20509.59,5996.24,14490.55,20486.79
HM_1YY9.mut.590_Repair.clean.pdb,122.4250000000002,393.9300000000003,516.3550000000014,5997.71,14478.52,20476.23,5996.24,14490.55,20486.79
HM_1YY9.mut.591_Repair.clean.pdb,121.01499999999987,397.5349999999999,518.5449999999984,5955.89,14543.75,20499.65,5996.24,14490.55,20486.79
HM_1YY9.mut.592_Repair.clean.pdb,122.52499999999964,394.46,516.9849999999988,5995.18,14479.34,20474.52,5996.24,14490.55,20486.79
HM_1YY9.mut.593_Repair.clean.pdb,122.59499999999979,396.26000000000016,518.8500000000004,6001.8,14489.96,20491.76,5996.24,14490.55,20486.79
HM_1YY9.mut.594_Repair.clean.pdb,122.5500000000002,394.00500000000017,516.5450000000019,5994.79,14489.8,20484.6,5996.24,14490.55,20486.79
HM_1YY9.mut.595_Repair.clean.pdb,122.56500000000004,394.6099999999997,517.1750000000011,5996.92,14483.43,20480.35,5996.24,14490.55,20486.79
HM_2NYY.mut.596_Repair.clean.pdb,129.42499999999927,449.71500000000015,579.1399999999994,25196.86,60371.73,85568.59,25170.36,60397.31,85567.68
HM_2NYY.mut.597_Repair.clean.pdb,124.76499999999943,454.35000000000224,579.114999999998,25230.31,60318.29,85548.6,25170.36,60397.31,85567.68
HM_2NYY.mut.598_Repair.clean.pdb,137.0549999999985,434.1949999999997,571.25,25195.34,60357.58,85552.92,25170.36,60397.31,85567.68
HM_2NYY.mut.599_Repair.clean.pdb,120.33500000000096,458.7400000000016,579.0749999999971,25174.26,60428.24,85602.5,25170.36,60397.31,85567.68
HM_2NYY.mut.600_Repair.clean.pdb,122.68000000000029,458.2100000000028,580.8899999999994,25173.8,60415.27,85589.07,25170.36,60397.31,85567.68
HM_2NYY.mut.601_Repair.clean.pdb,122.72499999999854,457.2950000000019,580.0200000000041,25186.93,60345.13,85532.06,25170.36,60397.31,85567.68
HM_2NYY.mut.602_Repair.clean.pdb,127.93000000000029,450.0550000000003,577.9850000000006,25210.19,60306.61,85516.8,25170.36,60397.31,85567.68
HM_2NYY.mut.603_Repair.clean.pdb,118.26499999999943,456.244999999999,574.5149999999994,25171.69,60423.99,85595.68,25170.36,60397.31,85567.68
HM_2NYY.mut.604_Repair.clean.pdb,125.494999999999,453.6200000000026,579.1150000000052,25187.43,60380.83,85568.26,25170.36,60397.31,85567.68
HM_2NYY.mut.605_Repair.clean.pdb,123.92000000000007,456.80999999999773,580.7249999999984,25197.94,60369.22,85567.16,25170.36,60397.31,85567.68
HM_2NYY.mut.606_Repair.clean.pdb,111.6299999999992,456.4900000000016,568.125,25168.24,60418.1,85586.34,25170.36,60397.31,85567.68
HM_2NYY.mut.607_Repair.clean.pdb,129.8249999999989,440.21500000000015,570.0399999999936,25208.09,60335.12,85543.21,25170.36,60397.31,85567.68
HM_2NYY.mut.608_Repair.clean.pdb,141.29499999999825,424.5799999999981,565.8699999999952,25209.11,60337.77,85546.88,25170.36,60397.31,85567.68
HM_2NYY.mut.609_Repair.clean.pdb,124.90500000000065,452.0849999999992,576.9950000000026,25212.55,60316.58,85529.12,25170.36,60397.31,85567.68
HM_2NYY.mut.610_Repair.clean.pdb,131.64999999999964,446.5849999999992,578.239999999998,25192.94,60378.59,85571.53,25170.36,60397.31,85567.68
HM_2NYY.mut.611_Repair.clean.pdb,122.73500000000057,457.430000000004,580.1650000000009,25184.46,60381.74,85566.2,25170.36,60397.31,85567.68
HM_2NYY.mut.612_Repair.clean.pdb,122.58000000000177,458.19500000000335,580.7750000000016,25161.69,60381.07,85542.76,25170.36,60397.31,85567.68
HM_2NYY.mut.613_Repair.clean.pdb,122.70000000000073,457.60000000000224,580.3000000000029,25156.71,60431.07,85587.78,25170.36,60397.31,85567.68
HM_2NYY.mut.614_Repair.clean.pdb,122.60000000000036,454.21500000000015,576.8199999999998,25172.38,60398.82,85571.2,25170.36,60397.31,85567.68
HM_2NYY.mut.615_Repair.clean.pdb,122.62500000000182,456.4900000000016,579.114999999998,25171.78,60411.64,85583.42,25170.36,60397.31,85567.68
HM_2NYY.mut.616_Repair.clean.pdb,122.3700000000008,455.7400000000016,578.1100000000006,25171.6,60410.62,85582.22,25170.36,60397.31,85567.68
HM_2NYY.mut.617_Repair.clean.pdb,122.505000000001,459.4599999999992,581.9599999999991,25166.76,60397.72,85564.48,25170.36,60397.31,85567.68
HM_2NYY.mut.618_Repair.clean.pdb,120.19000000000051,462.1750000000029,582.3649999999908,25166.83,60415.74,85582.57,25170.36,60397.31,85567.68
HM_2NYY.mut.619_Repair.clean.pdb,123.0100000000002,461.31500000000227,584.3299999999945,25167.24,60417.64,85584.88,25170.36,60397.31,85567.68
HM_2NYY.mut.620_Repair.clean.pdb,123.1200000000008,463.47499999999854,586.5949999999939,25169.25,60401.08,85570.33,25170.36,60397.31,85567.68
HM_2NZ9.mut.621_Repair.clean.pdb,128.6299999999992,456.5050000000047,585.135000000002,25148.22,60392.7,85540.92,25122.91,60417.42,85540.33
HM_2NZ9.mut.622_Repair.clean.pdb,125.18999999999869,458.9000000000015,584.0950000000012,25180.83,60342.08,85522.9,25122.91,60417.42,85540.33
HM_2NZ9.mut.623_Repair.clean.pdb,135.58000000000177,440.03999999999724,575.614999999998,25146.01,60380.29,85526.3,25122.91,60417.42,85540.33
HM_2NZ9.mut.624_Repair.clean.pdb,120.32999999999993,465.1999999999971,585.5299999999988,25127.43,60448.19,85575.62,25122.91,60417.42,85540.33
HM_2NZ9.mut.625_Repair.clean.pdb,122.19999999999891,464.7100000000028,586.9049999999988,25126.29,60435.6,85561.9,25122.91,60417.42,85540.33
HM_2NZ9.mut.626_Repair.clean.pdb,122.2450000000008,463.7300000000032,585.9800000000033,25139.73,60365.5,85505.23,25122.91,60417.42,85540.33
HM_2NZ9.mut.627_Repair.clean.pdb,127.78499999999985,454.2900000000008,582.0800000000017,25162.41,60327.8,85490.2,25122.91,60417.42,85540.33
HM_2NZ9.mut.628_Repair.clean.pdb,118.65499999999884,463.2249999999949,581.8799999999974,25124.4,60443.48,85567.89,25122.91,60417.42,85540.33
HM_2NZ9.mut.629_Repair.clean.pdb,125.125,460.239999999998,585.3650000000052,25139.79,60401.83,85541.62,25122.91,60417.42,85540.33
HM_2NZ9.mut.630_Repair.clean.pdb,123.39500000000044,463.25000000000364,586.6399999999994,25150.12,60389.49,85539.61,25122.91,60417.42,85540.33
HM_2NZ9.mut.631_Repair.clean.pdb,110.71500000000015,462.9599999999992,573.6800000000077,25121.57,60437.8,85559.37,25122.91,60417.42,85540.33
HM_2NZ9.mut.632_Repair.clean.pdb,129.65500000000065,447.0149999999994,576.6699999999983,25160.03,60356.84,85516.87,25122.91,60417.42,85540.33
HM_2NZ9.mut.633_Repair.clean.pdb,142.0650000000005,430.1399999999994,572.2100000000064,25160.14,60358.17,85518.31,25122.91,60417.42,85540.33
HM_2NZ9.mut.634_Repair.clean.pdb,124.78999999999904,457.80999999999773,582.5999999999984,25164.54,60334.66,85499.2,25122.91,60417.42,85540.33
HM_2NZ9.mut.635_Repair.clean.pdb,131.0,453.8600000000006,584.8650000000052,25144.65,60399.66,85544.31,25122.91,60417.42,85540.33
HM_2NZ9.mut.636_Repair.clean.pdb,122.27499999999964,463.90499999999884,586.1750000000029,25136.66,60401.31,85537.97,25122.91,60417.42,85540.33
HM_3BN9.mut.637_Repair.clean.pdb,238.5049999999992,576.1050000000014,814.6149999999997,9299.95,21402.42,30702.37,9361.91,21305.33,30667.24
HM_3BN9.mut.638_Repair.clean.pdb,273.5649999999996,532.5249999999996,806.0900000000001,9421.37,21215.35,30636.72,9361.91,21305.33,30667.24
HM_3BN9.mut.639_Repair.clean.pdb,254.15999999999985,556.8149999999987,810.9799999999997,9379.82,21293.08,30672.9,9361.91,21305.33,30667.24
HM_3BN9.mut.640_Repair.clean.pdb,248.20499999999996,569.2299999999996,817.4399999999988,9359.39,21310.65,30670.04,9361.91,21305.33,30667.24
HM_3BN9.mut.641_Repair.clean.pdb,247.48000000000044,569.9449999999998,817.4300000000003,9343.92,21345.99,30689.91,9361.91,21305.33,30667.24
HM_3BN9.mut.642_Repair.clean.pdb,247.61499999999972,563.875,811.4950000000008,9358.69,21324.77,30683.46,9361.91,21305.33,30667.24
HM_3BN9.mut.643_Repair.clean.pdb,247.1900000000005,562.9050000000007,810.1000000000003,9354.34,21347.25,30701.59,9361.91,21305.33,30667.24
HM_3BN9.mut.644_Repair.clean.pdb,249.04500000000007,555.244999999999,804.2999999999993,9370.11,21284.63,30654.74,9361.91,21305.33,30667.24
